Image,Name,Rarity,Occupation,Species,Color,Box
1,ZEI-6-MM2455,Legendary,Sage,Monkey Charlie,Black,Gold
2,ZEI-6-MM1849,Legendary,Sage,Rabbit Tracy,Black,Gold
3,ZEI-6-MM2698,Legendary,Sage,Monkey Blake,Brown,Gold
4,ZEI-6-MM8347,Legendary,Sage,Cat Jamie,Black,Gold
5,ZEI-6-MM2767,Legendary,Sage,Owl Aubrey,White,Gold
6,ZEI-6-MM5023,Legendary,Sage,Dog Drew,Black,Gold
7,ZEI-6-MM1710,Legendary,Sage,Cat Casey,Black,Gold
8,ZEI-6-MM3439,Legendary,Sage,Monkey Charlie,Brown,Gold
9,ZEI-6-MM4247,Legendary,Sage,Rabbit Peyton,Black,Gold
10,ZEI-6-MM9585,Legendary,Sage,Monkey Frankie,Black,Gold
11,ZEI-6-MM2511,Legendary,Sage,Rabbit Kyle,Black,Gold
12,ZEI-6-MM1491,Legendary,Sage,Monkey Hayden,Brown,Gold
13,ZEI-6-MM7615,Legendary,Sage,Mouse Kerry,Black,Gold
14,ZEI-6-MM6880,Legendary,Sage,Cat Ellis,Black,Gold
15,ZEI-6-MM4499,Legendary,Sage,Cat Ellis,White,Gold
16,ZEI-6-MM6305,Legendary,Sage,Rabbit Peyton,White,Gold
17,ZEI-6-MM6311,Legendary,Sage,Owl Taylor,Black,Gold
18,ZEI-6-MM6694,Legendary,Sage,Mouse Rory,Black,Gold
19,ZEI-6-MM1500,Legendary,Sage,Monkey Parker,Black,Gold
20,ZEI-6-MM4736,Legendary,Sage,Owl Aubrey,Black,Gold
21,ZEI-6-MM9126,Legendary,Sage,Cat Skyler,White,Gold
22,ZEI-6-MM3220,Legendary,Sage,Mouse Mackenzie,White,Gold
23,ZEI-6-MM3895,Legendary,Sage,Monkey Dakota,White,Gold
24,ZEI-6-MM2285,Legendary,Sage,Cat Jamie,White,Gold
25,ZEI-6-MM6032,Legendary,Sage,Cat Dylan,White,Gold
26,ZEI-6-MM5949,Legendary,Sage,Owl Taylor Brown,Brown,Gold
27,ZEI-6-MM6009,Legendary,Sage,Mouse Rory,White,Gold
28,ZEI-6-MM3562,Legendary,Sage,Mouse Avery,White,Gold
29,ZEI-6-MM5904,Legendary,Sage,Bear Riley,brown,Gold
30,ZEI-6-MM3197,Legendary,Sage,Dog Bailey,White,Gold
31,ZEI-6-MM6425,Legendary,Sage,Bear Dana,Black,Gold
32,ZEI-6-MM5771,Legendary,Sage,Rabbit Tracy,White,Gold
33,ZEI-6-MM6896,Epic,Warrior,Monkey Blake,Black,Gold
34,ZEI-6-MM9435,Epic,Warrior,Dog Pat,Black,Gold
35,ZEI-6-MM1975,Epic,Warrior,Rabbit Peyton,Black,Gold
36,ZEI-6-MM3728,Epic,Warrior,Rabbit Logan,White,Gold
37,ZEI-6-MM6356,Epic,Warrior,Dog Cameron,White,Gold
38,ZEI-6-MM1978,Epic,Warrior,Cat Rowan,White,Gold
39,ZEI-6-MM5322,Epic,Warrior,Rabbit Ashton,White,Gold
40,ZEI-6-MM2799,Epic,Future Warrior,Rabbit Tracy,White,Gold
41,ZEI-6-MM6890,Epic,Future Warrior,Mouse Rory,Black,Gold
42,ZEI-6-MM3059,Epic,Future Warrior,Monkey Hayden,Black,Gold
43,ZEI-6-MM8059,Epic,Future Warrior,Rabbit Kyle,Black,Gold
44,ZEI-6-MM3484,Epic,Future Warrior,Rabbit Logan,White,Gold
45,ZEI-6-MM5295,Epic,Future Warrior,Cat Harper,White,Gold
46,ZEI-6-MM8862,Epic,Future Warrior,Monkey Charlie,Brown,Gold
47,ZEI-6-MM4008,Epic,Future Warrior,Monkey Frankie,White,Gold
48,ZEI-6-MM9316,Epic,Future Warrior,Owl Devin,White,Gold
49,ZEI-6-MM5983,Epic,Future Warrior,Rabbit Jesse,White,Gold
50,ZEI-6-MM8649,Epic,Future Warrior,Owl Taylor Brown,Brown,Gold
51,ZEI-6-MM1040,Epic,Future Warrior,Dog Noel,White,Gold
52,ZEI-6-MM5053,Epic,Future Warrior,Dog Hunter,Black,Gold
53,ZEI-6-MM5371,Epic,Mighty Warrior,Rabbit Ashton,Black,Gold
54,ZEI-6-MM3252,Epic,Mighty Warrior,Cat Adrian,White,Gold
55,ZEI-6-MM7199,Epic,Mighty Warrior,Rabbit Finley,White,Gold
56,ZEI-6-MM5671,Epic,Mighty Warrior,Mouse Avery,Black,Gold
57,ZEI-6-MM3177,Epic,Mighty Warrior,Dog Kai,Black,Gold
58,ZEI-6-MM7082,Epic,Mighty Warrior,Cat Ellis,White,Gold
59,ZEI-6-MM3757,Epic,Mighty Warrior,Cat Jamie,White,Gold
60,ZEI-6-MM8576,Epic,Ronin,Rabbit Logan,Black,Gold
61,ZEI-6-MM5515,Epic,Ronin,Dog Hunter,White,Gold
62,ZEI-6-MM1594,Epic,Ronin,Cat Adrian,White,Gold
63,ZEI-6-MM9591,Epic,Ronin,Dog Emerson,Black,Gold
64,ZEI-6-MM4624,Epic,Ronin,Monkey Dakota,White,Gold
65,ZEI-6-MM2994,Epic,Ronin,Rabbit Peyton,White,Gold
66,ZEI-6-MM3237,Epic,Ronin,Cat Lane,Black,Gold
67,ZEI-6-MM9208,Epic,Ronin,Cat Jamie,White,Gold
68,ZEI-6-MM1490,Epic,Ronin,Monkey Charlie,Black,Gold
69,ZEI-6-MM7545,Epic,Ronin,Mouse Rory,White,Gold
70,ZEI-6-MM4148,Epic,Ronin,Monkey Ripley,Brown,Gold
71,ZEI-6-MM2014,Epic,Ronin,Dog Noel,Black,Gold
72,ZEI-6-MM6304,Epic,Swordsman,Cat Dylan,Black,Gold
73,ZEI-6-MM2894,Epic,Swordsman,Dog Drew,White,Gold
74,ZEI-6-MM9352,Epic,Swordsman,Monkey Charlie,Black,Gold
75,ZEI-6-MM4378,Epic,Swordsman,Mouse Spencer,Black,Gold
76,ZEI-6-MM8082,Epic,Swordsman,Monkey Dakota,White,Gold
77,ZEI-6-MM1882,Epic,Swordsman,Dog Cameron,Black,Gold
78,ZEI-6-MM1115,Epic,Swordsman,Monkey Hayden,Brown,Gold
79,ZEI-6-MM5133,Epic,Swordsman,Mouse Rory,White,Gold
80,ZEI-6-MM3133,Epic,Ninja,Mouse Rory,White,Gold
81,ZEI-6-MM8185,Epic,Ninja,Cat Lane,Black,Gold
82,ZEI-6-MM7404,Epic,Ninja,Cat Rowan,Black,Gold
83,ZEI-6-MM4271,Epic,Ninja,Monkey Ripley,Brown,Gold
84,ZEI-6-MM4670,Epic,Ninja,Cat Jamie,White,Gold
85,ZEI-6-MM3391,Epic,Ninja,Cat Marley,White,Gold
86,ZEI-6-MM9900,Epic,Ninja,Cat Casey,White,Gold
87,ZEI-6-MM5139,Epic,Ninja,Rabbit Ashton,Black,Gold
88,ZEI-6-MM8478,Epic,Ninja,Cat Harper,Black,Gold
89,ZEI-6-MM9210,Epic,Ninja,Owl Aubrey,White,Gold
90,ZEI-6-MM5745,Epic,Ninja,Mouse Kerry,White,Gold
91,ZEI-6-MM8885,Epic,Phantom,Cat Blair,Black,Gold
92,ZEI-6-MM6737,Epic,Phantom,Bear Dana,White,Gold
93,ZEI-6-MM5402,Epic,Phantom,Dog Pat,White,Gold
94,ZEI-6-MM2762,Epic,Phantom,Mouse Spencer,Black,Gold
95,ZEI-6-MM6770,Epic,Phantom,Dog Noel,Black,Gold
96,ZEI-6-MM2046,Epic,Phantom,Owl Devin Brown,Brown,Gold
97,ZEI-6-MM2521,Epic,Phantom,Monkey Dakota,White,Gold
98,ZEI-6-MM5232,Epic,Phantom,Bear Riley,Black,Gold
99,ZEI-6-MM6989,Epic,Phantom,Cat Skyler,White,Gold
100,ZEI-6-MM2129,Epic,Phantom,Mouse Kerry,White,Gold
101,ZEI-6-MM7165,Epic,Phantom,Monkey Hayden,Brown,Gold
102,ZEI-6-MM6285,Epic,Mage,Rabbit Kyle,White,Gold
103,ZEI-6-MM8701,Epic,Mage,Monkey Frankie,Black,Gold
104,ZEI-6-MM1644,Epic,Mage,Cat Blair,Black,Gold
105,ZEI-6-MM2130,Epic,Mage,Bear Riley,Black,Gold
106,ZEI-6-MM1545,Epic,Mage,Cat Marley,White,Gold
107,ZEI-6-MM8289,Epic,Mage,Cat Harper,Black,Gold
108,ZEI-6-MM7999,Epic,Mage,Rabbit Logan,Black,Gold
109,ZEI-6-MM1616,Epic,Mage,Monkey Blake,Brown,Gold
110,ZEI-6-MM5632,Epic,Mage,Monkey Parker,Black,Gold
111,ZEI-6-MM1022,Epic,Mage,Dog Hunter,White,Gold
112,ZEI-6-MM2609,Epic,Mage,Dog Emerson,Black,Gold
113,ZEI-6-MM9863,Epic,Prophet,Cat Harper,Black,Gold
114,ZEI-6-MM6664,Epic,Prophet,Monkey Charlie,Black,Gold
115,ZEI-6-MM9156,Epic,Prophet,Monkey Ripley,Brown,Gold
116,ZEI-6-MM6408,Epic,Prophet,Bear Riley,Black,Gold
117,ZEI-6-MM4350,Epic,Prophet,Rabbit Tracy,Black,Gold
118,ZEI-6-MM1377,Epic,Prophet,Rabbit Jesse,Black,Gold
119,ZEI-6-MM9229,Epic,Prophet,Rabbit Kyle,White,Gold
120,ZEI-6-MM2622,Epic,Prophet,Owl Devin Brown,Brown,Gold
121,ZEI-6-MM3905,Epic,Prophet,Monkey Frankie,Black,Gold
122,ZEI-6-MM8208,Epic,Prophet,Dog Kai,Black,Gold
123,ZEI-6-MM6590,Epic,Prophet,Dog Hunter,White,Gold
124,ZEI-6-MM2569,Epic,Astrologist,Dog Noel,Black,Gold
125,ZEI-6-MM6521,Epic,Astrologist,Cat Skyler,White,Gold
126,ZEI-6-MM9075,Epic,Astrologist,Cat Marley,White,Gold
127,ZEI-6-MM6581,Epic,Astrologist,Rabbit Finley,White,Gold
128,ZEI-6-MM3820,Epic,Astrologist,Monkey Parker,Black,Gold
129,ZEI-6-MM5756,Epic,Astrologist,Cat Dylan,Black,Gold
130,ZEI-6-MM4191,Epic,Astrologist,Dog Addison,Black,Gold
131,ZEI-6-MM2030,Epic,Astrologist,Bear Dana,White,Gold
132,ZEI-6-MM1655,Epic,Astrologist,Monkey Arden,Black,Gold
133,ZEI-6-MM3650,Rare,Captain,Dog Morgan,White,Gold
134,ZEI-6-MM2765,Rare,Captain,Rabbit Jesse,Black,Gold
135,ZEI-6-MM9484,Rare,Captain,Cat Blair,Black,Gold
136,ZEI-6-MM9838,Rare,Captain,Rabbit Finley,White,Gold
137,ZEI-6-MM6427,Rare,Pirate,Owl Devin,White,Gold
138,ZEI-6-MM2731,Rare,Pirate,Monkey Dakota,Black,Gold
139,ZEI-6-MM5962,Rare,Pirate,Cat Blair,White,Gold
140,ZEI-6-MM5736,Rare,Pirate,Owl Aubrey,Black,Gold
141,ZEI-6-MM8762,Rare,Pirate,Monkey Blake,Black,Gold
142,ZEI-6-MM5535,Rare,Pirate,Monkey Frankie,White,Gold
143,ZEI-6-MM1706,Rare,Pirate,Owl Taylor Brown,Brown,Gold
144,ZEI-6-MM6868,Rare,Pirate,Rabbit Ashton,White,Gold
145,ZEI-6-MM4651,Rare,Mighty Pirate,Monkey Ripley,Brown,Gold
146,ZEI-6-MM3578,Rare,Mighty Pirate,Rabbit Jesse,Black,Gold
147,ZEI-6-MM8242,Rare,Archaeologist,Cat Blair,White,Gold
148,ZEI-6-MM5537,Rare,Archaeologist,Mouse Mackenzie,White,Gold
149,ZEI-6-MM1217,Rare,Archaeologist,Rabbit Peyton,Black,Gold
150,ZEI-6-MM1711,Rare,Archaeologist,Monkey Ripley,Black,Gold
151,ZEI-6-MM6165,Rare,Archaeologist,Owl Devin,White,Gold
152,ZEI-6-MM5323,Rare,Archaeologist,Rabbit Ashton,White,Gold
153,ZEI-6-MM9101,Rare,Detective,Cat Dylan,White,Gold
154,ZEI-6-MM7549,Rare,Detective,Mouse Rory,Black,Gold
155,ZEI-6-MM2206,Rare,Detective,Dog Kai,White,Gold
156,ZEI-6-MM2379,Rare,Hacker,Monkey Hayden,Black,Gold
157,ZEI-6-MM4220,Rare,Hacker,Mouse Spencer,White,Gold
158,ZEI-6-MM7442,Rare,Hacker,Cat Marley,Black,Gold
159,ZEI-6-MM4393,Rare,Hacker,Rabbit Tracy,White,Gold
160,ZEI-6-MM5650,Rare,Hacker,Rabbit Peyton,Black,Gold
161,ZEI-6-MM9798,Rare,Hacker,Rabbit Logan,White,Gold
162,ZEI-6-MM1632,Rare,Master,Dog Hunter,Black,Gold
163,ZEI-6-MM1709,Rare,Master,Dog Pat,White,Gold
164,ZEI-6-MM8800,Rare,Master,Owl Taylor,Black,Gold
165,ZEI-6-MM1279,Rare,Master,Dog Cameron,White,Gold
166,ZEI-6-MM2437,Rare,Martial Artist,Dog Kai,White,Gold
167,ZEI-6-MM1467,Rare,Martial Artist,Rabbit Finley,White,Gold
168,ZEI-6-MM8704,Rare,Mighty Master,Cat Harper,Black,Gold
169,ZEI-6-MM8166,Rare,Mighty Master,Dog Noel,Black,Gold
170,ZEI-6-MM1395,Rare,Mighty Master,Cat Casey,White,Gold
171,ZEI-6-MM6719,Rare,Pilot,Dog Bailey,Black,Gold
172,ZEI-6-MM9765,Rare,Pilot,Rabbit Logan,White,Gold
173,ZEI-6-MM1838,Rare,Pilot,Dog Cameron,White,Gold
174,ZEI-6-MM8123,Rare,Pilot,Dog Morgan,Black,Gold
175,ZEI-6-MM8838,Rare,Sailor,Cat Blair,White,Gold
176,ZEI-6-MM3963,Rare,Sailor,Cat Skyler,Black,Gold
177,ZEI-6-MM6340,Rare,Sailor,Cat Adrian,Black,Gold
178,ZEI-6-MM3354,Rare,Priest,Owl Aubrey,Black,Gold
179,ZEI-6-MM9339,Rare,Magician,Mouse Rory,White,Gold
180,ZEI-6-MM7690,Rare,Magician,Cat Ellis,Black,Gold
181,ZEI-6-MM1448,Rare,Magician,Dog Addison,White,Gold
182,ZEI-6-MM9408,Rare,Magician,Cat Marley,Black,Gold
183,ZEI-6-MM8515,Rare,Magician,Rabbit Kyle,White,Gold
184,ZEI-6-MM4761,Rare,Magician,Rabbit Ashton,Black,Gold
185,ZEI-6-MM7944,Rare,Clown,Mouse Spencer,Black,Gold
186,ZEI-6-MM1596,Rare,Clown,Cat Harper,Black,Gold
187,ZEI-6-MM6359,Rare,Clown,Dog Noel,Black,Gold
188,ZEI-6-MM6459,Rare,Clown,Owl Devin,White,Gold
189,ZEI-6-MM5522,Rare,Clown,Dog Drew,White,Gold
190,ZEI-6-MM3411,Rare,Clown,Cat Casey,White,Gold
191,ZEI-6-MM1190,Rare,Scientist,Rabbit Ashton,White,Gold
192,ZEI-6-MM7844,Rare,Scientist,Rabbit Peyton,Black,Gold
193,ZEI-6-MM4330,Rare,Scientist,Cat Blair,Black,Gold
194,ZEI-6-MM6264,Rare,Singer,Monkey Blake,Brown,Gold
195,ZEI-6-MM9925,Rare,Singer,Monkey Dakota,White,Gold
196,ZEI-6-MM5256,Rare,Singer,Dog Noel,Black,Gold
197,ZEI-6-MM6327,Rare,Doctor,Monkey Parker,White,Gold
198,ZEI-6-MM6644,Rare,Doctor,Cat Skyler,Black,Gold
199,ZEI-6-MM9604,Rare,Doctor,Rabbit Peyton,Black,Gold
200,ZEI-6-MM4416,Rare,Doctor,Monkey Ripley,Black,Gold
201,ZEI-6-MM8891,Legendary,Sage,Cat Skyler,Black,Red
202,ZEI-6-MM4437,Legendary,Sage,Dog Pat,Black,Red
203,ZEI-6-MM3532,Legendary,Sage,Cat Adrian,Black,Red
204,ZEI-6-MM6953,Legendary,Sage,Rabbit Kyle,White,Red
205,ZEI-6-MM5560,Legendary,Sage,Rabbit Finley,Black,Red
206,ZEI-6-MM7800,Legendary,Sage,Dog Kai,White,Red
207,ZEI-6-MM6419,Legendary,Sage,Monkey Frankie,White,Red
208,ZEI-6-MM9724,Legendary,Sage,Mouse Kerry,White,Red
209,ZEI-6-MM3877,Legendary,Sage,Monkey Dakota,Black,Red
210,ZEI-6-MM2541,Legendary,Sage,Rabbit Logan,Black,Red
211,ZEI-6-MM9788,Legendary,Sage,Cat Dylan,Black,Red
212,ZEI-6-MM7026,Legendary,Sage,Dog Addison,Black,Red
213,ZEI-6-MM5944,Legendary,Sage,Dog Hunter,Black,Red
214,ZEI-6-MM2294,Legendary,Sage,Cat Adrian,White,Red
215,ZEI-6-MM4641,Legendary,Sage,Cat Casey,White,Red
216,ZEI-6-MM5463,Legendary,Sage,Mouse Mackenzie,Black,Red
217,ZEI-6-MM4298,Legendary,Sage,Cat Rowan,White,Red
218,ZEI-6-MM8469,Legendary,Sage,Rabbit Finley,White,Red
219,ZEI-6-MM9988,Legendary,Sage,Dog Hunter,White,Red
220,ZEI-6-MM6374,Legendary,Sage,Cat Harper,White,Red
221,ZEI-6-MM7607,Legendary,Sage,Dog Cameron,Black,Red
222,ZEI-6-MM7946,Legendary,Sage,Monkey Blake,Black,Red
223,ZEI-6-MM8731,Legendary,Sage,Mouse Avery,Black,Red
224,ZEI-6-MM8937,Legendary,Sage,Cat Marley,Black,Red
225,ZEI-6-MM5048,Legendary,Sage,Cat Blair,White,Red
226,ZEI-6-MM5888,Legendary,Sage,Monkey Ripley,Brown,Red
227,ZEI-6-MM3256,Epic,Warrior,Monkey Parker,White,Red
228,ZEI-6-MM9406,Epic,Warrior,Cat Lane,White,Red
229,ZEI-6-MM9686,Epic,Warrior,Dog Morgan,Black,Red
230,ZEI-6-MM5699,Epic,Warrior,Cat Dylan,White,Red
231,ZEI-6-MM8574,Epic,Warrior,Owl Aubrey,Black,Red
232,ZEI-6-MM2570,Epic,Warrior,Cat Ellis,Black,Red
233,ZEI-6-MM2538,Epic,Warrior,Monkey Ripley,Black,Red
234,ZEI-6-MM6283,Epic,Warrior,Mouse Kerry,Black,Red
235,ZEI-6-MM6876,Epic,Warrior,Mouse Avery,White,Red
236,ZEI-6-MM3847,Epic,Warrior,Bear Dana,Black,Red
237,ZEI-6-MM4918,Epic,Warrior,Dog Emerson,White,Red
238,ZEI-6-MM6763,Epic,Warrior,Mouse Spencer,White,Red
239,ZEI-6-MM5807,Epic,Warrior,Cat Harper,White,Red
240,ZEI-6-MM6167,Epic,Warrior,Cat Marley,Black,Red
241,ZEI-6-MM7233,Epic,Future Warrior,Cat Adrian,Black,Red
242,ZEI-6-MM5978,Epic,Future Warrior,Owl Aubrey,Black,Red
243,ZEI-6-MM5689,Epic,Future Warrior,Rabbit Peyton,Black,Red
244,ZEI-6-MM3956,Epic,Future Warrior,Dog Drew,Black,Red
245,ZEI-6-MM6225,Epic,Future Warrior,Mouse Mackenzie,White,Red
246,ZEI-6-MM3997,Epic,Future Warrior,Bear Riley,brown,Red
247,ZEI-6-MM4804,Epic,Future Warrior,Monkey Blake,Black,Red
248,ZEI-6-MM5921,Epic,Future Warrior,Bear Dana,Black,Red
249,ZEI-6-MM7464,Epic,Future Warrior,Monkey Ripley,Black,Red
250,ZEI-6-MM3138,Epic,Future Warrior,Cat Marley,Black,Red
251,ZEI-6-MM3083,Epic,Mighty Warrior,Dog Emerson,Black,Red
252,ZEI-6-MM6615,Epic,Mighty Warrior,Dog Pat,White,Red
253,ZEI-6-MM6535,Epic,Mighty Warrior,Cat Harper,Black,Red
254,ZEI-6-MM7765,Epic,Mighty Warrior,Dog Cameron,Black,Red
255,ZEI-6-MM1403,Epic,Mighty Warrior,Rabbit Jesse,Black,Red
256,ZEI-6-MM5370,Epic,Mighty Warrior,Cat Blair,Black,Red
257,ZEI-6-MM5384,Epic,Mighty Warrior,Cat Casey,White,Red
258,ZEI-6-MM6783,Epic,Mighty Warrior,Dog Drew,White,Red
259,ZEI-6-MM4090,Epic,Mighty Warrior,Mouse Kerry,White,Red
260,ZEI-6-MM9344,Epic,Mighty Warrior,Mouse Spencer,Black,Red
261,ZEI-6-MM1460,Epic,Mighty Warrior,Mouse Rory,White,Red
262,ZEI-6-MM2157,Epic,Mighty Warrior,Mouse Mackenzie,Black,Red
263,ZEI-6-MM1324,Epic,Mighty Warrior,Monkey Parker,Black,Red
264,ZEI-6-MM3130,Epic,Mighty Warrior,Cat Rowan,Black,Red
265,ZEI-6-MM6754,Epic,Mighty Warrior,Rabbit Tracy,Black,Red
266,ZEI-6-MM9819,Epic,Mighty Warrior,Rabbit Peyton,White,Red
267,ZEI-6-MM4811,Epic,Mighty Warrior,Cat Skyler,White,Red
268,ZEI-6-MM5491,Epic,Mighty Warrior,Cat Marley,White,Red
269,ZEI-6-MM5465,Epic,Ronin,Cat Marley,White,Red
270,ZEI-6-MM9460,Epic,Ronin,Dog Morgan,White,Red
271,ZEI-6-MM2873,Epic,Ronin,Rabbit Finley,White,Red
272,ZEI-6-MM1320,Epic,Ronin,Monkey Frankie,Black,Red
273,ZEI-6-MM4143,Epic,Ronin,Monkey Hayden,Brown,Red
274,ZEI-6-MM5078,Epic,Ronin,Dog Kai,Black,Red
275,ZEI-6-MM2125,Epic,Ronin,Owl Devin,Brown,Red
276,ZEI-6-MM2057,Epic,Ronin,Cat Ellis,White,Red
277,ZEI-6-MM6093,Epic,Ronin,Monkey Blake,Brown,Red
278,ZEI-6-MM8049,Epic,Ronin,Cat Harper,Black,Red
279,ZEI-6-MM9173,Epic,Ronin,Cat Casey,White,Red
280,ZEI-6-MM7424,Epic,Ronin,Dog Addison,Black,Red
281,ZEI-6-MM8740,Epic,Ronin,Dog Cameron,Black,Red
282,ZEI-6-MM7576,Epic,Swordsman,Mouse Mackenzie,Black,Red
283,ZEI-6-MM2769,Epic,Swordsman,Cat Ellis,White,Red
284,ZEI-6-MM1506,Epic,Swordsman,Mouse Avery,Black,Red
285,ZEI-6-MM9225,Epic,Swordsman,Dog Noel,Black,Red
286,ZEI-6-MM3882,Epic,Swordsman,Rabbit Logan,Black,Red
287,ZEI-6-MM8955,Epic,Swordsman,Rabbit Jesse,Black,Red
288,ZEI-6-MM6186,Epic,Swordsman,Cat Casey,White,Red
289,ZEI-6-MM8224,Epic,Swordsman,Cat Marley,White,Red
290,ZEI-6-MM7214,Epic,Swordsman,Dog Emerson,Black,Red
291,ZEI-6-MM3165,Epic,Swordsman,Rabbit Finley,White,Red
292,ZEI-6-MM7074,Epic,Swordsman,Cat Harper,Black,Red
293,ZEI-6-MM1915,Epic,Swordsman,Cat Adrian,White,Red
294,ZEI-6-MM1684,Epic,Swordsman,Bear Riley,Black,Red
295,ZEI-6-MM3443,Epic,Swordsman,Dog Kai,Black,Red
296,ZEI-6-MM3337,Epic,Swordsman,Dog Morgan,White,Red
297,ZEI-6-MM9271,Epic,Swordsman,Rabbit Kyle,White,Red
298,ZEI-6-MM7621,Epic,Ninja,Rabbit Finley,White,Red
299,ZEI-6-MM6215,Epic,Ninja,Bear Riley,Black,Red
300,ZEI-6-MM7003,Epic,Ninja,Dog Cameron,Black,Red
301,ZEI-6-MM8845,Epic,Ninja,Dog Emerson,Black,Red
302,ZEI-6-MM4657,Epic,Ninja,Cat Ellis,White,Red
303,ZEI-6-MM5380,Epic,Ninja,Mouse Spencer,Black,Red
304,ZEI-6-MM5475,Epic,Ninja,Dog Addison,Black,Red
305,ZEI-6-MM2548,Epic,Ninja,Monkey Frankie,Black,Red
306,ZEI-6-MM7226,Epic,Ninja,Mouse Avery,Black,Red
307,ZEI-6-MM4560,Epic,Ninja,Dog Hunter,White,Red
308,ZEI-6-MM4474,Epic,Ninja,Bear Dana,White,Red
309,ZEI-6-MM1587,Epic,Ninja,Dog Bailey,White,Red
310,ZEI-6-MM9182,Epic,Ninja,Rabbit Logan,Black,Red
311,ZEI-6-MM7860,Epic,Ninja,Cat Dylan,Black,Red
312,ZEI-6-MM2536,Epic,Phantom,Owl Taylor,Black,Red
313,ZEI-6-MM2906,Epic,Phantom,Dog Addison,Black,Red
314,ZEI-6-MM2704,Epic,Phantom,Rabbit Jesse,Black,Red
315,ZEI-6-MM5361,Epic,Phantom,Dog Emerson,Black,Red
316,ZEI-6-MM8766,Epic,Phantom,Rabbit Kyle,White,Red
317,ZEI-6-MM4816,Epic,Phantom,Mouse Rory,White,Red
318,ZEI-6-MM5633,Epic,Phantom,Mouse Avery,Black,Red
319,ZEI-6-MM7279,Epic,Phantom,Cat Harper,Black,Red
320,ZEI-6-MM5119,Epic,Phantom,Monkey Arden,Black,Red
321,ZEI-6-MM2653,Epic,Phantom,Dog Cameron,Black,Red
322,ZEI-6-MM2485,Epic,Phantom,Cat Casey,White,Red
323,ZEI-6-MM7482,Epic,Phantom,Cat Ellis,White,Red
324,ZEI-6-MM5924,Epic,Phantom,Dog Hunter,White,Red
325,ZEI-6-MM1642,Epic,Mage,Mouse Kerry,White,Red
326,ZEI-6-MM3686,Epic,Mage,Cat Rowan,Black,Red
327,ZEI-6-MM4386,Epic,Mage,Monkey Charlie,Black,Red
328,ZEI-6-MM3787,Epic,Mage,Rabbit Tracy,Black,Red
329,ZEI-6-MM1393,Epic,Mage,Dog Noel,Black,Red
330,ZEI-6-MM3308,Epic,Mage,Cat Skyler,White,Red
331,ZEI-6-MM8772,Epic,Mage,Rabbit Peyton,White,Red
332,ZEI-6-MM1950,Epic,Mage,Owl Devin Brown,Brown,Red
333,ZEI-6-MM9059,Epic,Mage,Monkey Dakota,White,Red
334,ZEI-6-MM4259,Epic,Mage,Dog Kai,Black,Red
335,ZEI-6-MM9282,Epic,Mage,Dog Morgan,White,Red
336,ZEI-6-MM8143,Epic,Mage,Monkey Hayden,Brown,Red
337,ZEI-6-MM5423,Epic,Prophet,Cat Lane,Black,Red
338,ZEI-6-MM2641,Epic,Prophet,Cat Blair,Black,Red
339,ZEI-6-MM6626,Epic,Prophet,Monkey Parker,Black,Red
340,ZEI-6-MM4421,Epic,Prophet,Dog Addison,Black,Red
341,ZEI-6-MM3338,Epic,Prophet,Dog Emerson,Black,Red
342,ZEI-6-MM2644,Epic,Prophet,Dog Pat,White,Red
343,ZEI-6-MM1787,Epic,Prophet,Dog Cameron,Black,Red
344,ZEI-6-MM1253,Epic,Prophet,Cat Skyler,White,Red
345,ZEI-6-MM3775,Epic,Prophet,Owl Taylor,Black,Red
346,ZEI-6-MM6813,Epic,Prophet,Dog Morgan,White,Red
347,ZEI-6-MM3632,Epic,Prophet,Rabbit Logan,Black,Red
348,ZEI-6-MM4181,Epic,Prophet,Cat Dylan,Black,Red
349,ZEI-6-MM7939,Epic,Prophet,Cat Casey,White,Red
350,ZEI-6-MM7725,Epic,Prophet,Rabbit Peyton,White,Red
351,ZEI-6-MM9730,Epic,Astrologist,Cat Casey,White,Red
352,ZEI-6-MM6561,Epic,Astrologist,Monkey Hayden,Brown,Red
353,ZEI-6-MM7018,Epic,Astrologist,Dog Bailey,White,Red
354,ZEI-6-MM7198,Epic,Astrologist,Dog Pat,White,Red
355,ZEI-6-MM6310,Epic,Astrologist,Dog Morgan,White,Red
356,ZEI-6-MM1679,Epic,Astrologist,Monkey Frankie,Black,Red
357,ZEI-6-MM9647,Epic,Astrologist,Mouse Spencer,Black,Red
358,ZEI-6-MM7149,Epic,Astrologist,Owl Devin Brown,Brown,Red
359,ZEI-6-MM9673,Epic,Astrologist,Mouse Avery,Black,Red
360,ZEI-6-MM5128,Epic,Astrologist,Cat Adrian,White,Red
361,ZEI-6-MM3897,Epic,Astrologist,Cat Lane,Black,Red
362,ZEI-6-MM4571,Epic,Astrologist,Rabbit Logan,Black,Red
363,ZEI-6-MM2963,Epic,Astrologist,Rabbit Peyton,White,Red
364,ZEI-6-MM7647,Rare,Captain,Bear Riley,Black,Red
365,ZEI-6-MM9162,Rare,Captain,Bear Dana,White,Red
366,ZEI-6-MM5992,Rare,Captain,Rabbit Tracy,Black,Red
367,ZEI-6-MM3655,Rare,Captain,Cat Adrian,White,Red
368,ZEI-6-MM8335,Rare,Pirate,Cat Skyler,Black,Red
369,ZEI-6-MM5178,Rare,Pirate,Dog Kai,White,Red
370,ZEI-6-MM2562,Rare,Pirate,Dog Morgan,Black,Red
371,ZEI-6-MM2433,Rare,Pirate,Cat Adrian,Black,Red
372,ZEI-6-MM4359,Rare,Mighty Pirate,Mouse Mackenzie,Black,Red
373,ZEI-6-MM8255,Rare,Mighty Pirate,Monkey Charlie,Black,Red
374,ZEI-6-MM9705,Rare,Mighty Pirate,Dog Hunter,White,Red
375,ZEI-6-MM8712,Rare,Mighty Pirate,Owl Aubrey,White,Red
376,ZEI-6-MM6808,Rare,Mighty Pirate,Dog Cameron,Black,Red
377,ZEI-6-MM9868,Rare,Archaeologist,Owl Aubrey,Black,Red
378,ZEI-6-MM5765,Rare,Archaeologist,Dog Emerson,White,Red
379,ZEI-6-MM5249,Rare,Archaeologist,Dog Kai,White,Red
380,ZEI-6-MM3142,Rare,Detective,Cat Marley,Black,Red
381,ZEI-6-MM9530,Rare,Detective,Owl Aubrey,Black,Red
382,ZEI-6-MM5801,Rare,Detective,Cat Skyler,Black,Red
383,ZEI-6-MM5723,Rare,Detective,Mouse Avery,White,Red
384,ZEI-6-MM1818,Rare,Hacker,Monkey Frankie,White,Red
385,ZEI-6-MM4217,Rare,Hacker,Monkey Blake,Black,Red
386,ZEI-6-MM5271,Rare,Hacker,Monkey Dakota,Black,Red
387,ZEI-6-MM3109,Rare,Hacker,Rabbit Kyle,Black,Red
388,ZEI-6-MM4509,Rare,Hacker,Owl Taylor,Black,Red
389,ZEI-6-MM2827,Rare,Hacker,Cat Ellis,Black,Red
390,ZEI-6-MM9815,Rare,Hacker,Dog Cameron,White,Red
391,ZEI-6-MM3782,Rare,Hacker,Cat Casey,Black,Red
392,ZEI-6-MM9164,Rare,Hacker,Rabbit Ashton,White,Red
393,ZEI-6-MM6036,Rare,Hacker,Cat Dylan,White,Red
394,ZEI-6-MM4064,Rare,Hacker,Cat Skyler,Black,Red
395,ZEI-6-MM2857,Rare,Hacker,Dog Noel,White,Red
396,ZEI-6-MM8139,Rare,Master,Mouse Spencer,Black,Red
397,ZEI-6-MM2975,Rare,Master,Owl Aubrey,White,Red
398,ZEI-6-MM2492,Rare,Master,Cat Lane,White,Red
399,ZEI-6-MM9672,Rare,Master,Dog Drew,Black,Red
400,ZEI-6-MM3602,Rare,Martial Artist,Bear Riley,brown,Red
401,ZEI-6-MM6753,Rare,Martial Artist,Owl Aubrey,White,Red
402,ZEI-6-MM9723,Rare,Martial Artist,Owl Taylor,Black,Red
403,ZEI-6-MM7092,Rare,Martial Artist,Monkey Frankie,Black,Red
404,ZEI-6-MM2942,Rare,Mighty Master,Cat Blair,Black,Red
405,ZEI-6-MM8624,Rare,Mighty Master,Cat Adrian,White,Red
406,ZEI-6-MM3162,Rare,Mighty Master,Monkey Blake,brown,Red
407,ZEI-6-MM5134,Rare,Mighty Master,Owl Devin,Brown,Red
408,ZEI-6-MM6040,Rare,Mighty Master,Dog Hunter,White,Red
409,ZEI-6-MM8073,Rare,Mighty Master,Bear Kelly,White,Red
410,ZEI-6-MM3915,Rare,Pilot,Mouse Rory,Black,Red
411,ZEI-6-MM7119,Rare,Pilot,Monkey Hayden,Black,Red
412,ZEI-6-MM4770,Rare,Pilot,Dog Pat,Black,Red
413,ZEI-6-MM8065,Rare,Pilot,Rabbit Kyle,Black,Red
414,ZEI-6-MM4676,Rare,Pilot,Owl Devin,White,Red
415,ZEI-6-MM7207,Rare,Pilot,Dog Noel,White,Red
416,ZEI-6-MM1612,Rare,Pilot,Bear Riley,brown,Red
417,ZEI-6-MM5930,Rare,Sailor,Cat Jamie,Black,Red
418,ZEI-6-MM1654,Rare,Sailor,Rabbit Ashton,Black,Red
419,ZEI-6-MM3893,Rare,Sailor,Owl Taylor,Black,Red
420,ZEI-6-MM8336,Rare,Sailor,Owl Aubrey,White,Red
421,ZEI-6-MM7284,Rare,Sailor,Rabbit Jesse,Black,Red
422,ZEI-6-MM1280,Rare,Sailor,Bear Dana,Black,Red
423,ZEI-6-MM7729,Rare,Sailor,Monkey Ripley,Brown,Red
424,ZEI-6-MM8785,Rare,Priest,Monkey Parker,White,Red
425,ZEI-6-MM8436,Rare,Priest,Cat Rowan,White,Red
426,ZEI-6-MM8254,Rare,Magician,Cat Skyler,Black,Red
427,ZEI-6-MM9042,Rare,Magician,Monkey Parker,Black,Red
428,ZEI-6-MM4390,Rare,Magician,Dog Drew,Black,Red
429,ZEI-6-MM9847,Rare,Magician,Rabbit Finley,White,Red
430,ZEI-6-MM9399,Rare,Clown,Cat Lane,Black,Red
431,ZEI-6-MM7369,Rare,Clown,Rabbit Jesse,Black,Red
432,ZEI-6-MM7954,Rare,Clown,Monkey Arden,Black,Red
433,ZEI-6-MM7194,Rare,Clown,Monkey Charlie,Black,Red
434,ZEI-6-MM9614,Rare,Clown,Mouse Spencer,White,Red
435,ZEI-6-MM2464,Rare,Clown,Monkey Parker,White,Red
436,ZEI-6-MM8155,Rare,Scientist,Dog Addison,Black,Red
437,ZEI-6-MM2309,Rare,Scientist,Monkey Parker,White,Red
438,ZEI-6-MM5392,Rare,Scientist,Dog Pat,Black,Red
439,ZEI-6-MM7397,Rare,Scientist,Mouse Kerry,Black,Red
440,ZEI-6-MM1446,Rare,Scientist,Rabbit Finley,Black,Red
441,ZEI-6-MM1844,Rare,Scientist,Dog Kai,Black,Red
442,ZEI-6-MM5013,Rare,Scientist,Cat Lane,White,Red
443,ZEI-6-MM8438,Rare,Singer,Rabbit Peyton,White,Red
444,ZEI-6-MM3328,Rare,Singer,Dog Bailey,Black,Red
445,ZEI-6-MM9343,Rare,Singer,Dog Addison,White,Red
446,ZEI-6-MM3701,Rare,Singer,Monkey Hayden,Brown,Red
447,ZEI-6-MM8226,Rare,Singer,Bear Dana,Black,Red
448,ZEI-6-MM9035,Rare,Singer,Monkey Parker,Black,Red
449,ZEI-6-MM8645,Rare,Singer,Mouse Mackenzie,Black,Red
450,ZEI-6-MM7645,Rare,Doctor,Bear Riley,brown,Red
451,ZEI-6-MM7685,Rare,Doctor,Dog Kai,White,Red
452,ZEI-6-MM9278,Rare,Doctor,Rabbit Ashton,White,Red
453,ZEI-6-MM8468,Rare,Doctor,Dog Noel,White,Red
454,ZEI-6-MM7832,Rare,Doctor,Monkey Frankie,White,Red
455,ZEI-6-MM4171,Rare,Doctor,Rabbit Logan,White,Red
456,ZEI-6-MM5031,Rare,Doctor,Dog Hunter,Black,Red
457,ZEI-6-MM3550,Rare,Doctor,Cat Blair,White,Red
458,ZEI-6-MM7768,Common,Mighty Boxer,Mouse Rory,White,Red
459,ZEI-6-MM4973,Common,Mighty Boxer,Rabbit Tracy,Black,Red
460,ZEI-6-MM3513,Common,Mighty Boxer,Bear Riley,Black,Red
461,ZEI-6-MM9305,Common,Mighty Boxer,Monkey Parker,Black,Red
462,ZEI-6-MM3730,Common,Mighty Boxer,Mouse Spencer,Black,Red
463,ZEI-6-MM7665,Common,Artist,Mouse Avery,Black,Red
464,ZEI-6-MM4980,Common,Musician,Monkey Dakota,White,Red
465,ZEI-6-MM1689,Common,Chef,Cat Casey,Black,Red
466,ZEI-6-MM6286,Common,Chef,Owl Aubrey,White,Red
467,ZEI-6-MM7889,Common,Server,Monkey Dakota,White,Red
468,ZEI-6-MM8536,Common,Server,Cat Rowan,White,Red
469,ZEI-6-MM6426,Common,Firefighter,Rabbit Logan,Black,Red
470,ZEI-6-MM5743,Common,Diver,Cat Ellis,Black,Red
471,ZEI-6-MM3390,Common,Diver,Owl Taylor,Black,Red
472,ZEI-6-MM5876,Common,Diver,Monkey Charlie,Black,Red
473,ZEI-6-MM1483,Common,Diver,Owl Devin Brown,Brown,Red
474,ZEI-6-MM5793,Common,Plumber,Monkey Parker,Black,Red
475,ZEI-6-MM7439,Common,Plumber,Cat Marley,Black,Red
476,ZEI-6-MM3359,Common,Police Officer,Mouse Rory,White,Red
477,ZEI-6-MM3670,Common,Police Officer,Monkey Dakota,White,Red
478,ZEI-6-MM3143,Common,Police Officer,Cat Lane,White,Red
479,ZEI-6-MM8013,Common,Police Officer,Dog Emerson,White,Red
480,ZEI-6-MM9310,Common,Mighty Police,Monkey Blake,brown,Red
481,ZEI-6-MM7243,Common,Mighty Police,Monkey Frankie,Black,Red
482,ZEI-6-MM6872,Common,Mountaineer,Monkey Blake,Brown,Red
483,ZEI-6-MM6775,Common,Mountaineer,Cat Adrian,Black,Red
484,ZEI-6-MM4125,Common,Basketball Player,Monkey Dakota,White,Red
485,ZEI-6-MM5871,Common,Basketball Player,Bear Riley,brown,Red
486,ZEI-6-MM4141,Common,Soccer Player,Owl Taylor,Black,Red
487,ZEI-6-MM4261,Common,Soccer Player,Monkey Ripley,Brown,Red
488,ZEI-6-MM3128,Common,Soccer Player,Monkey Parker,Black,Red
489,ZEI-6-MM3282,Common,Soccer Player,Monkey Dakota,White,Red
490,ZEI-6-MM3923,Common,Soccer Player,Dog Emerson,White,Red
491,ZEI-6-MM7024,Common,Tennis Player,Cat Harper,White,Red
492,ZEI-6-MM5562,Common,Tennis Player,Rabbit Logan,Black,Red
493,ZEI-6-MM7258,Common,Tennis Player,Monkey Ripley,Brown,Red
494,ZEI-6-MM3762,Common,Tennis Player,Monkey Hayden,Brown,Red
495,ZEI-6-MM7492,Common,Tennis Player,Mouse Spencer,Black,Red
496,ZEI-6-MM1896,Common,Tennis Player,Cat Blair,White,Red
497,ZEI-6-MM4674,Common,Gangster,Dog Noel,Black,Red
498,ZEI-6-MM1069,Common,Gangster,Cat Dylan,White,Red
499,ZEI-6-MM7138,Common,Thief,Cat Dylan,White,Red
500,ZEI-6-MM1124,Common,Citizen,Dog Emerson,White,Red
501,ZEI-6-MM7275,Common,Citizen,Cat Adrian,Black,Red
502,ZEI-6-MM4138,Common,Citizen,Monkey Hayden,Brown,Red
503,ZEI-6-MM6924,Common,Citizen,Dog Drew,Black,Red
504,ZEI-6-MM8105,Common,Citizen,Dog Bailey,Black,Red
505,ZEI-6-MM8124,Common,Citizen,Mouse Avery,Black,Red
506,ZEI-6-MM3609,Common,Citizen,Monkey Dakota,White,Red
507,ZEI-6-MM5818,Common,Citizen,Rabbit Kyle,White,Red
508,ZEI-6-MM6421,Common,Citizen,Cat Dylan,White,Red
509,ZEI-6-MM9708,Common,Riot Police,Cat Dylan,White,Red
510,ZEI-6-MM5141,Common,Riot Police,Dog Kai,White,Red
511,ZEI-6-MM5223,Common,Riot Police,Monkey Dakota,White,Red
512,ZEI-6-MM1618,Common,Riot Police,Rabbit Logan,Black,Red
513,ZEI-6-MM6106,Common,Student,Mouse Mackenzie,Black,Red
514,ZEI-6-MM6936,Common,Student,Cat Skyler,Black,Red
515,ZEI-6-MM6841,Common,Mighty Citizen,Cat Harper,Black,Red
516,ZEI-6-MM4244,Common,Mighty Citizen,Dog Drew,White,Red
517,ZEI-6-MM9353,Common,Mighty Citizen,Monkey Parker,Black,Red
518,ZEI-6-MM2412,Common,Mighty Citizen,Cat Ellis,White,Red
519,ZEI-6-MM6049,Common,Mighty Citizen,Rabbit Tracy,Black,Red
520,ZEI-6-MM9233,Common,Mighty Citizen,Cat Jamie,White,Red
521,ZEI-6-MM3541,Common,Mighty Citizen,Cat Marley,White,Red
522,ZEI-6-MM8311,Common,Mighty Citizen,Mouse Kerry,White,Red
523,ZEI-6-MM3716,Common,Student,Dog Pat,White,Red
524,ZEI-6-MM9634,Common,Student,Rabbit Logan,Black,Red
525,ZEI-6-MM6544,Common,Student,Monkey Parker,Black,Red
526,ZEI-6-MM3614,Common,Student,Cat Ellis,Black,Red
527,ZEI-6-MM9637,Common,Student,Cat Adrian,Black,Red
528,ZEI-6-MM3705,Common,Citizen,Cat Skyler,Black,Red
529,ZEI-6-MM8064,Common,Citizen,Mouse Spencer,Black,Red
530,ZEI-6-MM9882,Common,Citizen,Monkey Ripley,Brown,Red
531,ZEI-6-MM1075,Common,Citizen,Rabbit Ashton,Black,Red
532,ZEI-6-MM8037,Common,Citizen,Monkey Dakota,White,Red
533,ZEI-6-MM8370,Common,Citizen,Cat Ellis,Black,Red
534,ZEI-6-MM2971,Common,Citizen,Cat Blair,White,Red
535,ZEI-6-MM9443,Common,Citizen,Monkey Arden,Black,Red
536,ZEI-6-MM7742,Common,Citizen,Rabbit Jesse,Black,Red
537,ZEI-6-MM4068,Common,Citizen,Mouse Rory,White,Red
538,ZEI-6-MM8389,Common,Citizen,Monkey Frankie,Black,Red
539,ZEI-6-MM3180,Common,Citizen,Mouse Avery,Black,Red
540,ZEI-6-MM4443,Common,Citizen,Cat Lane,White,Red
541,ZEI-6-MM7986,Common,Citizen,Mouse Kerry,White,Red
542,ZEI-6-MM3659,Common,Citizen,Monkey Dakota,White,Red
543,ZEI-6-MM1086,Common,Citizen,Dog Drew,Black,Red
544,ZEI-6-MM2199,Common,Citizen,Dog Kai,White,Red
545,ZEI-6-MM1109,Common,Citizen,Dog Drew,Black,Red
546,ZEI-6-MM6163,Common,Citizen,Rabbit Logan,Black,Red
547,ZEI-6-MM2487,Common,Citizen,Dog Hunter,Black,Red
548,ZEI-6-MM6564,Common,Mighty Gangster,Cat Harper,Black,Red
549,ZEI-6-MM2486,Common,Mighty Gangster,Rabbit Logan,Black,Red
550,ZEI-6-MM8433,Common,Mighty Gangster,Cat Skyler,White,Red
551,ZEI-6-MM5519,Epic,Warrior,Bear Riley,Black,Red
552,ZEI-6-MM4889,Epic,Warrior,Cat Casey,White,Red
553,ZEI-6-MM2323,Epic,Warrior,Rabbit Kyle,White,Red
554,ZEI-6-MM6765,Epic,Warrior,Dog Kai,Black,Red
555,ZEI-6-MM2925,Epic,Warrior,Cat Skyler,White,Red
556,ZEI-6-MM8237,Epic,Warrior,Cat Blair,Black,Red
557,ZEI-6-MM1717,Epic,Warrior,Mouse Avery,Black,Red
558,ZEI-6-MM4570,Epic,Warrior,Dog Noel,Black,Red
559,ZEI-6-MM7937,Epic,Warrior,Monkey Hayden,Brown,Red
560,ZEI-6-MM8699,Epic,Warrior,Mouse Kerry,White,Red
561,ZEI-6-MM6945,Epic,Warrior,Monkey Charlie,Black,Red
562,ZEI-6-MM8581,Epic,Future Warrior,Dog Hunter,White,Red
563,ZEI-6-MM9293,Epic,Future Warrior,Monkey Parker,Black,Red
564,ZEI-6-MM9482,Epic,Future Warrior,Rabbit Kyle,White,Red
565,ZEI-6-MM7064,Epic,Future Warrior,Dog Morgan,White,Red
566,ZEI-6-MM1402,Epic,Future Warrior,Cat Adrian,White,Red
567,ZEI-6-MM3832,Epic,Future Warrior,Cat Marley,White,Red
568,ZEI-6-MM5887,Epic,Future Warrior,Owl Aubrey,White,Red
569,ZEI-6-MM6975,Epic,Future Warrior,Cat Blair,Black,Red
570,ZEI-6-MM2166,Epic,Future Warrior,Bear Dana,White,Red
571,ZEI-6-MM3672,Epic,Future Warrior,Cat Ellis,White,Red
572,ZEI-6-MM4653,Epic,Future Warrior,Owl Taylor,Black,Red
573,ZEI-6-MM2658,Epic,Future Warrior,Rabbit Jesse,Black,Red
574,ZEI-6-MM7658,Epic,Future Warrior,Cat Rowan,Black,Red
575,ZEI-6-MM2428,Epic,Future Warrior,Cat Casey,White,Red
576,ZEI-6-MM3713,Epic,Future Warrior,Dog Noel,Black,Red
577,ZEI-6-MM2215,Epic,Future Warrior,Dog Pat,White,Red
578,ZEI-6-MM5797,Epic,Future Warrior,Rabbit Ashton,Black,Red
579,ZEI-6-MM8181,Epic,Future Warrior,Monkey Ripley,Brown,Red
580,ZEI-6-MM4153,Epic,Future Warrior,Dog Cameron,Black,Red
581,ZEI-6-MM1712,Epic,Future Warrior,Rabbit Tracy,Black,Red
582,ZEI-6-MM2090,Epic,Future Warrior,Rabbit Finley,White,Red
583,ZEI-6-MM5160,Epic,Mighty Warrior,Dog Noel,White,Red
584,ZEI-6-MM4679,Epic,Mighty Warrior,Rabbit Logan,White,Red
585,ZEI-6-MM9544,Epic,Mighty Warrior,Dog Bailey,Black,Red
586,ZEI-6-MM1956,Epic,Mighty Warrior,Mouse Kerry,Black,Red
587,ZEI-6-MM5880,Epic,Mighty Warrior,Owl Aubrey,Black,Red
588,ZEI-6-MM1322,Epic,Mighty Warrior,Cat Ellis,Black,Red
589,ZEI-6-MM1315,Epic,Mighty Warrior,Bear Dana,White,Red
590,ZEI-6-MM5810,Epic,Mighty Warrior,Monkey Dakota,Black,Red
591,ZEI-6-MM4251,Epic,Mighty Warrior,Cat Harper,White,Red
592,ZEI-6-MM5872,Epic,Mighty Warrior,Rabbit Jesse,White,Red
593,ZEI-6-MM4431,Epic,Mighty Warrior,Cat Marley,Black,Red
594,ZEI-6-MM8823,Epic,Mighty Warrior,Bear Kelly,Black,Red
595,ZEI-6-MM3171,Epic,Ronin,Monkey Dakota,Black,Red
596,ZEI-6-MM4921,Epic,Ronin,Monkey Frankie,White,Red
597,ZEI-6-MM4295,Epic,Ronin,Monkey Blake,Black,Red
598,ZEI-6-MM2757,Epic,Ronin,Rabbit Logan,White,Red
599,ZEI-6-MM2607,Epic,Ronin,Dog Drew,Black,Red
600,ZEI-6-MM4130,Epic,Ronin,Cat Adrian,Black,Red
601,ZEI-6-MM3009,Epic,Ronin,Dog Bailey,Black,Red
602,ZEI-6-MM6845,Epic,Ronin,Monkey Charlie,Brown,Red
603,ZEI-6-MM8851,Epic,Ronin,Monkey Parker,White,Red
604,ZEI-6-MM8441,Epic,Ronin,Cat Casey,Black,Red
605,ZEI-6-MM4947,Epic,Ronin,Dog Noel,White,Red
606,ZEI-6-MM6618,Epic,Ronin,Dog Kai,White,Red
607,ZEI-6-MM8535,Epic,Ronin,Owl Aubrey,Black,Red
608,ZEI-6-MM7613,Epic,Ronin,Monkey Arden,Brown,Red
609,ZEI-6-MM5577,Epic,Ronin,Rabbit Peyton,Black,Red
610,ZEI-6-MM2917,Epic,Swordsman,Mouse Spencer,White,Red
611,ZEI-6-MM7306,Epic,Swordsman,Mouse Rory,Black,Red
612,ZEI-6-MM2694,Epic,Swordsman,Cat Casey,Black,Red
613,ZEI-6-MM7489,Epic,Swordsman,Rabbit Jesse,White,Red
614,ZEI-6-MM4266,Epic,Swordsman,Dog Bailey,Black,Red
615,ZEI-6-MM5310,Epic,Swordsman,Monkey Parker,White,Red
616,ZEI-6-MM3813,Epic,Swordsman,Dog Hunter,Black,Red
617,ZEI-6-MM8990,Epic,Swordsman,Monkey Hayden,Black,Red
618,ZEI-6-MM5877,Epic,Swordsman,Monkey Frankie,White,Red
619,ZEI-6-MM5683,Epic,Swordsman,Dog Pat,Black,Red
620,ZEI-6-MM7642,Epic,Swordsman,Owl Devin,White,Red
621,ZEI-6-MM9386,Epic,Swordsman,Monkey Arden,Brown,Red
622,ZEI-6-MM2385,Epic,Swordsman,Rabbit Ashton,White,Red
623,ZEI-6-MM1607,Epic,Swordsman,Cat Rowan,White,Red
624,ZEI-6-MM5484,Epic,Ninja,Dog Kai,White,Red
625,ZEI-6-MM3169,Epic,Ninja,Dog Morgan,Black,Red
626,ZEI-6-MM3803,Epic,Ninja,Dog Addison,White,Red
627,ZEI-6-MM5847,Epic,Ninja,Bear Riley,brown,Red
628,ZEI-6-MM3654,Epic,Ninja,Rabbit Logan,White,Red
629,ZEI-6-MM5416,Epic,Ninja,Owl Taylor Brown,Brown,Red
630,ZEI-6-MM9506,Epic,Ninja,Cat Marley,Black,Red
631,ZEI-6-MM2598,Epic,Ninja,Dog Hunter,Black,Red
632,ZEI-6-MM6337,Epic,Ninja,Cat Casey,Black,Red
633,ZEI-6-MM7748,Epic,Ninja,Mouse Rory,Black,Red
634,ZEI-6-MM2968,Epic,Ninja,Mouse Mackenzie,White,Red
635,ZEI-6-MM8643,Epic,Ninja,Dog Cameron,White,Red
636,ZEI-6-MM5038,Epic,Ninja,Cat Adrian,Black,Red
637,ZEI-6-MM1853,Epic,Ninja,Dog Drew,Black,Red
638,ZEI-6-MM8348,Epic,Ninja,Monkey Ripley,Black,Red
639,ZEI-6-MM1090,Epic,Ninja,Dog Emerson,White,Red
640,ZEI-6-MM4352,Epic,Phantom,Rabbit Finley,Black,Red
641,ZEI-6-MM6385,Epic,Phantom,Cat Rowan,White,Red
642,ZEI-6-MM2097,Epic,Phantom,Owl Aubrey,Black,Red
643,ZEI-6-MM9827,Epic,Phantom,Dog Kai,White,Red
644,ZEI-6-MM9015,Epic,Phantom,Rabbit Peyton,Black,Red
645,ZEI-6-MM1965,Epic,Phantom,Bear Riley,brown,Red
646,ZEI-6-MM6171,Epic,Phantom,Cat Adrian,Black,Red
647,ZEI-6-MM3238,Epic,Phantom,Mouse Spencer,White,Red
648,ZEI-6-MM8795,Epic,Phantom,Cat Blair,White,Red
649,ZEI-6-MM4813,Epic,Phantom,Rabbit Logan,White,Red
650,ZEI-6-MM2133,Epic,Phantom,Cat Skyler,Black,Red
651,ZEI-6-MM6560,Epic,Phantom,Rabbit Jesse,White,Red
652,ZEI-6-MM7391,Epic,Phantom,Cat Harper,White,Red
653,ZEI-6-MM9034,Epic,Phantom,Dog Pat,Black,Red
654,ZEI-6-MM2568,Epic,Phantom,Dog Emerson,White,Red
655,ZEI-6-MM5396,Epic,Mage,Mouse Mackenzie,White,Red
656,ZEI-6-MM6903,Epic,Mage,Dog Bailey,Black,Red
657,ZEI-6-MM8029,Epic,Mage,Rabbit Kyle,Black,Red
658,ZEI-6-MM4829,Epic,Mage,Dog Morgan,Black,Red
659,ZEI-6-MM3455,Epic,Mage,Rabbit Peyton,Black,Red
660,ZEI-6-MM1481,Epic,Mage,Dog Pat,Black,Red
661,ZEI-6-MM5602,Epic,Mage,Bear Riley,brown,Red
662,ZEI-6-MM9419,Epic,Mage,Rabbit Tracy,White,Red
663,ZEI-6-MM3111,Epic,Mage,Rabbit Ashton,White,Red
664,ZEI-6-MM9073,Epic,Mage,Cat Dylan,White,Red
665,ZEI-6-MM3331,Epic,Mage,Monkey Blake,Black,Red
666,ZEI-6-MM2092,Epic,Mage,Monkey Charlie,Brown,Red
667,ZEI-6-MM8813,Epic,Mage,Rabbit Logan,White,Red
668,ZEI-6-MM7823,Epic,Prophet,Dog Bailey,Black,Red
669,ZEI-6-MM8888,Epic,Prophet,Dog Hunter,Black,Red
670,ZEI-6-MM5174,Epic,Prophet,Mouse Spencer,White,Red
671,ZEI-6-MM6457,Epic,Prophet,Rabbit Kyle,Black,Red
672,ZEI-6-MM6288,Epic,Prophet,Cat Casey,Black,Red
673,ZEI-6-MM9088,Epic,Prophet,Mouse Avery,White,Red
674,ZEI-6-MM5687,Epic,Prophet,Cat Dylan,White,Red
675,ZEI-6-MM7950,Epic,Prophet,Owl Devin,White,Red
676,ZEI-6-MM5959,Epic,Prophet,Bear Dana,Black,Red
677,ZEI-6-MM2911,Epic,Prophet,Mouse Mackenzie,White,Red
678,ZEI-6-MM1442,Epic,Astrologist,Dog Hunter,Black,Red
679,ZEI-6-MM6940,Epic,Astrologist,Dog Morgan,Black,Red
680,ZEI-6-MM3977,Epic,Astrologist,Dog Pat,Black,Red
681,ZEI-6-MM8131,Epic,Astrologist,Rabbit Tracy,White,Red
682,ZEI-6-MM1170,Epic,Astrologist,Cat Adrian,Black,Red
683,ZEI-6-MM5802,Epic,Astrologist,Cat Lane,White,Red
684,ZEI-6-MM7250,Epic,Astrologist,Owl Taylor Brown,Brown,Red
685,ZEI-6-MM7317,Epic,Astrologist,Dog Kai,White,Red
686,ZEI-6-MM8639,Epic,Astrologist,Mouse Avery,White,Red
687,ZEI-6-MM3944,Epic,Astrologist,Monkey Dakota,Black,Red
688,ZEI-6-MM1424,Rare,Captain,Monkey Hayden,Black,Red
689,ZEI-6-MM4079,Rare,Mighty Pirate,Monkey Blake,Black,Red
690,ZEI-6-MM6441,Rare,Mighty Pirate,Dog Noel,White,Red
691,ZEI-6-MM9197,Rare,Mighty Pirate,Cat Adrian,Black,Red
692,ZEI-6-MM9792,Rare,Mighty Pirate,Bear Kelly,Black,Red
693,ZEI-6-MM5177,Rare,Detective,Dog Cameron,Black,Red
694,ZEI-6-MM6941,Rare,Hacker,Cat Blair,Black,Red
695,ZEI-6-MM5928,Rare,Hacker,Dog Noel,Black,Red
696,ZEI-6-MM8887,Rare,Mighty Master,Mouse Mackenzie,White,Red
697,ZEI-6-MM4502,Rare,Mighty Master,Monkey Hayden,Black,Red
698,ZEI-6-MM6847,Rare,Mighty Master,Owl Taylor,Black,Red
699,ZEI-6-MM5247,Rare,Mighty Master,Mouse Kerry,Black,Red
700,ZEI-6-MM9056,Rare,Mighty Master,Dog Noel,White,Red
701,ZEI-6-MM5843,Rare,Priest,Owl Aubrey,White,Red
702,ZEI-6-MM9148,Rare,Priest,Monkey Frankie,Black,Red
703,ZEI-6-MM6693,Rare,Priest,Dog Bailey,White,Red
704,ZEI-6-MM3856,Rare,Priest,Cat Dylan,Black,Red
705,ZEI-6-MM6963,Rare,Magician,Cat Adrian,White,Red
706,ZEI-6-MM9465,Rare,Magician,Monkey Charlie,Brown,Red
707,ZEI-6-MM9727,Rare,Magician,Bear Riley,Black,Red
708,ZEI-6-MM9713,Rare,Magician,Rabbit Kyle,Black,Red
709,ZEI-6-MM8450,Rare,Clown,Cat Jamie,Black,Red
710,ZEI-6-MM4176,Rare,Clown,Rabbit Finley,Black,Red
711,ZEI-6-MM7022,Rare,Scientist,Rabbit Peyton,White,Red
712,ZEI-6-MM3886,Rare,Scientist,Dog Noel,Black,Red
713,ZEI-6-MM9721,Rare,Doctor,Rabbit Peyton,White,Red
714,ZEI-6-MM1767,Rare,Doctor,Bear Dana,White,Red
715,ZEI-6-MM1182,Rare,Doctor,Cat Lane,Black,Red
716,ZEI-6-MM3029,Rare,Doctor,Owl Taylor,Black,Red
717,ZEI-6-MM3363,Rare,Doctor,Monkey Charlie,Black,Red
718,ZEI-6-MM8883,Rare,Doctor,Rabbit Ashton,Black,Red
719,ZEI-6-MM9424,Common,Mighty Police,Monkey Hayden,Black,Red
720,ZEI-6-MM5344,Common,Mighty Police,Rabbit Peyton,Black,Red
721,ZEI-6-MM4909,Common,Citizen,Rabbit Logan,White,Red
722,ZEI-6-MM6954,Common,Citizen,Mouse Avery,White,Red
723,ZEI-6-MM5090,Common,Citizen,Monkey Charlie,Brown,Red
724,ZEI-6-MM7091,Common,Citizen,Cat Blair,White,Red
725,ZEI-6-MM5365,Common,Citizen,Owl Aubrey,Black,Red
726,ZEI-6-MM3490,Common,Citizen,Mouse Avery,White,Red
727,ZEI-6-MM1724,Common,Citizen,Dog Addison,Black,Red
728,ZEI-6-MM8510,Common,Citizen,Dog Morgan,Black,Red
729,ZEI-6-MM3690,Common,Citizen,Cat Jamie,White,Red
730,ZEI-6-MM6464,Common,Citizen,Mouse Rory,Black,Red
731,ZEI-6-MM2467,Common,Citizen,Monkey Parker,White,Red
732,ZEI-6-MM5140,Common,Student,Dog Cameron,Black,Red
733,ZEI-6-MM3641,Common,Student,Rabbit Tracy,White,Red
734,ZEI-6-MM9422,Common,Mighty Citizen,Cat Dylan,White,Red
735,ZEI-6-MM2843,Common,Mighty Citizen,Dog Noel,White,Red
736,ZEI-6-MM5759,Common,Mighty Citizen,Cat Blair,White,Red
737,ZEI-6-MM6659,Common,Mighty Citizen,Mouse Mackenzie,White,Red
738,ZEI-6-MM1661,Common,Citizen,Rabbit Finley,Black,Red
739,ZEI-6-MM2984,Common,Citizen,Cat Jamie,White,Red
740,ZEI-6-MM3046,Common,Citizen,Dog Hunter,White,Red
741,ZEI-6-MM3322,Common,Citizen,Rabbit Ashton,White,Red
742,ZEI-6-MM2869,Common,Citizen,Cat Rowan,Black,Red
743,ZEI-6-MM6947,Common,Citizen,Dog Noel,White,Red
744,ZEI-6-MM1452,Common,Citizen,Cat Skyler,White,Red
745,ZEI-6-MM7174,Common,Citizen,Rabbit Logan,White,Red
746,ZEI-6-MM9007,Common,Citizen,Owl Devin,White,Red
747,ZEI-6-MM8928,Common,Citizen,Rabbit Peyton,Black,Red
748,ZEI-6-MM9469,Common,Mighty Gangster,Rabbit Jesse,White,Red
749,ZEI-6-MM3199,Common,Mighty Gangster,Dog Kai,White,Red
750,ZEI-6-MM1161,Common,Mighty Gangster,Cat Ellis,Black,Red
751,ZEI-6-MM7242,Rare,Pirate,Monkey Ripley,Brown,Red
752,ZEI-6-MM2692,Rare,Pirate,Dog Pat,White,Red
753,ZEI-6-MM3741,Rare,Pirate,Dog Noel,Black,Red
754,ZEI-6-MM3047,Rare,Pirate,Mouse Avery,Black,Red
755,ZEI-6-MM4967,Rare,Pirate,Owl Taylor,Black,Red
756,ZEI-6-MM3491,Rare,Pirate,Monkey Frankie,Black,Red
757,ZEI-6-MM8024,Rare,Pirate,Rabbit Logan,Black,Red
758,ZEI-6-MM5076,Rare,Pirate,Monkey Arden,Black,Red
759,ZEI-6-MM1439,Rare,Pirate,Mouse Rory,White,Red
760,ZEI-6-MM8993,Rare,Pirate,Monkey Hayden,Brown,Red
761,ZEI-6-MM2574,Rare,Pirate,Cat Ellis,White,Red
762,ZEI-6-MM2943,Rare,Pirate,Dog Morgan,White,Red
763,ZEI-6-MM6643,Rare,Pirate,Rabbit Ashton,Black,Red
764,ZEI-6-MM5467,Rare,Pirate,Cat Adrian,White,Red
765,ZEI-6-MM6235,Rare,Pirate,Monkey Charlie,Black,Red
766,ZEI-6-MM5662,Rare,Pirate,Monkey Blake,Brown,Red
767,ZEI-6-MM1099,Rare,Pirate,Dog Bailey,White,Red
768,ZEI-6-MM6280,Rare,Pirate,Rabbit Peyton,White,Red
769,ZEI-6-MM8269,Rare,Pirate,Dog Kai,Black,Red
770,ZEI-6-MM4009,Rare,Pirate,Cat Lane,Black,Red
771,ZEI-6-MM8452,Rare,Pirate,Bear Riley,Black,Red
772,ZEI-6-MM9003,Rare,Pirate,Monkey Dakota,White,Red
773,ZEI-6-MM1297,Rare,Archaeologist,Owl Devin Brown,Brown,Red
774,ZEI-6-MM1536,Rare,Archaeologist,Cat Jamie,White,Red
775,ZEI-6-MM6520,Rare,Archaeologist,Rabbit Peyton,White,Red
776,ZEI-6-MM3440,Rare,Archaeologist,Monkey Ripley,Brown,Red
777,ZEI-6-MM3549,Rare,Archaeologist,Rabbit Tracy,Black,Red
778,ZEI-6-MM3066,Rare,Archaeologist,Dog Noel,Black,Red
779,ZEI-6-MM7741,Rare,Archaeologist,Monkey Charlie,Black,Red
780,ZEI-6-MM8630,Rare,Archaeologist,Cat Casey,White,Red
781,ZEI-6-MM3707,Rare,Archaeologist,Cat Dylan,Black,Red
782,ZEI-6-MM7571,Rare,Archaeologist,Mouse Spencer,Black,Red
783,ZEI-6-MM9401,Rare,Archaeologist,Monkey Dakota,White,Red
784,ZEI-6-MM5623,Rare,Archaeologist,Monkey Blake,Brown,Red
785,ZEI-6-MM4401,Rare,Archaeologist,Monkey Parker,Black,Red
786,ZEI-6-MM7266,Rare,Archaeologist,Cat Rowan,Black,Red
787,ZEI-6-MM3163,Rare,Archaeologist,Dog Bailey,White,Red
788,ZEI-6-MM4411,Rare,Archaeologist,Monkey Hayden,Brown,Red
789,ZEI-6-MM3683,Rare,Archaeologist,Rabbit Jesse,Black,Red
790,ZEI-6-MM9160,Rare,Archaeologist,Dog Morgan,White,Red
791,ZEI-6-MM5909,Rare,Master,Monkey Blake,Black,Red
792,ZEI-6-MM2828,Rare,Master,Cat Skyler,White,Red
793,ZEI-6-MM8371,Rare,Master,Dog Cameron,Black,Red
794,ZEI-6-MM2591,Rare,Master,Rabbit Peyton,Black,Red
795,ZEI-6-MM6379,Rare,Master,Monkey Frankie,White,Red
796,ZEI-6-MM8045,Rare,Master,Cat Jamie,White,Red
797,ZEI-6-MM2895,Rare,Master,Dog Emerson,Black,Red
798,ZEI-6-MM9336,Rare,Master,Dog Hunter,White,Red
799,ZEI-6-MM3742,Rare,Master,Cat Lane,Black,Red
800,ZEI-6-MM2927,Rare,Master,Dog Morgan,Black,Red
801,ZEI-6-MM5393,Rare,Master,Monkey Hayden,Black,Red
802,ZEI-6-MM7480,Rare,Master,Cat Adrian,White,Red
803,ZEI-6-MM2311,Rare,Master,Rabbit Finley,Black,Red
804,ZEI-6-MM9136,Rare,Master,Rabbit Ashton,White,Red
805,ZEI-6-MM1121,Rare,Master,Mouse Mackenzie,White,Red
806,ZEI-6-MM3605,Rare,Master,Cat Harper,Black,Red
807,ZEI-6-MM4219,Rare,Master,Dog Drew,White,Red
808,ZEI-6-MM8282,Rare,Master,Cat Ellis,White,Red
809,ZEI-6-MM1326,Rare,Master,Dog Noel,White,Red
810,ZEI-6-MM6358,Rare,Martial Artist,Mouse Mackenzie,White,Red
811,ZEI-6-MM2276,Rare,Martial Artist,Dog Drew,White,Red
812,ZEI-6-MM8471,Rare,Martial Artist,Monkey Frankie,White,Red
813,ZEI-6-MM9704,Rare,Martial Artist,Cat Skyler,White,Red
814,ZEI-6-MM8449,Rare,Martial Artist,Owl Aubrey,Black,Red
815,ZEI-6-MM4341,Rare,Martial Artist,Monkey Hayden,Black,Red
816,ZEI-6-MM4073,Rare,Martial Artist,Dog Addison,Black,Red
817,ZEI-6-MM5508,Rare,Martial Artist,Mouse Avery,White,Red
818,ZEI-6-MM3276,Rare,Martial Artist,Cat Rowan,Black,Red
819,ZEI-6-MM2833,Rare,Martial Artist,Bear Riley,Black,Red
820,ZEI-6-MM8749,Rare,Martial Artist,Mouse Rory,Black,Red
821,ZEI-6-MM7632,Rare,Martial Artist,Dog Kai,Black,Red
822,ZEI-6-MM8933,Rare,Martial Artist,Owl Devin,White,Red
823,ZEI-6-MM9968,Rare,Martial Artist,Rabbit Ashton,White,Red
824,ZEI-6-MM7077,Rare,Martial Artist,Mouse Kerry,Black,Red
825,ZEI-6-MM6298,Rare,Martial Artist,Bear Dana,White,Red
826,ZEI-6-MM5395,Rare,Martial Artist,Dog Noel,White,Red
827,ZEI-6-MM6917,Rare,Martial Artist,Monkey Dakota,Black,Red
828,ZEI-6-MM8572,Rare,Martial Artist,Dog Cameron,Black,Red
829,ZEI-6-MM1157,Rare,Martial Artist,Dog Emerson,Black,Red
830,ZEI-6-MM5956,Rare,Pilot,Cat Dylan,Black,Red
831,ZEI-6-MM1808,Rare,Pilot,Monkey Parker,Black,Red
832,ZEI-6-MM3806,Rare,Pilot,Dog Kai,Black,Red
833,ZEI-6-MM7590,Rare,Pilot,Monkey Dakota,White,Red
834,ZEI-6-MM3627,Rare,Pilot,Cat Casey,White,Red
835,ZEI-6-MM8855,Rare,Pilot,Dog Hunter,White,Red
836,ZEI-6-MM5116,Rare,Pilot,Dog Pat,White,Red
837,ZEI-6-MM5093,Rare,Pilot,Cat Jamie,White,Red
838,ZEI-6-MM3387,Rare,Pilot,Owl Aubrey,White,Red
839,ZEI-6-MM1250,Rare,Pilot,Dog Morgan,White,Red
840,ZEI-6-MM6726,Rare,Pilot,Owl Devin Brown,Brown,Red
841,ZEI-6-MM5144,Rare,Pilot,Dog Emerson,Black,Red
842,ZEI-6-MM1055,Rare,Pilot,Bear Dana,White,Red
843,ZEI-6-MM5211,Rare,Pilot,Bear Riley,Black,Red
844,ZEI-6-MM3134,Rare,Pilot,Mouse Kerry,White,Red
845,ZEI-6-MM5480,Rare,Sailor,Cat Jamie,White,Red
846,ZEI-6-MM9682,Rare,Sailor,Rabbit Jesse,White,Red
847,ZEI-6-MM1928,Rare,Sailor,Mouse Mackenzie,White,Red
848,ZEI-6-MM5369,Rare,Sailor,Cat Rowan,Black,Red
849,ZEI-6-MM7835,Rare,Sailor,Dog Addison,Black,Red
850,ZEI-6-MM9526,Rare,Sailor,Monkey Blake,Black,Red
851,ZEI-6-MM2249,Rare,Sailor,Dog Hunter,White,Red
852,ZEI-6-MM8328,Rare,Sailor,Monkey Charlie,Brown,Red
853,ZEI-6-MM9010,Rare,Sailor,Mouse Avery,White,Red
854,ZEI-6-MM5163,Rare,Sailor,Cat Lane,Black,Red
855,ZEI-6-MM6919,Rare,Sailor,Cat Blair,Black,Red
856,ZEI-6-MM5268,Rare,Sailor,Dog Kai,Black,Red
857,ZEI-6-MM4516,Rare,Sailor,Cat Dylan,Black,Red
858,ZEI-6-MM4970,Rare,Sailor,Bear Dana,White,Red
859,ZEI-6-MM8882,Rare,Sailor,Rabbit Ashton,White,Red
860,ZEI-6-MM7396,Rare,Sailor,Monkey Arden,Brown,Red
861,ZEI-6-MM2751,Rare,Sailor,Mouse Kerry,Black,Red
862,ZEI-6-MM6229,Rare,Sailor,Rabbit Logan,White,Red
863,ZEI-6-MM7589,Rare,Sailor,Monkey Parker,White,Red
864,ZEI-6-MM6779,Rare,Sailor,Bear Riley,Black,Red
865,ZEI-6-MM3263,Rare,Sailor,Rabbit Finley,Black,Red
866,ZEI-6-MM4983,Rare,Singer,Monkey Charlie,Brown,Red
867,ZEI-6-MM4984,Rare,Singer,Mouse Avery,White,Red
868,ZEI-6-MM5898,Rare,Singer,Rabbit Ashton,White,Red
869,ZEI-6-MM5864,Rare,Singer,Dog Addison,Black,Red
870,ZEI-6-MM1870,Rare,Singer,Owl Devin,White,Red
871,ZEI-6-MM8874,Rare,Singer,Rabbit Tracy,White,Red
872,ZEI-6-MM8531,Rare,Singer,Monkey Ripley,Black,Red
873,ZEI-6-MM7029,Rare,Singer,Dog Bailey,White,Red
874,ZEI-6-MM2966,Rare,Singer,Cat Rowan,Black,Red
875,ZEI-6-MM9143,Rare,Singer,Monkey Arden,Brown,Red
876,ZEI-6-MM5995,Common,Boxer,Monkey Parker,Black,Red
877,ZEI-6-MM3457,Common,Boxer,Rabbit Jesse,Black,Red
878,ZEI-6-MM9873,Common,Boxer,Cat Rowan,Black,Red
879,ZEI-6-MM8717,Common,Boxer,Dog Noel,Black,Red
880,ZEI-6-MM5378,Common,Boxer,Dog Bailey,Black,Red
881,ZEI-6-MM8530,Common,Boxer,Monkey Arden,Brown,Red
882,ZEI-6-MM3502,Common,Boxer,Monkey Charlie,Brown,Red
883,ZEI-6-MM2117,Common,Boxer,Dog Noel,White,Red
884,ZEI-6-MM9600,Common,Boxer,Dog Bailey,White,Red
885,ZEI-6-MM9076,Common,Boxer,Cat Ellis,White,Red
886,ZEI-6-MM4865,Common,Boxer,Monkey Parker,White,Red
887,ZEI-6-MM2615,Common,Artist,Cat Blair,Black,Red
888,ZEI-6-MM9845,Common,Artist,Cat Rowan,Black,Red
889,ZEI-6-MM4273,Common,Artist,Rabbit Tracy,White,Red
890,ZEI-6-MM1323,Common,Artist,Monkey Charlie,Brown,Red
891,ZEI-6-MM2955,Common,Artist,Owl Taylor Brown,Brown,Red
892,ZEI-6-MM4900,Common,Artist,Monkey Arden,Brown,Red
893,ZEI-6-MM7853,Common,Musician,Rabbit Logan,White,Red
894,ZEI-6-MM8244,Common,Musician,Rabbit Peyton,Black,Red
895,ZEI-6-MM2151,Common,Musician,Cat Ellis,White,Red
896,ZEI-6-MM5742,Common,Musician,Mouse Rory,Black,Red
897,ZEI-6-MM3187,Common,Chef,Cat Adrian,White,Red
898,ZEI-6-MM2920,Common,Chef,Bear Riley,Black,Red
899,ZEI-6-MM7139,Common,Chef,Cat Skyler,White,Red
900,ZEI-6-MM3284,Common,Chef,Mouse Spencer,White,Red
901,ZEI-6-MM9760,Common,Chef,Rabbit Kyle,Black,Red
902,ZEI-6-MM2960,Common,Chef,Mouse Mackenzie,White,Red
903,ZEI-6-MM1064,Common,Server,Rabbit Ashton,White,Red
904,ZEI-6-MM2453,Common,Server,Mouse Spencer,White,Red
905,ZEI-6-MM7155,Common,Server,Bear Dana,White,Red
906,ZEI-6-MM8606,Common,Server,Dog Hunter,White,Red
907,ZEI-6-MM1426,Common,Server,Dog Cameron,Black,Red
908,ZEI-6-MM1846,Common,Server,Rabbit Logan,White,Red
909,ZEI-6-MM9655,Common,Firefighter,Monkey Arden,Brown,Red
910,ZEI-6-MM5099,Common,Firefighter,Dog Pat,Black,Red
911,ZEI-6-MM4779,Common,Diver,Monkey Parker,White,Red
912,ZEI-6-MM6240,Common,Diver,Cat Marley,White,Red
913,ZEI-6-MM8969,Common,Diver,Dog Emerson,Black,Red
914,ZEI-6-MM2865,Common,Diver,Mouse Avery,White,Red
915,ZEI-6-MM2897,Common,Plumber,Monkey Blake,Black,Red
916,ZEI-6-MM3088,Common,Plumber,Rabbit Peyton,Black,Red
917,ZEI-6-MM7671,Common,Plumber,Cat Blair,Black,Red
918,ZEI-6-MM5711,Common,Plumber,Cat Ellis,White,Red
919,ZEI-6-MM7182,Common,Plumber,Rabbit Kyle,Black,Red
920,ZEI-6-MM5042,Common,Police Officer,Dog Bailey,White,Red
921,ZEI-6-MM8557,Common,Police Officer,Dog Emerson,Black,Red
922,ZEI-6-MM8397,Common,Police Officer,Monkey Charlie,Brown,Red
923,ZEI-6-MM4563,Common,Police Officer,Rabbit Jesse,White,Red
924,ZEI-6-MM7412,Common,Mountaineer,Cat Lane,Black,Red
925,ZEI-6-MM5372,Common,Mountaineer,Rabbit Peyton,Black,Red
926,ZEI-6-MM3511,Common,Mountaineer,Cat Ellis,White,Red
927,ZEI-6-MM9669,Common,Mountaineer,Cat Skyler,White,Red
928,ZEI-6-MM6126,Common,Basketball Player,Rabbit Jesse,White,Red
929,ZEI-6-MM8113,Common,Basketball Player,Mouse Kerry,Black,Red
930,ZEI-6-MM8972,Common,Basketball Player,Cat Skyler,White,Red
931,ZEI-6-MM8350,Common,Basketball Player,Mouse Spencer,White,Red
932,ZEI-6-MM1845,Common,Basketball Player,Dog Bailey,White,Red
933,ZEI-6-MM3810,Common,Basketball Player,Dog Emerson,Black,Red
934,ZEI-6-MM4214,Common,Basketball Player,Monkey Frankie,White,Red
935,ZEI-6-MM1880,Common,Basketball Player,Cat Casey,White,Red
936,ZEI-6-MM9670,Common,Basketball Player,Owl Devin,White,Red
937,ZEI-6-MM8410,Common,Basketball Player,Dog Noel,White,Red
938,ZEI-6-MM7255,Common,Basketball Player,Monkey Dakota,Black,Red
939,ZEI-6-MM1072,Common,Basketball Player,Monkey Parker,White,Red
940,ZEI-6-MM1986,Common,Soccer Player,Cat Jamie,White,Red
941,ZEI-6-MM6392,Common,Soccer Player,Monkey Frankie,White,Red
942,ZEI-6-MM4001,Common,Soccer Player,Rabbit Peyton,Black,Red
943,ZEI-6-MM1686,Common,Soccer Player,Dog Cameron,Black,Red
944,ZEI-6-MM3505,Common,Soccer Player,Rabbit Tracy,White,Red
945,ZEI-6-MM2758,Common,Soccer Player,Monkey Frankie,White,Red
946,ZEI-6-MM7070,Common,Soccer Player,Monkey Hayden,Black,Red
947,ZEI-6-MM3623,Common,Tennis Player,Dog Drew,White,Red
948,ZEI-6-MM7743,Common,Tennis Player,Owl Devin,White,Red
949,ZEI-6-MM6827,Common,Tennis Player,Mouse Mackenzie,White,Red
950,ZEI-6-MM4128,Common,Tennis Player,Monkey Arden,Brown,Red
951,ZEI-6-MM4524,Common,Tennis Player,Owl Taylor Brown,Brown,Red
952,ZEI-6-MM5413,Common,Tennis Player,Rabbit Finley,Black,Red
953,ZEI-6-MM9802,Common,Tennis Player,Monkey Ripley,Black,Red
954,ZEI-6-MM7557,Common,Tennis Player,Dog Hunter,White,Red
955,ZEI-6-MM3786,Common,Tennis Player,Mouse Mackenzie,White,Red
956,ZEI-6-MM8077,Common,Tennis Player,Dog Addison,Black,Red
957,ZEI-6-MM3181,Common,Tennis Player,Mouse Spencer,White,Red
958,ZEI-6-MM5235,Common,Gangster,Monkey Charlie,Brown,Red
959,ZEI-6-MM2594,Common,Gangster,Cat Blair,Black,Red
960,ZEI-6-MM4035,Common,Gangster,Dog Cameron,Black,Red
961,ZEI-6-MM7048,Common,Gangster,Mouse Spencer,White,Red
962,ZEI-6-MM5550,Common,Gangster,Cat Ellis,White,Red
963,ZEI-6-MM3269,Common,Thief,Cat Casey,White,Red
964,ZEI-6-MM6071,Common,Thief,Dog Drew,White,Red
965,ZEI-6-MM8260,Common,Thief,Monkey Dakota,Black,Red
966,ZEI-6-MM5830,Common,Thief,Dog Hunter,White,Red
967,ZEI-6-MM2687,Common,Thief,Cat Skyler,White,Red
968,ZEI-6-MM9562,Common,Citizen,Mouse Rory,Black,Red
969,ZEI-6-MM5454,Common,Citizen,Rabbit Ashton,White,Red
970,ZEI-6-MM7210,Common,Citizen,Dog Emerson,Black,Red
971,ZEI-6-MM9551,Common,Citizen,Bear Dana,White,Red
972,ZEI-6-MM1554,Common,Citizen,Monkey Charlie,Brown,Red
973,ZEI-6-MM6302,Common,Citizen,Bear Dana,White,Red
974,ZEI-6-MM7327,Common,Riot Police,Cat Blair,Black,Red
975,ZEI-6-MM6060,Common,Riot Police,Cat Rowan,Black,Red
976,ZEI-6-MM9535,Common,Riot Police,Rabbit Logan,White,Red
977,ZEI-6-MM6380,Common,Riot Police,Dog Emerson,Black,Red
978,ZEI-6-MM3950,Common,Student,Monkey Charlie,Brown,Red
979,ZEI-6-MM8130,Common,Student,Mouse Avery,White,Red
980,ZEI-6-MM5075,Common,Student,Rabbit Finley,Black,Red
981,ZEI-6-MM3140,Common,Student,Cat Adrian,White,Red
982,ZEI-6-MM6399,Common,Student,Monkey Blake,Black,Red
983,ZEI-6-MM3916,Common,Student,Mouse Rory,Black,Red
984,ZEI-6-MM5511,Common,Student,Cat Marley,White,Red
985,ZEI-6-MM6496,Common,Student,Rabbit Peyton,Black,Red
986,ZEI-6-MM1997,Common,Citizen,Cat Jamie,White,Red
987,ZEI-6-MM3292,Common,Citizen,Dog Kai,Black,Red
988,ZEI-6-MM5868,Common,Citizen,Monkey Ripley,Black,Red
989,ZEI-6-MM4981,Common,Citizen,Cat Rowan,Black,Red
990,ZEI-6-MM9946,Common,Citizen,Rabbit Logan,White,Red
991,ZEI-6-MM1852,Common,Citizen,Dog Hunter,White,Red
992,ZEI-6-MM2240,Common,Citizen,Cat Rowan,Black,Red
993,ZEI-6-MM6751,Common,Citizen,Dog Pat,Black,Red
994,ZEI-6-MM1106,Common,Ganster,Monkey Parker,White,Red
995,ZEI-6-MM9449,Common,Ganster,Rabbit Peyton,Black,Red
996,ZEI-6-MM1212,Common,Ganster,Mouse Rory,Black,Red
997,ZEI-6-MM7550,Common,Ganster,Dog Noel,White,Red
998,ZEI-6-MM3070,Common,Ganster,Owl Devin,White,Red
999,ZEI-6-MM1572,Common,Ganster,Cat Casey,White,Red
1000,ZEI-6-MM3919,Common,Ganster,Rabbit Logan,White,Red
1001,ZEI-6-MM1469,Legendary,Sage,Cat Harper,Black,Blue
1002,ZEI-6-MM5500,Legendary,Sage,Monkey Hayden,Black,Blue
1003,ZEI-6-MM8666,Legendary,Sage,Rabbit Ashton,Black,Blue
1004,ZEI-6-MM4211,Legendary,Sage,Bear Riley,Black,Blue
1005,ZEI-6-MM4183,Legendary,Sage,Rabbit Ashton,White,Blue
1006,ZEI-6-MM5010,Legendary,Sage,Dog Morgan,White,Blue
1007,ZEI-6-MM7192,Legendary,Sage,Dog Cameron,White,Blue
1008,ZEI-6-MM6673,Legendary,Sage,Cat Blair,Black,Blue
1009,ZEI-6-MM2649,Legendary,Sage,Owl Devin Brown,Brown,Blue
1010,ZEI-6-MM7515,Legendary,Sage,Mouse Spencer,White,Blue
1011,ZEI-6-MM5204,Legendary,Sage,Cat Lane,Black,Blue
1012,ZEI-6-MM3141,Legendary,Sage,Cat Lane,White,Blue
1013,ZEI-6-MM3444,Legendary,Sage,Dog Emerson,White,Blue
1014,ZEI-6-MM5916,Legendary,Sage,Dog Morgan,Black,Blue
1015,ZEI-6-MM1282,Legendary,Sage,Dog Noel,White,Blue
1016,ZEI-6-MM7769,Legendary,Sage,Bear Dana,White,Blue
1017,ZEI-6-MM1165,Legendary,Sage,Dog Addison,White,Blue
1018,ZEI-6-MM9492,Legendary,Sage,Cat Rowan,Black,Blue
1019,ZEI-6-MM7363,Legendary,Sage,Dog Noel,Black,Blue
1020,ZEI-6-MM6129,Legendary,Sage,Monkey Arden,Brown,Blue
1021,ZEI-6-MM2230,Legendary,Sage,Mouse Spencer,Black,Blue
1022,ZEI-6-MM4185,Legendary,Sage,Dog Pat,White,Blue
1023,ZEI-6-MM5897,Epic,Warrior,Dog Noel,White,Blue
1024,ZEI-6-MM4688,Epic,Warrior,Rabbit Finley,Black,Blue
1025,ZEI-6-MM6028,Epic,Warrior,Owl Taylor Brown,Brown,Blue
1026,ZEI-6-MM1434,Epic,Warrior,Monkey Dakota,Black,Blue
1027,ZEI-6-MM2270,Epic,Warrior,Owl Devin,White,Blue
1028,ZEI-6-MM7839,Epic,Warrior,Dog Addison,White,Blue
1029,ZEI-6-MM2169,Epic,Warrior,Mouse Rory,Black,Blue
1030,ZEI-6-MM2807,Epic,Warrior,Cat Blair,White,Blue
1031,ZEI-6-MM2070,Epic,Warrior,Monkey Hayden,Black,Blue
1032,ZEI-6-MM2369,Epic,Warrior,Cat Adrian,Black,Blue
1033,ZEI-6-MM9286,Epic,Warrior,Rabbit Tracy,White,Blue
1034,ZEI-6-MM2795,Epic,Warrior,Monkey Arden,Brown,Blue
1035,ZEI-6-MM9328,Epic,Warrior,Monkey Frankie,White,Blue
1036,ZEI-6-MM8861,Epic,Warrior,Bear Riley,brown,Blue
1037,ZEI-6-MM6282,Epic,Warrior,Dog Hunter,Black,Blue
1038,ZEI-6-MM7764,Epic,Future Warrior,Dog Addison,White,Blue
1039,ZEI-6-MM9324,Epic,Future Warrior,Cat Lane,White,Blue
1040,ZEI-6-MM8987,Epic,Future Warrior,Cat Jamie,Black,Blue
1041,ZEI-6-MM6966,Epic,Future Warrior,Dog Pat,Black,Blue
1042,ZEI-6-MM9979,Epic,Future Warrior,Mouse Avery,White,Blue
1043,ZEI-6-MM8196,Epic,Future Warrior,Rabbit Ashton,White,Blue
1044,ZEI-6-MM6168,Epic,Future Warrior,Dog Morgan,Black,Blue
1045,ZEI-6-MM7514,Epic,Future Warrior,Mouse Spencer,White,Blue
1046,ZEI-6-MM2480,Epic,Future Warrior,Cat Casey,Black,Blue
1047,ZEI-6-MM2007,Epic,Future Warrior,Cat Dylan,White,Blue
1048,ZEI-6-MM1509,Epic,Future Warrior,Cat Blair,White,Blue
1049,ZEI-6-MM2257,Epic,Future Warrior,Cat Ellis,Black,Blue
1050,ZEI-6-MM7804,Epic,Mighty Warrior,Monkey Ripley,Brown,Blue
1051,ZEI-6-MM2908,Epic,Mighty Warrior,Monkey Charlie,Black,Blue
1052,ZEI-6-MM9107,Epic,Mighty Warrior,Bear Dana,Black,Blue
1053,ZEI-6-MM8137,Epic,Mighty Warrior,Rabbit Kyle,White,Blue
1054,ZEI-6-MM1719,Epic,Mighty Warrior,Bear Riley,Black,Blue
1055,ZEI-6-MM7838,Epic,Mighty Warrior,Monkey Dakota,White,Blue
1056,ZEI-6-MM9048,Epic,Mighty Warrior,Dog Noel,Black,Blue
1057,ZEI-6-MM3959,Epic,Mighty Warrior,Owl Devin,Brown,Blue
1058,ZEI-6-MM3286,Epic,Mighty Warrior,Owl Aubrey,White,Blue
1059,ZEI-6-MM7387,Epic,Mighty Warrior,Monkey Blake,brown,Blue
1060,ZEI-6-MM1911,Epic,Mighty Warrior,Cat Lane,Black,Blue
1061,ZEI-6-MM3285,Epic,Mighty Warrior,Rabbit Logan,Black,Blue
1062,ZEI-6-MM9717,Epic,Mighty Warrior,Cat Dylan,Black,Blue
1063,ZEI-6-MM7127,Epic,Mighty Warrior,Bear Kelly,White,Blue
1064,ZEI-6-MM6798,Epic,Mighty Warrior,Dog Hunter,White,Blue
1065,ZEI-6-MM7333,Epic,Mighty Warrior,Monkey Arden,Black,Blue
1066,ZEI-6-MM6292,Epic,Mighty Warrior,Owl Taylor,Brown,Blue
1067,ZEI-6-MM2824,Epic,Ronin,Rabbit Ashton,Black,Blue
1068,ZEI-6-MM2973,Epic,Ronin,Cat Skyler,White,Blue
1069,ZEI-6-MM6656,Epic,Ronin,Bear Dana,White,Blue
1070,ZEI-6-MM4763,Epic,Ronin,Mouse Mackenzie,Black,Blue
1071,ZEI-6-MM6202,Epic,Ronin,Rabbit Jesse,Black,Blue
1072,ZEI-6-MM5243,Epic,Ronin,Rabbit Kyle,White,Blue
1073,ZEI-6-MM6375,Epic,Ronin,Rabbit Tracy,Black,Blue
1074,ZEI-6-MM7897,Epic,Ronin,Owl Aubrey,White,Blue
1075,ZEI-6-MM4733,Epic,Ronin,Owl Taylor,Brown,Blue
1076,ZEI-6-MM9444,Epic,Ronin,Dog Pat,White,Blue
1077,ZEI-6-MM8075,Epic,Ronin,Dog Bailey,White,Blue
1078,ZEI-6-MM8528,Epic,Ronin,Monkey Parker,Black,Blue
1079,ZEI-6-MM6661,Epic,Ronin,Cat Blair,Black,Blue
1080,ZEI-6-MM1051,Epic,Ronin,Mouse Avery,Black,Blue
1081,ZEI-6-MM5443,Epic,Ronin,Mouse Spencer,Black,Blue
1082,ZEI-6-MM1406,Epic,Swordsman,Dog Bailey,White,Blue
1083,ZEI-6-MM5620,Epic,Swordsman,Mouse Kerry,White,Blue
1084,ZEI-6-MM9187,Epic,Swordsman,Dog Hunter,White,Blue
1085,ZEI-6-MM6970,Epic,Swordsman,Monkey Arden,Black,Blue
1086,ZEI-6-MM4845,Epic,Swordsman,Rabbit Ashton,Black,Blue
1087,ZEI-6-MM8586,Epic,Swordsman,Bear Dana,White,Blue
1088,ZEI-6-MM2443,Epic,Swordsman,Cat Skyler,White,Blue
1089,ZEI-6-MM8213,Epic,Swordsman,Cat Rowan,Black,Blue
1090,ZEI-6-MM6934,Epic,Swordsman,Owl Aubrey,White,Blue
1091,ZEI-6-MM4951,Epic,Swordsman,Owl Taylor,Black,Blue
1092,ZEI-6-MM6364,Epic,Swordsman,Monkey Parker,Black,Blue
1093,ZEI-6-MM9128,Epic,Swordsman,Cat Lane,Black,Blue
1094,ZEI-6-MM6567,Epic,Swordsman,Dog Addison,Black,Blue
1095,ZEI-6-MM7254,Epic,Ninja,Dog Morgan,White,Blue
1096,ZEI-6-MM7871,Epic,Ninja,Rabbit Jesse,Black,Blue
1097,ZEI-6-MM4070,Epic,Ninja,Owl Devin Brown,Brown,Blue
1098,ZEI-6-MM4074,Epic,Ninja,Dog Pat,White,Blue
1099,ZEI-6-MM9077,Epic,Ninja,Dog Drew,White,Blue
1100,ZEI-6-MM2226,Epic,Ninja,Monkey Arden,Black,Blue
1101,ZEI-6-MM3724,Epic,Ninja,Dog Kai,Black,Blue
1102,ZEI-6-MM8101,Epic,Ninja,Mouse Mackenzie,Black,Blue
1103,ZEI-6-MM9004,Epic,Ninja,Monkey Hayden,Brown,Blue
1104,ZEI-6-MM2156,Epic,Ninja,Owl Taylor,Black,Blue
1105,ZEI-6-MM4858,Epic,Ninja,Cat Adrian,White,Blue
1106,ZEI-6-MM9217,Epic,Ninja,Rabbit Peyton,White,Blue
1107,ZEI-6-MM4112,Epic,Ninja,Cat Blair,Black,Blue
1108,ZEI-6-MM3874,Epic,Ninja,Monkey Blake,Brown,Blue
1109,ZEI-6-MM2631,Epic,Phantom,Cat Marley,White,Blue
1110,ZEI-6-MM5725,Epic,Phantom,Monkey Blake,Brown,Blue
1111,ZEI-6-MM2647,Epic,Phantom,Cat Dylan,Black,Blue
1112,ZEI-6-MM5713,Epic,Phantom,Monkey Frankie,Black,Blue
1113,ZEI-6-MM1243,Epic,Phantom,Rabbit Ashton,Black,Blue
1114,ZEI-6-MM2962,Epic,Phantom,Dog Drew,White,Blue
1115,ZEI-6-MM2676,Epic,Phantom,Rabbit Finley,White,Blue
1116,ZEI-6-MM5074,Epic,Phantom,Dog Morgan,White,Blue
1117,ZEI-6-MM8817,Epic,Phantom,Dog Bailey,White,Blue
1118,ZEI-6-MM7201,Epic,Mage,Cat Jamie,White,Blue
1119,ZEI-6-MM7987,Epic,Mage,Mouse Rory,White,Blue
1120,ZEI-6-MM4469,Epic,Mage,Owl Aubrey,White,Blue
1121,ZEI-6-MM3711,Epic,Mage,Cat Adrian,White,Blue
1122,ZEI-6-MM8872,Epic,Mage,Dog Cameron,Black,Blue
1123,ZEI-6-MM5979,Epic,Mage,Rabbit Finley,White,Blue
1124,ZEI-6-MM3326,Epic,Mage,Monkey Ripley,Brown,Blue
1125,ZEI-6-MM2045,Epic,Mage,Owl Taylor,Black,Blue
1126,ZEI-6-MM1560,Epic,Mage,Cat Dylan,Black,Blue
1127,ZEI-6-MM6232,Epic,Mage,Cat Lane,Black,Blue
1128,ZEI-6-MM4253,Epic,Mage,Dog Bailey,White,Blue
1129,ZEI-6-MM2278,Epic,Mage,Mouse Mackenzie,Black,Blue
1130,ZEI-6-MM9694,Epic,Mage,Rabbit Jesse,Black,Blue
1131,ZEI-6-MM6439,Epic,Mage,Mouse Spencer,Black,Blue
1132,ZEI-6-MM8516,Epic,Prophet,Mouse Kerry,White,Blue
1133,ZEI-6-MM2448,Epic,Prophet,Bear Dana,White,Blue
1134,ZEI-6-MM6762,Epic,Prophet,Cat Ellis,White,Blue
1135,ZEI-6-MM8761,Epic,Prophet,Owl Aubrey,White,Blue
1136,ZEI-6-MM2995,Epic,Prophet,Cat Jamie,White,Blue
1137,ZEI-6-MM1890,Epic,Prophet,Mouse Rory,White,Blue
1138,ZEI-6-MM3811,Epic,Prophet,Cat Marley,White,Blue
1139,ZEI-6-MM9409,Epic,Prophet,Dog Drew,White,Blue
1140,ZEI-6-MM5311,Epic,Prophet,Rabbit Finley,White,Blue
1141,ZEI-6-MM6332,Epic,Prophet,Monkey Dakota,White,Blue
1142,ZEI-6-MM5179,Epic,Prophet,Mouse Spencer,Black,Blue
1143,ZEI-6-MM1401,Epic,Prophet,Monkey Blake,Brown,Blue
1144,ZEI-6-MM8599,Epic,Prophet,Monkey Hayden,Brown,Blue
1145,ZEI-6-MM2095,Epic,Prophet,Monkey Arden,Black,Blue
1146,ZEI-6-MM6199,Epic,Prophet,Mouse Mackenzie,Black,Blue
1147,ZEI-6-MM6652,Epic,Astrologist,Monkey Dakota,White,Blue
1148,ZEI-6-MM9174,Epic,Astrologist,Bear Riley,Black,Blue
1149,ZEI-6-MM9926,Epic,Astrologist,Dog Kai,Black,Blue
1150,ZEI-6-MM2724,Epic,Astrologist,Owl Taylor,Black,Blue
1151,ZEI-6-MM8590,Epic,Astrologist,Mouse Mackenzie,Black,Blue
1152,ZEI-6-MM7380,Epic,Astrologist,Monkey Charlie,Black,Blue
1153,ZEI-6-MM9906,Epic,Astrologist,Cat Ellis,White,Blue
1154,ZEI-6-MM5582,Epic,Astrologist,Rabbit Tracy,Black,Blue
1155,ZEI-6-MM6878,Epic,Astrologist,Dog Hunter,White,Blue
1156,ZEI-6-MM5326,Epic,Astrologist,Cat Jamie,White,Blue
1157,ZEI-6-MM6341,Epic,Astrologist,Rabbit Kyle,White,Blue
1158,ZEI-6-MM2682,Epic,Astrologist,Cat Blair,Black,Blue
1159,ZEI-6-MM8086,Epic,Astrologist,Mouse Rory,White,Blue
1160,ZEI-6-MM9772,Epic,Astrologist,Monkey Blake,Brown,Blue
1161,ZEI-6-MM5414,Epic,Astrologist,Dog Cameron,Black,Blue
1162,ZEI-6-MM9147,Epic,Astrologist,Cat Harper,Black,Blue
1163,ZEI-6-MM5571,Rare,Captain,Rabbit Kyle,White,Blue
1164,ZEI-6-MM4875,Rare,Captain,Owl Taylor,Brown,Blue
1165,ZEI-6-MM8239,Rare,Captain,Cat Casey,White,Blue
1166,ZEI-6-MM7126,Rare,Captain,Monkey Charlie,Black,Blue
1167,ZEI-6-MM2646,Rare,Captain,Dog Kai,Black,Blue
1168,ZEI-6-MM9758,Rare,Captain,Dog Pat,White,Blue
1169,ZEI-6-MM6835,Rare,Captain,Cat Skyler,White,Blue
1170,ZEI-6-MM8331,Rare,Captain,Cat Jamie,White,Blue
1171,ZEI-6-MM1061,Rare,Captain,Owl Devin,Brown,Blue
1172,ZEI-6-MM4078,Rare,Captain,Dog Bailey,White,Blue
1173,ZEI-6-MM2082,Rare,Captain,Rabbit Logan,Black,Blue
1174,ZEI-6-MM2442,Rare,Captain,Dog Cameron,Black,Blue
1175,ZEI-6-MM2242,Rare,Captain,Monkey Ripley,Brown,Blue
1176,ZEI-6-MM3020,Rare,Captain,Dog Addison,Black,Blue
1177,ZEI-6-MM7599,Rare,Captain,Mouse Rory,White,Blue
1178,ZEI-6-MM7528,Rare,Captain,Monkey Arden,Black,Blue
1179,ZEI-6-MM7206,Rare,Captain,Mouse Spencer,Black,Blue
1180,ZEI-6-MM5188,Rare,Captain,Cat Dylan,Black,Blue
1181,ZEI-6-MM5104,Rare,Captain,Monkey Dakota,White,Blue
1182,ZEI-6-MM4444,Rare,Captain,Monkey Blake,Brown,Blue
1183,ZEI-6-MM4467,Rare,Captain,Dog Drew,White,Blue
1184,ZEI-6-MM8472,Rare,Captain,Mouse Kerry,White,Blue
1185,ZEI-6-MM2454,Rare,Captain,Cat Harper,Black,Blue
1186,ZEI-6-MM3890,Rare,Captain,Monkey Frankie,Black,Blue
1187,ZEI-6-MM3048,Rare,Pirate,Dog Pat,Black,Blue
1188,ZEI-6-MM2822,Rare,Pirate,Rabbit Tracy,White,Blue
1189,ZEI-6-MM4523,Rare,Pirate,Monkey Ripley,Black,Blue
1190,ZEI-6-MM2332,Rare,Pirate,Cat Jamie,Black,Blue
1191,ZEI-6-MM8150,Rare,Pirate,Cat Ellis,Black,Blue
1192,ZEI-6-MM9410,Rare,Pirate,Rabbit Logan,White,Blue
1193,ZEI-6-MM1875,Rare,Pirate,Cat Casey,Black,Blue
1194,ZEI-6-MM9288,Rare,Pirate,Bear Dana,Black,Blue
1195,ZEI-6-MM5540,Rare,Pirate,Dog Emerson,White,Blue
1196,ZEI-6-MM1730,Rare,Pirate,Rabbit Peyton,Black,Blue
1197,ZEI-6-MM2884,Rare,Pirate,Monkey Parker,White,Blue
1198,ZEI-6-MM6646,Rare,Pirate,Cat Harper,White,Blue
1199,ZEI-6-MM1482,Rare,Pirate,Dog Bailey,Black,Blue
1200,ZEI-6-MM5997,Rare,Pirate,Mouse Avery,White,Blue
1201,ZEI-6-MM9311,Rare,Pirate,Monkey Hayden,Black,Blue
1202,ZEI-6-MM8999,Rare,Pirate,Dog Noel,White,Blue
1203,ZEI-6-MM6698,Rare,Pirate,Cat Dylan,White,Blue
1204,ZEI-6-MM3824,Rare,Pirate,Dog Cameron,White,Blue
1205,ZEI-6-MM2041,Rare,Pirate,Bear Riley,brown,Blue
1206,ZEI-6-MM8665,Rare,Pirate,Rabbit Kyle,Black,Blue
1207,ZEI-6-MM1830,Rare,Pirate,Mouse Rory,Black,Blue
1208,ZEI-6-MM4459,Rare,Pirate,Rabbit Finley,Black,Blue
1209,ZEI-6-MM7358,Rare,Mighty Pirate,Dog Noel,Black,Blue
1210,ZEI-6-MM3280,Rare,Mighty Pirate,Owl Taylor,Brown,Blue
1211,ZEI-6-MM9125,Rare,Mighty Pirate,Mouse Avery,Black,Blue
1212,ZEI-6-MM6189,Rare,Mighty Pirate,Mouse Spencer,Black,Blue
1213,ZEI-6-MM5113,Rare,Mighty Pirate,Rabbit Kyle,White,Blue
1214,ZEI-6-MM1958,Rare,Mighty Pirate,Cat Ellis,White,Blue
1215,ZEI-6-MM8313,Rare,Mighty Pirate,Dog Addison,Black,Blue
1216,ZEI-6-MM3966,Rare,Mighty Pirate,Rabbit Finley,White,Blue
1217,ZEI-6-MM2040,Rare,Mighty Pirate,Monkey Blake,brown,Blue
1218,ZEI-6-MM2961,Rare,Mighty Pirate,Monkey Frankie,Black,Blue
1219,ZEI-6-MM9681,Rare,Mighty Pirate,Dog Morgan,White,Blue
1220,ZEI-6-MM8659,Rare,Mighty Pirate,Cat Lane,Black,Blue
1221,ZEI-6-MM9870,Rare,Mighty Pirate,Cat Casey,White,Blue
1222,ZEI-6-MM5709,Rare,Mighty Pirate,Dog Pat,White,Blue
1223,ZEI-6-MM4586,Rare,Mighty Pirate,Owl Devin,Brown,Blue
1224,ZEI-6-MM1325,Rare,Mighty Pirate,Rabbit Ashton,Black,Blue
1225,ZEI-6-MM1502,Rare,Mighty Pirate,Cat Jamie,White,Blue
1226,ZEI-6-MM9265,Rare,Mighty Pirate,Rabbit Tracy,Black,Blue
1227,ZEI-6-MM1390,Rare,Mighty Pirate,Monkey Parker,Black,Blue
1228,ZEI-6-MM9308,Rare,Mighty Pirate,Cat Dylan,Black,Blue
1229,ZEI-6-MM8904,Rare,Mighty Pirate,Mouse Rory,White,Blue
1230,ZEI-6-MM2972,Rare,Mighty Pirate,Cat Adrian,White,Blue
1231,ZEI-6-MM6740,Rare,Archaeologist,Cat Lane,White,Blue
1232,ZEI-6-MM5903,Rare,Archaeologist,Rabbit Jesse,White,Blue
1233,ZEI-6-MM4888,Rare,Archaeologist,Mouse Avery,White,Blue
1234,ZEI-6-MM6820,Rare,Archaeologist,Dog Drew,Black,Blue
1235,ZEI-6-MM3036,Rare,Archaeologist,Mouse Spencer,White,Blue
1236,ZEI-6-MM1412,Rare,Archaeologist,Cat Marley,Black,Blue
1237,ZEI-6-MM1202,Rare,Archaeologist,Monkey Charlie,Brown,Blue
1238,ZEI-6-MM1755,Rare,Archaeologist,Monkey Parker,White,Blue
1239,ZEI-6-MM8620,Rare,Archaeologist,Dog Addison,White,Blue
1240,ZEI-6-MM2358,Rare,Archaeologist,Cat Dylan,White,Blue
1241,ZEI-6-MM6469,Rare,Archaeologist,Monkey Arden,Brown,Blue
1242,ZEI-6-MM5206,Rare,Archaeologist,Rabbit Tracy,White,Blue
1243,ZEI-6-MM1920,Rare,Archaeologist,Monkey Hayden,Black,Blue
1244,ZEI-6-MM2463,Rare,Archaeologist,Dog Cameron,White,Blue
1245,ZEI-6-MM4400,Rare,Archaeologist,Monkey Frankie,White,Blue
1246,ZEI-6-MM7120,Rare,Archaeologist,Cat Skyler,Black,Blue
1247,ZEI-6-MM5308,Rare,Archaeologist,Dog Noel,White,Blue
1248,ZEI-6-MM2879,Rare,Archaeologist,Cat Jamie,Black,Blue
1249,ZEI-6-MM7481,Rare,Archaeologist,Cat Casey,Black,Blue
1250,ZEI-6-MM8934,Rare,Detective,Rabbit Kyle,Black,Blue
1251,ZEI-6-MM9011,Rare,Detective,Cat Rowan,White,Blue
1252,ZEI-6-MM8102,Rare,Detective,Rabbit Jesse,White,Blue
1253,ZEI-6-MM4630,Rare,Detective,Monkey Arden,Brown,Blue
1254,ZEI-6-MM4550,Rare,Detective,Owl Taylor,Black,Blue
1255,ZEI-6-MM6205,Rare,Detective,Dog Addison,White,Blue
1256,ZEI-6-MM8157,Rare,Detective,Mouse Spencer,White,Blue
1257,ZEI-6-MM9313,Rare,Detective,Cat Casey,Black,Blue
1258,ZEI-6-MM6511,Rare,Detective,Monkey Frankie,White,Blue
1259,ZEI-6-MM7609,Rare,Detective,Cat Ellis,Black,Blue
1260,ZEI-6-MM9569,Rare,Detective,Dog Pat,Black,Blue
1261,ZEI-6-MM5187,Rare,Detective,Dog Noel,White,Blue
1262,ZEI-6-MM7789,Rare,Detective,Cat Adrian,Black,Blue
1263,ZEI-6-MM5719,Rare,Detective,Cat Harper,White,Blue
1264,ZEI-6-MM1105,Rare,Detective,Monkey Hayden,Black,Blue
1265,ZEI-6-MM3315,Rare,Detective,Dog Drew,Black,Blue
1266,ZEI-6-MM7375,Rare,Detective,Monkey Charlie,Brown,Blue
1267,ZEI-6-MM2946,Rare,Detective,Monkey Blake,Black,Blue
1268,ZEI-6-MM6586,Rare,Detective,Mouse Kerry,Black,Blue
1269,ZEI-6-MM3756,Rare,Detective,Bear Dana,Black,Blue
1270,ZEI-6-MM5147,Rare,Detective,Bear Riley,brown,Blue
1271,ZEI-6-MM6637,Rare,Hacker,Monkey Charlie,Brown,Blue
1272,ZEI-6-MM8834,Rare,Hacker,Dog Emerson,White,Blue
1273,ZEI-6-MM7525,Rare,Hacker,Owl Aubrey,Black,Blue
1274,ZEI-6-MM4300,Rare,Hacker,Rabbit Finley,Black,Blue
1275,ZEI-6-MM6000,Rare,Hacker,Monkey Ripley,Black,Blue
1276,ZEI-6-MM9322,Rare,Hacker,Dog Hunter,Black,Blue
1277,ZEI-6-MM8233,Rare,Hacker,Cat Rowan,White,Blue
1278,ZEI-6-MM8575,Rare,Hacker,Cat Jamie,Black,Blue
1279,ZEI-6-MM3451,Rare,Hacker,Mouse Rory,Black,Blue
1280,ZEI-6-MM2683,Rare,Hacker,Mouse Kerry,Black,Blue
1281,ZEI-6-MM1948,Rare,Hacker,Mouse Avery,White,Blue
1282,ZEI-6-MM6875,Rare,Hacker,Dog Kai,White,Blue
1283,ZEI-6-MM8122,Rare,Hacker,Monkey Arden,Brown,Blue
1284,ZEI-6-MM8642,Rare,Hacker,Dog Bailey,Black,Blue
1285,ZEI-6-MM8898,Rare,Hacker,Monkey Parker,White,Blue
1286,ZEI-6-MM8728,Rare,Hacker,Dog Pat,Black,Blue
1287,ZEI-6-MM8521,Rare,Hacker,Cat Blair,White,Blue
1288,ZEI-6-MM1822,Rare,Master,Dog Bailey,Black,Blue
1289,ZEI-6-MM1379,Rare,Master,Cat Rowan,White,Blue
1290,ZEI-6-MM5848,Rare,Master,Cat Skyler,Black,Blue
1291,ZEI-6-MM5785,Rare,Master,Rabbit Peyton,White,Blue
1292,ZEI-6-MM7750,Rare,Master,Cat Blair,White,Blue
1293,ZEI-6-MM7330,Rare,Master,Monkey Ripley,Brown,Blue
1294,ZEI-6-MM8663,Rare,Master,Mouse Kerry,White,Blue
1295,ZEI-6-MM5497,Rare,Master,Cat Marley,Black,Blue
1296,ZEI-6-MM1186,Rare,Master,Rabbit Logan,Black,Blue
1297,ZEI-6-MM5406,Rare,Master,Rabbit Kyle,White,Blue
1298,ZEI-6-MM1287,Rare,Master,Rabbit Finley,White,Blue
1299,ZEI-6-MM5579,Rare,Master,Rabbit Ashton,Black,Blue
1300,ZEI-6-MM7058,Rare,Master,Monkey Frankie,Black,Blue
1301,ZEI-6-MM3176,Rare,Master,Cat Jamie,Black,Blue
1302,ZEI-6-MM8307,Rare,Master,Mouse Mackenzie,Black,Blue
1303,ZEI-6-MM4927,Rare,Master,Dog Kai,White,Blue
1304,ZEI-6-MM4410,Rare,Master,Cat Ellis,Black,Blue
1305,ZEI-6-MM2566,Rare,Master,Dog Addison,White,Blue
1306,ZEI-6-MM3221,Rare,Master,Dog Emerson,White,Blue
1307,ZEI-6-MM9183,Rare,Master,Rabbit Jesse,Black,Blue
1308,ZEI-6-MM2605,Rare,Master,Bear Riley,brown,Blue
1309,ZEI-6-MM1797,Rare,Master,Monkey Charlie,Black,Blue
1310,ZEI-6-MM4355,Rare,Master,Monkey Arden,Black,Blue
1311,ZEI-6-MM4849,Rare,Master,Monkey Dakota,White,Blue
1312,ZEI-6-MM6101,Rare,Master,Dog Noel,Black,Blue
1313,ZEI-6-MM1216,Rare,Master,Cat Dylan,White,Blue
1314,ZEI-6-MM3704,Rare,Master,Cat Casey,Black,Blue
1315,ZEI-6-MM7605,Rare,Master,Bear Dana,Black,Blue
1316,ZEI-6-MM5248,Rare,Martial Artist,Mouse Spencer,Black,Blue
1317,ZEI-6-MM4111,Rare,Martial Artist,Cat Marley,Black,Blue
1318,ZEI-6-MM7415,Rare,Martial Artist,Cat Blair,White,Blue
1319,ZEI-6-MM7591,Rare,Martial Artist,Dog Pat,White,Blue
1320,ZEI-6-MM4566,Rare,Martial Artist,Monkey Dakota,White,Blue
1321,ZEI-6-MM7677,Rare,Martial Artist,Mouse Rory,White,Blue
1322,ZEI-6-MM1898,Rare,Martial Artist,Dog Bailey,Black,Blue
1323,ZEI-6-MM7044,Rare,Martial Artist,Rabbit Kyle,White,Blue
1324,ZEI-6-MM2503,Rare,Martial Artist,Cat Harper,White,Blue
1325,ZEI-6-MM8780,Rare,Martial Artist,Monkey Charlie,Black,Blue
1326,ZEI-6-MM9883,Rare,Martial Artist,Cat Dylan,White,Blue
1327,ZEI-6-MM5823,Rare,Martial Artist,Cat Adrian,Black,Blue
1328,ZEI-6-MM3628,Rare,Martial Artist,Cat Ellis,Black,Blue
1329,ZEI-6-MM3760,Rare,Martial Artist,Owl Devin Brown,Brown,Blue
1330,ZEI-6-MM1416,Rare,Martial Artist,Monkey Ripley,Brown,Blue
1331,ZEI-6-MM4182,Rare,Martial Artist,Cat Skyler,Black,Blue
1332,ZEI-6-MM2229,Rare,Martial Artist,Dog Noel,Black,Blue
1333,ZEI-6-MM7114,Rare,Martial Artist,Dog Addison,White,Blue
1334,ZEI-6-MM6354,Rare,Martial Artist,Cat Jamie,Black,Blue
1335,ZEI-6-MM5664,Rare,Martial Artist,Cat Lane,White,Blue
1336,ZEI-6-MM2293,Rare,Martial Artist,Rabbit Ashton,Black,Blue
1337,ZEI-6-MM7824,Rare,Martial Artist,Monkey Arden,Black,Blue
1338,ZEI-6-MM3415,Rare,Mighty Master,Monkey Parker,Black,Blue
1339,ZEI-6-MM8126,Rare,Mighty Master,Rabbit Kyle,White,Blue
1340,ZEI-6-MM6336,Rare,Mighty Master,Rabbit Finley,White,Blue
1341,ZEI-6-MM6986,Rare,Mighty Master,Cat Jamie,White,Blue
1342,ZEI-6-MM4628,Rare,Mighty Master,Mouse Rory,White,Blue
1343,ZEI-6-MM7901,Rare,Mighty Master,Mouse Kerry,White,Blue
1344,ZEI-6-MM9302,Rare,Mighty Master,Cat Marley,White,Blue
1345,ZEI-6-MM9728,Rare,Mighty Master,Monkey Charlie,Black,Blue
1346,ZEI-6-MM5712,Rare,Mighty Master,Cat Ellis,White,Blue
1347,ZEI-6-MM5860,Rare,Mighty Master,Dog Bailey,White,Blue
1348,ZEI-6-MM4065,Rare,Mighty Master,Cat Skyler,White,Blue
1349,ZEI-6-MM4574,Rare,Mighty Master,Cat Rowan,Black,Blue
1350,ZEI-6-MM1018,Rare,Mighty Master,Rabbit Jesse,Black,Blue
1351,ZEI-6-MM1291,Rare,Mighty Master,Cat Dylan,Black,Blue
1352,ZEI-6-MM1524,Rare,Mighty Master,Monkey Arden,Black,Blue
1353,ZEI-6-MM6449,Rare,Mighty Master,Owl Taylor,Brown,Blue
1354,ZEI-6-MM5286,Rare,Mighty Master,Bear Dana,Black,Blue
1355,ZEI-6-MM3179,Rare,Mighty Master,Mouse Spencer,Black,Blue
1356,ZEI-6-MM9699,Rare,Mighty Master,Rabbit Tracy,Black,Blue
1357,ZEI-6-MM3464,Rare,Mighty Master,Dog Emerson,Black,Blue
1358,ZEI-6-MM9516,Rare,Mighty Master,Monkey Hayden,brown,Blue
1359,ZEI-6-MM5642,Rare,Mighty Master,Dog Morgan,White,Blue
1360,ZEI-6-MM3148,Rare,Mighty Master,Mouse Avery,Black,Blue
1361,ZEI-6-MM6488,Rare,Mighty Master,Cat Lane,Black,Blue
1362,ZEI-6-MM8981,Rare,Pilot,Cat Jamie,Black,Blue
1363,ZEI-6-MM7454,Rare,Pilot,Dog Emerson,White,Blue
1364,ZEI-6-MM6207,Rare,Pilot,Cat Dylan,White,Blue
1365,ZEI-6-MM8273,Rare,Pilot,Cat Rowan,White,Blue
1366,ZEI-6-MM3304,Rare,Pilot,Cat Casey,Black,Blue
1367,ZEI-6-MM2506,Rare,Pilot,Dog Hunter,Black,Blue
1368,ZEI-6-MM3113,Rare,Pilot,Monkey Charlie,Brown,Blue
1369,ZEI-6-MM3219,Rare,Pilot,Cat Blair,White,Blue
1370,ZEI-6-MM2825,Rare,Pilot,Monkey Arden,Brown,Blue
1371,ZEI-6-MM6530,Rare,Pilot,Dog Drew,Black,Blue
1372,ZEI-6-MM8189,Rare,Pilot,Monkey Blake,Black,Blue
1373,ZEI-6-MM2065,Rare,Pilot,Mouse Avery,White,Blue
1374,ZEI-6-MM4133,Rare,Pilot,Mouse Spencer,White,Blue
1375,ZEI-6-MM4135,Rare,Pilot,Rabbit Finley,Black,Blue
1376,ZEI-6-MM6971,Rare,Pilot,Monkey Ripley,Black,Blue
1377,ZEI-6-MM7027,Rare,Pilot,Owl Taylor Brown,Brown,Blue
1378,ZEI-6-MM5122,Rare,Pilot,Monkey Dakota,Black,Blue
1379,ZEI-6-MM2204,Rare,Pilot,Rabbit Tracy,White,Blue
1380,ZEI-6-MM7008,Rare,Sailor,Bear Riley,brown,Blue
1381,ZEI-6-MM5138,Rare,Sailor,Monkey Frankie,Black,Blue
1382,ZEI-6-MM4263,Rare,Sailor,Cat Casey,Black,Blue
1383,ZEI-6-MM3153,Rare,Sailor,Cat Lane,White,Blue
1384,ZEI-6-MM5957,Rare,Sailor,Monkey Hayden,Brown,Blue
1385,ZEI-6-MM7727,Rare,Sailor,Dog Emerson,White,Blue
1386,ZEI-6-MM6793,Rare,Sailor,Dog Drew,Black,Blue
1387,ZEI-6-MM3708,Rare,Sailor,Rabbit Kyle,White,Blue
1388,ZEI-6-MM8725,Rare,Sailor,Dog Noel,Black,Blue
1389,ZEI-6-MM4854,Rare,Sailor,Mouse Kerry,White,Blue
1390,ZEI-6-MM4468,Rare,Sailor,Rabbit Finley,White,Blue
1391,ZEI-6-MM9044,Rare,Sailor,Dog Cameron,White,Blue
1392,ZEI-6-MM8340,Rare,Sailor,Mouse Avery,Black,Blue
1393,ZEI-6-MM6161,Rare,Sailor,Cat Marley,Black,Blue
1394,ZEI-6-MM1499,Rare,Sailor,Cat Harper,White,Blue
1395,ZEI-6-MM4321,Rare,Sailor,Mouse Rory,White,Blue
1396,ZEI-6-MM2952,Rare,Sailor,Mouse Mackenzie,Black,Blue
1397,ZEI-6-MM6899,Rare,Sailor,Cat Ellis,Black,Blue
1398,ZEI-6-MM9656,Rare,Sailor,Dog Addison,White,Blue
1399,ZEI-6-MM9272,Rare,Sailor,Cat Rowan,White,Blue
1400,ZEI-6-MM8464,Rare,Sailor,Mouse Spencer,Black,Blue
1401,ZEI-6-MM1440,Rare,Sailor,Monkey Dakota,White,Blue
1402,ZEI-6-MM9497,Rare,Sailor,Dog Pat,White,Blue
1403,ZEI-6-MM5883,Rare,Sailor,Monkey Parker,Black,Blue
1404,ZEI-6-MM8784,Rare,Sailor,Dog Bailey,Black,Blue
1405,ZEI-6-MM7400,Rare,Priest,Monkey Hayden,Black,Blue
1406,ZEI-6-MM5329,Rare,Priest,Cat Casey,Black,Blue
1407,ZEI-6-MM8520,Rare,Priest,Cat Blair,White,Blue
1408,ZEI-6-MM9057,Rare,Priest,Owl Devin,White,Blue
1409,ZEI-6-MM2019,Rare,Priest,Dog Drew,Black,Blue
1410,ZEI-6-MM9083,Rare,Priest,Rabbit Logan,White,Blue
1411,ZEI-6-MM3487,Rare,Priest,Rabbit Peyton,Black,Blue
1412,ZEI-6-MM4462,Rare,Priest,Mouse Kerry,Black,Blue
1413,ZEI-6-MM8248,Rare,Priest,Mouse Mackenzie,White,Blue
1414,ZEI-6-MM7922,Rare,Priest,Dog Emerson,White,Blue
1415,ZEI-6-MM9755,Rare,Priest,Mouse Spencer,White,Blue
1416,ZEI-6-MM5501,Rare,Priest,Dog Noel,White,Blue
1417,ZEI-6-MM8339,Rare,Priest,Rabbit Tracy,White,Blue
1418,ZEI-6-MM7296,Rare,Priest,Dog Hunter,Black,Blue
1419,ZEI-6-MM7102,Rare,Priest,Rabbit Kyle,Black,Blue
1420,ZEI-6-MM5794,Rare,Priest,Cat Harper,White,Blue
1421,ZEI-6-MM4994,Rare,Priest,Monkey Ripley,Black,Blue
1422,ZEI-6-MM9457,Rare,Priest,Cat Jamie,Black,Blue
1423,ZEI-6-MM7713,Rare,Priest,Dog Cameron,White,Blue
1424,ZEI-6-MM3463,Rare,Priest,Cat Marley,Black,Blue
1425,ZEI-6-MM8133,Rare,Magician,Owl Devin Brown,Brown,Blue
1426,ZEI-6-MM1839,Rare,Magician,Dog Cameron,White,Blue
1427,ZEI-6-MM1886,Rare,Magician,Cat Blair,White,Blue
1428,ZEI-6-MM7261,Rare,Magician,Rabbit Peyton,White,Blue
1429,ZEI-6-MM6309,Rare,Magician,Cat Rowan,White,Blue
1430,ZEI-6-MM3540,Rare,Magician,Bear Riley,brown,Blue
1431,ZEI-6-MM7061,Rare,Magician,Dog Noel,Black,Blue
1432,ZEI-6-MM4803,Rare,Magician,Cat Harper,White,Blue
1433,ZEI-6-MM1143,Rare,Magician,Monkey Hayden,Brown,Blue
1434,ZEI-6-MM2743,Rare,Magician,Rabbit Jesse,Black,Blue
1435,ZEI-6-MM8182,Rare,Magician,Cat Jamie,Black,Blue
1436,ZEI-6-MM6120,Rare,Magician,Owl Aubrey,White,Blue
1437,ZEI-6-MM6321,Rare,Magician,Mouse Mackenzie,Black,Blue
1438,ZEI-6-MM8511,Rare,Magician,Mouse Spencer,Black,Blue
1439,ZEI-6-MM2874,Rare,Magician,Dog Bailey,Black,Blue
1440,ZEI-6-MM6281,Rare,Magician,Dog Pat,White,Blue
1441,ZEI-6-MM4061,Rare,Magician,Cat Lane,White,Blue
1442,ZEI-6-MM4047,Rare,Magician,Monkey Ripley,Brown,Blue
1443,ZEI-6-MM6584,Rare,Magician,Monkey Frankie,Black,Blue
1444,ZEI-6-MM1713,Rare,Magician,Monkey Arden,Black,Blue
1445,ZEI-6-MM2627,Rare,Magician,Cat Adrian,Black,Blue
1446,ZEI-6-MM2831,Rare,Clown,Owl Devin Brown,Brown,Blue
1447,ZEI-6-MM1889,Rare,Clown,Bear Dana,White,Blue
1448,ZEI-6-MM7770,Rare,Clown,Rabbit Logan,White,Blue
1449,ZEI-6-MM2892,Rare,Clown,Monkey Charlie,Brown,Blue
1450,ZEI-6-MM7291,Rare,Clown,Monkey Arden,Brown,Blue
1451,ZEI-6-MM9287,Rare,Clown,Cat Marley,White,Blue
1452,ZEI-6-MM5750,Rare,Clown,Dog Noel,White,Blue
1453,ZEI-6-MM9658,Rare,Clown,Monkey Frankie,Black,Blue
1454,ZEI-6-MM7775,Rare,Clown,Mouse Mackenzie,Black,Blue
1455,ZEI-6-MM2287,Rare,Clown,Rabbit Logan,Black,Blue
1456,ZEI-6-MM4407,Rare,Clown,Rabbit Tracy,Black,Blue
1457,ZEI-6-MM4642,Rare,Clown,Cat Jamie,White,Blue
1458,ZEI-6-MM4032,Rare,Clown,Dog Hunter,White,Blue
1459,ZEI-6-MM7766,Rare,Clown,Dog Kai,Black,Blue
1460,ZEI-6-MM8513,Rare,Clown,Cat Ellis,White,Blue
1461,ZEI-6-MM9933,Rare,Clown,Rabbit Jesse,White,Blue
1462,ZEI-6-MM2959,Rare,Clown,Cat Blair,Black,Blue
1463,ZEI-6-MM4337,Rare,Clown,Cat Rowan,Black,Blue
1464,ZEI-6-MM2662,Rare,Clown,Cat Adrian,White,Blue
1465,ZEI-6-MM5227,Rare,Clown,Dog Addison,Black,Blue
1466,ZEI-6-MM6913,Rare,Clown,Dog Emerson,Black,Blue
1467,ZEI-6-MM2931,Rare,Clown,Dog Bailey,White,Blue
1468,ZEI-6-MM4235,Rare,Clown,Rabbit Ashton,White,Blue
1469,ZEI-6-MM6902,Rare,Clown,Dog Cameron,Black,Blue
1470,ZEI-6-MM2056,Rare,Clown,Cat Skyler,White,Blue
1471,ZEI-6-MM7747,Rare,Clown,Monkey Frankie,White,Blue
1472,ZEI-6-MM9999,Rare,Scientist,Dog Cameron,White,Blue
1473,ZEI-6-MM2852,Rare,Scientist,Cat Harper,White,Blue
1474,ZEI-6-MM5720,Rare,Scientist,Monkey Charlie,Brown,Blue
1475,ZEI-6-MM2580,Rare,Scientist,Bear Riley,Black,Blue
1476,ZEI-6-MM4484,Rare,Scientist,Rabbit Kyle,Black,Blue
1477,ZEI-6-MM3068,Rare,Scientist,Monkey Ripley,Black,Blue
1478,ZEI-6-MM9701,Rare,Scientist,Cat Dylan,Black,Blue
1479,ZEI-6-MM6500,Rare,Scientist,Monkey Dakota,Black,Blue
1480,ZEI-6-MM1668,Rare,Scientist,Dog Kai,White,Blue
1481,ZEI-6-MM5762,Rare,Scientist,Monkey Hayden,Black,Blue
1482,ZEI-6-MM7786,Rare,Scientist,Cat Blair,White,Blue
1483,ZEI-6-MM1623,Rare,Scientist,Mouse Mackenzie,White,Blue
1484,ZEI-6-MM7300,Rare,Scientist,Mouse Rory,Black,Blue
1485,ZEI-6-MM8138,Rare,Scientist,Rabbit Tracy,White,Blue
1486,ZEI-6-MM5925,Rare,Scientist,Dog Addison,White,Blue
1487,ZEI-6-MM5014,Rare,Scientist,Rabbit Jesse,White,Blue
1488,ZEI-6-MM3367,Rare,Scientist,Cat Rowan,White,Blue
1489,ZEI-6-MM8426,Rare,Scientist,Cat Harper,Black,Blue
1490,ZEI-6-MM5598,Rare,Scientist,Monkey Blake,Black,Blue
1491,ZEI-6-MM3071,Rare,Singer,Cat Jamie,Black,Blue
1492,ZEI-6-MM5121,Rare,Singer,Mouse Kerry,White,Blue
1493,ZEI-6-MM2835,Rare,Singer,Monkey Frankie,Black,Blue
1494,ZEI-6-MM3060,Rare,Singer,Mouse Avery,Black,Blue
1495,ZEI-6-MM4719,Rare,Singer,Rabbit Finley,White,Blue
1496,ZEI-6-MM1275,Rare,Singer,Rabbit Logan,Black,Blue
1497,ZEI-6-MM8641,Rare,Singer,Cat Ellis,Black,Blue
1498,ZEI-6-MM9706,Rare,Singer,Cat Casey,Black,Blue
1499,ZEI-6-MM5314,Rare,Singer,Dog Hunter,Black,Blue
1500,ZEI-6-MM1606,Rare,Singer,Cat Dylan,White,Blue
1501,ZEI-6-MM6499,Rare,Singer,Cat Marley,Black,Blue
1502,ZEI-6-MM4618,Rare,Singer,Dog Emerson,White,Blue
1503,ZEI-6-MM5856,Rare,Singer,Monkey Charlie,Black,Blue
1504,ZEI-6-MM5901,Rare,Singer,Bear Riley,brown,Blue
1505,ZEI-6-MM8212,Rare,Singer,Mouse Spencer,Black,Blue
1506,ZEI-6-MM5186,Rare,Singer,Cat Skyler,Black,Blue
1507,ZEI-6-MM5952,Rare,Singer,Cat Adrian,Black,Blue
1508,ZEI-6-MM8321,Rare,Singer,Cat Lane,White,Blue
1509,ZEI-6-MM1826,Rare,Singer,Owl Devin Brown,Brown,Blue
1510,ZEI-6-MM8283,Rare,Singer,Dog Drew,Black,Blue
1511,ZEI-6-MM2705,Rare,Singer,Cat Blair,White,Blue
1512,ZEI-6-MM1464,Rare,Singer,Dog Kai,White,Blue
1513,ZEI-6-MM4099,Rare,Singer,Dog Pat,White,Blue
1514,ZEI-6-MM9583,Rare,Singer,Owl Aubrey,White,Blue
1515,ZEI-6-MM2858,Rare,Doctor,Dog Emerson,White,Blue
1516,ZEI-6-MM3767,Rare,Doctor,Rabbit Jesse,White,Blue
1517,ZEI-6-MM6774,Rare,Doctor,Mouse Avery,White,Blue
1518,ZEI-6-MM4541,Rare,Doctor,Cat Jamie,Black,Blue
1519,ZEI-6-MM2163,Rare,Doctor,Owl Aubrey,Black,Blue
1520,ZEI-6-MM5486,Rare,Doctor,Bear Dana,Black,Blue
1521,ZEI-6-MM6932,Rare,Doctor,Dog Pat,Black,Blue
1522,ZEI-6-MM1389,Rare,Doctor,Cat Dylan,White,Blue
1523,ZEI-6-MM7338,Rare,Doctor,Cat Lane,White,Blue
1524,ZEI-6-MM5109,Rare,Doctor,Monkey Arden,Brown,Blue
1525,ZEI-6-MM7152,Rare,Doctor,Cat Adrian,Black,Blue
1526,ZEI-6-MM5906,Rare,Doctor,Mouse Spencer,White,Blue
1527,ZEI-6-MM9664,Rare,Doctor,Cat Marley,Black,Blue
1528,ZEI-6-MM9620,Rare,Doctor,Rabbit Finley,Black,Blue
1529,ZEI-6-MM5815,Rare,Doctor,Rabbit Kyle,Black,Blue
1530,ZEI-6-MM8424,Rare,Doctor,Dog Addison,White,Blue
1531,ZEI-6-MM3346,Rare,Doctor,Owl Taylor Brown,Brown,Blue
1532,ZEI-6-MM3247,Rare,Doctor,Rabbit Tracy,White,Blue
1533,ZEI-6-MM7593,Common,Boxer,Monkey Ripley,Brown,Blue
1534,ZEI-6-MM1021,Common,Boxer,Cat Casey,Black,Blue
1535,ZEI-6-MM3117,Common,Boxer,Mouse Kerry,Black,Blue
1536,ZEI-6-MM1750,Common,Boxer,Dog Emerson,Black,Blue
1537,ZEI-6-MM9722,Common,Boxer,Cat Marley,Black,Blue
1538,ZEI-6-MM3417,Common,Boxer,Dog Cameron,Black,Blue
1539,ZEI-6-MM3339,Common,Boxer,Dog Kai,Black,Blue
1540,ZEI-6-MM4796,Common,Boxer,Monkey Blake,Brown,Blue
1541,ZEI-6-MM5819,Common,Boxer,Dog Pat,Black,Blue
1542,ZEI-6-MM4775,Common,Boxer,Cat Adrian,Black,Blue
1543,ZEI-6-MM9477,Common,Boxer,Cat Ellis,Black,Blue
1544,ZEI-6-MM3124,Common,Boxer,Owl Taylor Brown,Brown,Blue
1545,ZEI-6-MM8394,Common,Boxer,Rabbit Kyle,Black,Blue
1546,ZEI-6-MM8402,Common,Boxer,Owl Taylor Brown,Brown,Blue
1547,ZEI-6-MM7433,Common,Boxer,Rabbit Peyton,White,Blue
1548,ZEI-6-MM4559,Common,Boxer,Rabbit Kyle,White,Blue
1549,ZEI-6-MM4418,Common,Boxer,Dog Emerson,White,Blue
1550,ZEI-6-MM5529,Common,Boxer,Rabbit Finley,White,Blue
1551,ZEI-6-MM3949,Common,Boxer,Cat Blair,White,Blue
1552,ZEI-6-MM6258,Common,Boxer,Cat Rowan,White,Blue
1553,ZEI-6-MM8416,Common,Boxer,Monkey Ripley,Brown,Blue
1554,ZEI-6-MM7224,Common,Boxer,Mouse Kerry,White,Blue
1555,ZEI-6-MM2083,Common,Boxer,Owl Aubrey,White,Blue
1556,ZEI-6-MM2194,Common,Boxer,Cat Lane,White,Blue
1557,ZEI-6-MM2052,Common,Boxer,Cat Dylan,White,Blue
1558,ZEI-6-MM3223,Common,Boxer,Monkey Hayden,Brown,Blue
1559,ZEI-6-MM4012,Common,Boxer,Monkey Dakota,White,Blue
1560,ZEI-6-MM5086,Common,Boxer,Dog Kai,White,Blue
1561,ZEI-6-MM9892,Common,Boxer,Cat Harper,White,Blue
1562,ZEI-6-MM2331,Common,Mighty Boxer,Monkey Blake,brown,Blue
1563,ZEI-6-MM4562,Common,Mighty Boxer,Bear Kelly,White,Blue
1564,ZEI-6-MM6867,Common,Mighty Boxer,Cat Lane,Black,Blue
1565,ZEI-6-MM5172,Common,Mighty Boxer,Cat Marley,White,Blue
1566,ZEI-6-MM5968,Common,Mighty Boxer,Cat Ellis,White,Blue
1567,ZEI-6-MM4455,Common,Mighty Boxer,Owl Aubrey,White,Blue
1568,ZEI-6-MM7582,Common,Mighty Boxer,Dog Kai,Black,Blue
1569,ZEI-6-MM4842,Common,Mighty Boxer,Dog Cameron,Black,Blue
1570,ZEI-6-MM4156,Common,Mighty Boxer,Monkey Charlie,Black,Blue
1571,ZEI-6-MM5787,Common,Mighty Boxer,Dog Morgan,White,Blue
1572,ZEI-6-MM6099,Common,Mighty Boxer,Owl Devin,Brown,Blue
1573,ZEI-6-MM1355,Common,Mighty Boxer,Cat Dylan,Black,Blue
1574,ZEI-6-MM6771,Common,Mighty Boxer,Rabbit Ashton,Black,Blue
1575,ZEI-6-MM6895,Common,Mighty Boxer,Cat Jamie,White,Blue
1576,ZEI-6-MM7007,Common,Mighty Boxer,Cat Blair,Black,Blue
1577,ZEI-6-MM1828,Common,Mighty Boxer,Dog Hunter,White,Blue
1578,ZEI-6-MM3362,Common,Mighty Boxer,Dog Noel,Black,Blue
1579,ZEI-6-MM3666,Common,Mighty Boxer,Rabbit Finley,White,Blue
1580,ZEI-6-MM2044,Common,Mighty Boxer,Dog Bailey,White,Blue
1581,ZEI-6-MM8959,Common,Artist,Rabbit Kyle,White,Blue
1582,ZEI-6-MM7587,Common,Artist,Mouse Mackenzie,Black,Blue
1583,ZEI-6-MM4514,Common,Artist,Owl Devin Brown,Brown,Blue
1584,ZEI-6-MM2763,Common,Artist,Rabbit Peyton,White,Blue
1585,ZEI-6-MM6921,Common,Artist,Rabbit Tracy,Black,Blue
1586,ZEI-6-MM9974,Common,Artist,Monkey Dakota,White,Blue
1587,ZEI-6-MM6575,Common,Artist,Dog Bailey,Black,Blue
1588,ZEI-6-MM2265,Common,Artist,Dog Noel,Black,Blue
1589,ZEI-6-MM1991,Common,Artist,Dog Drew,Black,Blue
1590,ZEI-6-MM9751,Common,Artist,Mouse Rory,White,Blue
1591,ZEI-6-MM2152,Common,Artist,Cat Adrian,Black,Blue
1592,ZEI-6-MM7034,Common,Artist,Dog Pat,White,Blue
1593,ZEI-6-MM7498,Common,Artist,Bear Dana,Black,Blue
1594,ZEI-6-MM8183,Common,Artist,Cat Blair,White,Blue
1595,ZEI-6-MM5068,Common,Artist,Dog Cameron,White,Blue
1596,ZEI-6-MM4209,Common,Artist,Monkey Blake,Brown,Blue
1597,ZEI-6-MM4654,Common,Artist,Mouse Kerry,White,Blue
1598,ZEI-6-MM4904,Common,Artist,Dog Addison,White,Blue
1599,ZEI-6-MM3647,Common,Artist,Cat Jamie,Black,Blue
1600,ZEI-6-MM8223,Common,Artist,Rabbit Finley,White,Blue
1601,ZEI-6-MM2479,Common,Artist,Cat Ellis,Black,Blue
1602,ZEI-6-MM3885,Common,Artist,Cat Casey,Black,Blue
1603,ZEI-6-MM7443,Common,Artist,Monkey Hayden,Brown,Blue
1604,ZEI-6-MM7329,Common,Artist,Owl Taylor,Black,Blue
1605,ZEI-6-MM4992,Common,Artist,Cat Rowan,White,Blue
1606,ZEI-6-MM4134,Common,Artist,Rabbit Jesse,Black,Blue
1607,ZEI-6-MM7855,Common,Artist,Monkey Arden,Black,Blue
1608,ZEI-6-MM2725,Common,Musician,Rabbit Kyle,White,Blue
1609,ZEI-6-MM6443,Common,Musician,Dog Kai,White,Blue
1610,ZEI-6-MM2716,Common,Musician,Cat Skyler,Black,Blue
1611,ZEI-6-MM3031,Common,Musician,Rabbit Finley,White,Blue
1612,ZEI-6-MM1685,Common,Musician,Dog Hunter,Black,Blue
1613,ZEI-6-MM7408,Common,Musician,Bear Dana,Black,Blue
1614,ZEI-6-MM3097,Common,Musician,Cat Rowan,White,Blue
1615,ZEI-6-MM7997,Common,Musician,Mouse Spencer,Black,Blue
1616,ZEI-6-MM1605,Common,Musician,Mouse Rory,White,Blue
1617,ZEI-6-MM7964,Common,Musician,Owl Aubrey,White,Blue
1618,ZEI-6-MM6184,Common,Musician,Cat Jamie,Black,Blue
1619,ZEI-6-MM8003,Common,Musician,Monkey Hayden,Brown,Blue
1620,ZEI-6-MM3577,Common,Musician,Monkey Parker,Black,Blue
1621,ZEI-6-MM7773,Common,Musician,Dog Pat,White,Blue
1622,ZEI-6-MM6856,Common,Musician,Cat Harper,White,Blue
1623,ZEI-6-MM7416,Common,Musician,Mouse Avery,Black,Blue
1624,ZEI-6-MM3127,Common,Musician,Owl Taylor,Black,Blue
1625,ZEI-6-MM9774,Common,Musician,Monkey Arden,Black,Blue
1626,ZEI-6-MM3420,Common,Musician,Cat Adrian,Black,Blue
1627,ZEI-6-MM1957,Common,Musician,Monkey Ripley,Brown,Blue
1628,ZEI-6-MM5281,Common,Musician,Owl Devin Brown,Brown,Blue
1629,ZEI-6-MM2100,Common,Musician,Rabbit Tracy,Black,Blue
1630,ZEI-6-MM4486,Common,Musician,Bear Riley,brown,Blue
1631,ZEI-6-MM9031,Common,Musician,Rabbit Logan,Black,Blue
1632,ZEI-6-MM9130,Common,Musician,Rabbit Jesse,Black,Blue
1633,ZEI-6-MM7208,Common,Musician,Mouse Mackenzie,Black,Blue
1634,ZEI-6-MM8090,Common,Musician,Monkey Frankie,Black,Blue
1635,ZEI-6-MM2104,Common,Musician,Dog Drew,Black,Blue
1636,ZEI-6-MM8327,Common,Chef,Cat Rowan,White,Blue
1637,ZEI-6-MM8374,Common,Chef,Dog Noel,Black,Blue
1638,ZEI-6-MM6223,Common,Chef,Rabbit Tracy,Black,Blue
1639,ZEI-6-MM5935,Common,Chef,Cat Adrian,Black,Blue
1640,ZEI-6-MM5238,Common,Chef,Mouse Kerry,White,Blue
1641,ZEI-6-MM5494,Common,Chef,Rabbit Kyle,White,Blue
1642,ZEI-6-MM4196,Common,Chef,Owl Taylor,Black,Blue
1643,ZEI-6-MM1497,Common,Chef,Bear Dana,Black,Blue
1644,ZEI-6-MM2768,Common,Chef,Mouse Rory,White,Blue
1645,ZEI-6-MM4917,Common,Chef,Monkey Arden,Black,Blue
1646,ZEI-6-MM1337,Common,Chef,Mouse Avery,Black,Blue
1647,ZEI-6-MM2719,Common,Chef,Dog Pat,White,Blue
1648,ZEI-6-MM9703,Common,Chef,Cat Ellis,Black,Blue
1649,ZEI-6-MM2034,Common,Chef,Monkey Ripley,Brown,Blue
1650,ZEI-6-MM8896,Common,Chef,Cat Dylan,White,Blue
1651,ZEI-6-MM6172,Common,Chef,Dog Cameron,White,Blue
1652,ZEI-6-MM1108,Common,Chef,Dog Bailey,Black,Blue
1653,ZEI-6-MM3985,Common,Chef,Dog Hunter,Black,Blue
1654,ZEI-6-MM5410,Common,Chef,Mouse Mackenzie,Black,Blue
1655,ZEI-6-MM9252,Common,Chef,Rabbit Logan,Black,Blue
1656,ZEI-6-MM2866,Common,Chef,Dog Drew,Black,Blue
1657,ZEI-6-MM6442,Common,Chef,Cat Skyler,Black,Blue
1658,ZEI-6-MM7575,Common,Server,Dog Cameron,White,Blue
1659,ZEI-6-MM4740,Common,Server,Monkey Frankie,Black,Blue
1660,ZEI-6-MM3555,Common,Server,Bear Dana,Black,Blue
1661,ZEI-6-MM5721,Common,Server,Monkey Hayden,Brown,Blue
1662,ZEI-6-MM6160,Common,Server,Monkey Charlie,Black,Blue
1663,ZEI-6-MM6697,Common,Server,Monkey Arden,Black,Blue
1664,ZEI-6-MM4938,Common,Server,Dog Drew,Black,Blue
1665,ZEI-6-MM5279,Common,Server,Cat Jamie,Black,Blue
1666,ZEI-6-MM7190,Common,Server,Rabbit Ashton,Black,Blue
1667,ZEI-6-MM5542,Common,Server,Rabbit Logan,Black,Blue
1668,ZEI-6-MM6987,Common,Server,Cat Adrian,Black,Blue
1669,ZEI-6-MM5006,Common,Server,Dog Pat,White,Blue
1670,ZEI-6-MM5258,Common,Server,Dog Hunter,Black,Blue
1671,ZEI-6-MM4154,Common,Server,Cat Skyler,Black,Blue
1672,ZEI-6-MM1184,Common,Server,Dog Addison,White,Blue
1673,ZEI-6-MM2208,Common,Server,Cat Ellis,Black,Blue
1674,ZEI-6-MM8062,Common,Server,Cat Lane,White,Blue
1675,ZEI-6-MM7869,Common,Server,Mouse Kerry,White,Blue
1676,ZEI-6-MM1271,Common,Server,Bear Riley,brown,Blue
1677,ZEI-6-MM8935,Common,Server,Dog Kai,White,Blue
1678,ZEI-6-MM1353,Common,Server,Cat Marley,Black,Blue
1679,ZEI-6-MM8000,Common,Server,Cat Blair,White,Blue
1680,ZEI-6-MM5608,Common,Server,Monkey Parker,Black,Blue
1681,ZEI-6-MM2185,Common,Server,Rabbit Finley,White,Blue
1682,ZEI-6-MM7176,Common,Server,Monkey Ripley,Brown,Blue
1683,ZEI-6-MM5658,Common,Firefighter,Cat Jamie,Black,Blue
1684,ZEI-6-MM9622,Common,Firefighter,Bear Riley,brown,Blue
1685,ZEI-6-MM1751,Common,Firefighter,Monkey Dakota,White,Blue
1686,ZEI-6-MM3393,Common,Firefighter,Dog Addison,White,Blue
1687,ZEI-6-MM6424,Common,Firefighter,Mouse Avery,Black,Blue
1688,ZEI-6-MM1420,Common,Firefighter,Rabbit Jesse,Black,Blue
1689,ZEI-6-MM6843,Common,Firefighter,Monkey Parker,Black,Blue
1690,ZEI-6-MM6313,Common,Firefighter,Dog Cameron,White,Blue
1691,ZEI-6-MM6622,Common,Firefighter,Owl Devin,Brown,Blue
1692,ZEI-6-MM3812,Common,Firefighter,Cat Rowan,White,Blue
1693,ZEI-6-MM1856,Common,Firefighter,Owl Taylor,Brown,Blue
1694,ZEI-6-MM3684,Common,Firefighter,Monkey Hayden,Brown,Blue
1695,ZEI-6-MM8403,Common,Firefighter,Dog Bailey,Black,Blue
1696,ZEI-6-MM4414,Common,Firefighter,Cat Adrian,Black,Blue
1697,ZEI-6-MM4408,Common,Firefighter,Rabbit Kyle,White,Blue
1698,ZEI-6-MM5195,Common,Firefighter,Cat Skyler,Black,Blue
1699,ZEI-6-MM3680,Common,Firefighter,Monkey Arden,Black,Blue
1700,ZEI-6-MM3321,Common,Firefighter,Mouse Kerry,White,Blue
1701,ZEI-6-MM2494,Common,Firefighter,Mouse Mackenzie,Black,Blue
1702,ZEI-6-MM2510,Common,Firefighter,Monkey Ripley,Brown,Blue
1703,ZEI-6-MM2114,Common,Firefighter,Monkey Charlie,Black,Blue
1704,ZEI-6-MM3976,Common,Firefighter,Owl Aubrey,White,Blue
1705,ZEI-6-MM5528,Common,Firefighter,Bear Dana,Black,Blue
1706,ZEI-6-MM7928,Common,Firefighter,Cat Blair,White,Blue
1707,ZEI-6-MM7289,Common,Firefighter,Rabbit Finley,White,Blue
1708,ZEI-6-MM9810,Common,Firefighter,Dog Emerson,White,Blue
1709,ZEI-6-MM8683,Common,Firefighter,Monkey Blake,Brown,Blue
1710,ZEI-6-MM7668,Common,Diver,Cat Rowan,White,Blue
1711,ZEI-6-MM7714,Common,Diver,Dog Bailey,Black,Blue
1712,ZEI-6-MM4085,Common,Diver,Monkey Arden,Black,Blue
1713,ZEI-6-MM8186,Common,Diver,Rabbit Kyle,White,Blue
1714,ZEI-6-MM1809,Common,Diver,Mouse Mackenzie,Black,Blue
1715,ZEI-6-MM9337,Common,Diver,Dog Addison,White,Blue
1716,ZEI-6-MM6322,Common,Diver,Cat Casey,Black,Blue
1717,ZEI-6-MM6148,Common,Diver,Cat Harper,White,Blue
1718,ZEI-6-MM9495,Common,Diver,Cat Skyler,Black,Blue
1719,ZEI-6-MM6056,Common,Diver,Dog Hunter,Black,Blue
1720,ZEI-6-MM9091,Common,Diver,Dog Kai,White,Blue
1721,ZEI-6-MM8722,Common,Diver,Cat Dylan,White,Blue
1722,ZEI-6-MM7132,Common,Diver,Cat Adrian,Black,Blue
1723,ZEI-6-MM1192,Common,Diver,Dog Noel,Black,Blue
1724,ZEI-6-MM9633,Common,Diver,Monkey Parker,Black,Blue
1725,ZEI-6-MM4137,Common,Diver,Mouse Avery,Black,Blue
1726,ZEI-6-MM5332,Common,Diver,Monkey Hayden,Brown,Blue
1727,ZEI-6-MM5239,Common,Diver,Cat Marley,Black,Blue
1728,ZEI-6-MM1471,Common,Diver,Monkey Ripley,Brown,Blue
1729,ZEI-6-MM5667,Common,Plumber,Mouse Kerry,White,Blue
1730,ZEI-6-MM2131,Common,Plumber,Dog Addison,White,Blue
1731,ZEI-6-MM9589,Common,Plumber,Monkey Frankie,Black,Blue
1732,ZEI-6-MM2655,Common,Plumber,Owl Taylor,Brown,Blue
1733,ZEI-6-MM3973,Common,Plumber,Dog Pat,White,Blue
1734,ZEI-6-MM2397,Common,Plumber,Rabbit Jesse,Black,Blue
1735,ZEI-6-MM4971,Common,Plumber,Rabbit Finley,White,Blue
1736,ZEI-6-MM9512,Common,Plumber,Dog Bailey,Black,Blue
1737,ZEI-6-MM6760,Common,Plumber,Monkey Ripley,Brown,Blue
1738,ZEI-6-MM3918,Common,Plumber,Owl Aubrey,White,Blue
1739,ZEI-6-MM9991,Common,Plumber,Cat Jamie,Black,Blue
1740,ZEI-6-MM1804,Common,Plumber,Rabbit Peyton,White,Blue
1741,ZEI-6-MM7510,Common,Plumber,Rabbit Tracy,Black,Blue
1742,ZEI-6-MM3136,Common,Plumber,Mouse Rory,White,Blue
1743,ZEI-6-MM7583,Common,Plumber,Cat Adrian,Black,Blue
1744,ZEI-6-MM7073,Common,Plumber,Dog Cameron,White,Blue
1745,ZEI-6-MM5908,Common,Plumber,Cat Skyler,Black,Blue
1746,ZEI-6-MM3951,Common,Plumber,Cat Lane,White,Blue
1747,ZEI-6-MM6984,Common,Plumber,Monkey Blake,Brown,Blue
1748,ZEI-6-MM6949,Common,Plumber,Cat Dylan,White,Blue
1749,ZEI-6-MM4968,Common,Plumber,Monkey Charlie,Black,Blue
1750,ZEI-6-MM9442,Common,Plumber,Dog Drew,Black,Blue
1751,ZEI-6-MM1836,Common,Plumber,Cat Casey,Black,Blue
1752,ZEI-6-MM6973,Common,Police Officer,Rabbit Kyle,White,Blue
1753,ZEI-6-MM9207,Common,Police Officer,Monkey Frankie,Black,Blue
1754,ZEI-6-MM3792,Common,Police Officer,Owl Devin,Brown,Blue
1755,ZEI-6-MM7782,Common,Police Officer,Rabbit Logan,Black,Blue
1756,ZEI-6-MM9994,Common,Police Officer,Dog Pat,White,Blue
1757,ZEI-6-MM3105,Common,Police Officer,Cat Harper,White,Blue
1758,ZEI-6-MM6188,Common,Police Officer,Dog Cameron,White,Blue
1759,ZEI-6-MM3765,Common,Police Officer,Cat Casey,Black,Blue
1760,ZEI-6-MM9993,Common,Police Officer,Monkey Parker,Black,Blue
1761,ZEI-6-MM3279,Common,Police Officer,Mouse Mackenzie,Black,Blue
1762,ZEI-6-MM6995,Common,Police Officer,Monkey Charlie,Black,Blue
1763,ZEI-6-MM5525,Common,Police Officer,Monkey Blake,Brown,Blue
1764,ZEI-6-MM5265,Common,Police Officer,Mouse Avery,Black,Blue
1765,ZEI-6-MM7697,Common,Police Officer,Rabbit Jesse,Black,Blue
1766,ZEI-6-MM4762,Common,Police Officer,Dog Noel,Black,Blue
1767,ZEI-6-MM3656,Common,Police Officer,Rabbit Peyton,White,Blue
1768,ZEI-6-MM2018,Common,Police Officer,Cat Dylan,White,Blue
1769,ZEI-6-MM9373,Common,Police Officer,Rabbit Tracy,Black,Blue
1770,ZEI-6-MM1973,Common,Police Officer,Monkey Hayden,Brown,Blue
1771,ZEI-6-MM9711,Common,Police Officer,Rabbit Finley,White,Blue
1772,ZEI-6-MM2867,Common,Police Officer,Cat Rowan,White,Blue
1773,ZEI-6-MM7936,Common,Police Officer,Mouse Kerry,White,Blue
1774,ZEI-6-MM2974,Common,Police Officer,Dog Kai,White,Blue
1775,ZEI-6-MM1825,Common,Police Officer,Dog Hunter,Black,Blue
1776,ZEI-6-MM7918,Common,Police Officer,Owl Taylor,Brown,Blue
1777,ZEI-6-MM5387,Common,Police Officer,Owl Aubrey,White,Blue
1778,ZEI-6-MM7933,Common,Police Officer,Dog Bailey,Black,Blue
1779,ZEI-6-MM9684,Common,Police Officer,Rabbit Ashton,Black,Blue
1780,ZEI-6-MM6780,Common,Mighty Police,Dog Bailey,White,Blue
1781,ZEI-6-MM9445,Common,Mighty Police,Monkey Charlie,Black,Blue
1782,ZEI-6-MM2693,Common,Mighty Police,Cat Adrian,White,Blue
1783,ZEI-6-MM1059,Common,Mighty Police,Monkey Dakota,White,Blue
1784,ZEI-6-MM9546,Common,Mighty Police,Owl Devin,Brown,Blue
1785,ZEI-6-MM7840,Common,Mighty Police,Monkey Arden,Black,Blue
1786,ZEI-6-MM1774,Common,Mighty Police,Cat Rowan,Black,Blue
1787,ZEI-6-MM7842,Common,Mighty Police,Rabbit Tracy,Black,Blue
1788,ZEI-6-MM2634,Common,Mighty Police,Bear Kelly,White,Blue
1789,ZEI-6-MM9519,Common,Mighty Police,Rabbit Jesse,Black,Blue
1790,ZEI-6-MM8543,Common,Mighty Police,Bear Riley,Black,Blue
1791,ZEI-6-MM8498,Common,Mighty Police,Mouse Spencer,Black,Blue
1792,ZEI-6-MM6501,Common,Mighty Police,Monkey Parker,Black,Blue
1793,ZEI-6-MM6864,Common,Mighty Police,Cat Blair,Black,Blue
1794,ZEI-6-MM4576,Common,Mighty Police,Cat Marley,White,Blue
1795,ZEI-6-MM4998,Common,Mighty Police,Dog Emerson,Black,Blue
1796,ZEI-6-MM8849,Common,Mighty Police,Cat Casey,White,Blue
1797,ZEI-6-MM9366,Common,Mighty Police,Cat Harper,Black,Blue
1798,ZEI-6-MM5706,Common,Mighty Police,Mouse Avery,Black,Blue
1799,ZEI-6-MM7963,Common,Mighty Police,Bear Dana,Black,Blue
1800,ZEI-6-MM1788,Common,Mighty Police,Dog Noel,Black,Blue
1801,ZEI-6-MM2592,Common,Mighty Police,Owl Aubrey,White,Blue
1802,ZEI-6-MM4316,Common,Mighty Police,Cat Jamie,White,Blue
1803,ZEI-6-MM4735,Common,Mighty Police,Dog Cameron,Black,Blue
1804,ZEI-6-MM4920,Common,Mighty Police,Dog Hunter,White,Blue
1805,ZEI-6-MM5988,Common,Mighty Police,Cat Dylan,Black,Blue
1806,ZEI-6-MM6325,Common,Mighty Police,Rabbit Kyle,White,Blue
1807,ZEI-6-MM7334,Common,Mighty Police,Dog Drew,White,Blue
1808,ZEI-6-MM8551,Common,Mighty Police,Cat Skyler,White,Blue
1809,ZEI-6-MM7796,Common,Mountaineer,Rabbit Finley,White,Blue
1810,ZEI-6-MM2907,Common,Mountaineer,Mouse Kerry,White,Blue
1811,ZEI-6-MM9833,Common,Mountaineer,Rabbit Jesse,Black,Blue
1812,ZEI-6-MM8074,Common,Mountaineer,Dog Pat,White,Blue
1813,ZEI-6-MM3173,Common,Mountaineer,Monkey Arden,Black,Blue
1814,ZEI-6-MM2316,Common,Mountaineer,Cat Lane,White,Blue
1815,ZEI-6-MM3637,Common,Mountaineer,Cat Dylan,White,Blue
1816,ZEI-6-MM4294,Common,Mountaineer,Mouse Rory,White,Blue
1817,ZEI-6-MM4607,Common,Mountaineer,Monkey Frankie,Black,Blue
1818,ZEI-6-MM1044,Common,Mountaineer,Dog Addison,White,Blue
1819,ZEI-6-MM5057,Common,Mountaineer,Mouse Spencer,Black,Blue
1820,ZEI-6-MM7870,Common,Mountaineer,Dog Emerson,White,Blue
1821,ZEI-6-MM6557,Common,Mountaineer,Cat Ellis,Black,Blue
1822,ZEI-6-MM7260,Common,Mountaineer,Dog Cameron,White,Blue
1823,ZEI-6-MM3492,Common,Mountaineer,Mouse Avery,Black,Blue
1824,ZEI-6-MM6551,Common,Mountaineer,Dog Noel,Black,Blue
1825,ZEI-6-MM1568,Common,Mountaineer,Cat Skyler,Black,Blue
1826,ZEI-6-MM6249,Common,Mountaineer,Cat Blair,White,Blue
1827,ZEI-6-MM5212,Common,Mountaineer,Monkey Ripley,Brown,Blue
1828,ZEI-6-MM9488,Common,Mountaineer,Owl Taylor,Black,Blue
1829,ZEI-6-MM5453,Common,Mountaineer,Owl Devin Brown,Brown,Blue
1830,ZEI-6-MM4715,Common,Mountaineer,Mouse Mackenzie,Black,Blue
1831,ZEI-6-MM7726,Common,Mountaineer,Dog Kai,White,Blue
1832,ZEI-6-MM3098,Common,Mountaineer,Rabbit Peyton,White,Blue
1833,ZEI-6-MM7978,Common,Basketball Player,Owl Aubrey,White,Blue
1834,ZEI-6-MM8721,Common,Basketball Player,Cat Jamie,Black,Blue
1835,ZEI-6-MM3103,Common,Basketball Player,Monkey Hayden,Brown,Blue
1836,ZEI-6-MM6069,Common,Basketball Player,Dog Drew,Black,Blue
1837,ZEI-6-MM1011,Common,Basketball Player,Mouse Mackenzie,Black,Blue
1838,ZEI-6-MM1141,Common,Basketball Player,Cat Blair,White,Blue
1839,ZEI-6-MM5502,Common,Basketball Player,Monkey Dakota,White,Blue
1840,ZEI-6-MM1260,Common,Basketball Player,Bear Riley,brown,Blue
1841,ZEI-6-MM7414,Common,Basketball Player,Dog Hunter,Black,Blue
1842,ZEI-6-MM1174,Common,Basketball Player,Cat Ellis,Black,Blue
1843,ZEI-6-MM4788,Common,Basketball Player,Cat Harper,White,Blue
1844,ZEI-6-MM1430,Common,Basketball Player,Dog Noel,Black,Blue
1845,ZEI-6-MM3999,Common,Basketball Player,Cat Casey,Black,Blue
1846,ZEI-6-MM2839,Common,Basketball Player,Rabbit Logan,Black,Blue
1847,ZEI-6-MM5229,Common,Basketball Player,Cat Rowan,White,Blue
1848,ZEI-6-MM8652,Common,Basketball Player,Mouse Spencer,Black,Blue
1849,ZEI-6-MM9319,Common,Basketball Player,Dog Bailey,Black,Blue
1850,ZEI-6-MM5596,Common,Basketball Player,Mouse Rory,White,Blue
1851,ZEI-6-MM9347,Common,Basketball Player,Cat Marley,Black,Blue
1852,ZEI-6-MM1201,Common,Basketball Player,Monkey Parker,Black,Blue
1853,ZEI-6-MM2559,Common,Basketball Player,Monkey Charlie,Black,Blue
1854,ZEI-6-MM4440,Common,Basketball Player,Dog Kai,White,Blue
1855,ZEI-6-MM4757,Common,Basketball Player,Cat Lane,White,Blue
1856,ZEI-6-MM8519,Common,Basketball Player,Cat Adrian,Black,Blue
1857,ZEI-6-MM8047,Common,Basketball Player,Dog Pat,White,Blue
1858,ZEI-6-MM5722,Common,Basketball Player,Owl Taylor,Black,Blue
1859,ZEI-6-MM3799,Common,Basketball Player,Cat Jamie,Black,Blue
1860,ZEI-6-MM7049,Common,Basketball Player,Dog Kai,White,Blue
1861,ZEI-6-MM6253,Common,Basketball Player,Dog Noel,Black,Blue
1862,ZEI-6-MM6510,Common,Basketball Player,Rabbit Tracy,Black,Blue
1863,ZEI-6-MM7401,Common,Basketball Player,Dog Pat,White,Blue
1864,ZEI-6-MM6538,Common,Basketball Player,Monkey Hayden,Brown,Blue
1865,ZEI-6-MM5554,Common,Basketball Player,Cat Dylan,White,Blue
1866,ZEI-6-MM2475,Common,Basketball Player,Monkey Arden,Black,Blue
1867,ZEI-6-MM3119,Common,Basketball Player,Monkey Parker,Black,Blue
1868,ZEI-6-MM9691,Common,Basketball Player,Rabbit Logan,Black,Blue
1869,ZEI-6-MM5108,Common,Basketball Player,Dog Bailey,Black,Blue
1870,ZEI-6-MM1924,Common,Basketball Player,Rabbit Finley,White,Blue
1871,ZEI-6-MM4216,Common,Basketball Player,Cat Harper,White,Blue
1872,ZEI-6-MM9315,Common,Basketball Player,Rabbit Kyle,White,Blue
1873,ZEI-6-MM1707,Common,Basketball Player,Dog Addison,White,Blue
1874,ZEI-6-MM3581,Common,Basketball Player,Dog Hunter,Black,Blue
1875,ZEI-6-MM8300,Common,Basketball Player,Cat Ellis,Black,Blue
1876,ZEI-6-MM4017,Common,Basketball Player,Cat Marley,Black,Blue
1877,ZEI-6-MM8295,Common,Basketball Player,Mouse Avery,Black,Blue
1878,ZEI-6-MM1865,Common,Basketball Player,Dog Drew,Black,Blue
1879,ZEI-6-MM2837,Common,Basketball Player,Dog Emerson,White,Blue
1880,ZEI-6-MM6198,Common,Basketball Player,Mouse Rory,White,Blue
1881,ZEI-6-MM7511,Common,Basketball Player,Rabbit Peyton,White,Blue
1882,ZEI-6-MM2660,Common,Basketball Player,Bear Dana,Black,Blue
1883,ZEI-6-MM6931,Common,Basketball Player,Rabbit Ashton,Black,Blue
1884,ZEI-6-MM1535,Common,Soccer Player,Cat Skyler,Black,Blue
1885,ZEI-6-MM3574,Common,Soccer Player,Cat Jamie,Black,Blue
1886,ZEI-6-MM3675,Common,Soccer Player,Cat Blair,White,Blue
1887,ZEI-6-MM3735,Common,Soccer Player,Dog Addison,White,Blue
1888,ZEI-6-MM9074,Common,Soccer Player,Mouse Kerry,White,Blue
1889,ZEI-6-MM1038,Common,Soccer Player,Monkey Blake,Brown,Blue
1890,ZEI-6-MM3092,Common,Soccer Player,Monkey Hayden,Brown,Blue
1891,ZEI-6-MM4958,Common,Soccer Player,Rabbit Ashton,Black,Blue
1892,ZEI-6-MM7394,Common,Soccer Player,Dog Pat,White,Blue
1893,ZEI-6-MM1458,Common,Soccer Player,Mouse Spencer,Black,Blue
1894,ZEI-6-MM5039,Common,Soccer Player,Dog Drew,Black,Blue
1895,ZEI-6-MM8964,Common,Soccer Player,Monkey Frankie,Black,Blue
1896,ZEI-6-MM4420,Common,Soccer Player,Owl Devin Brown,Brown,Blue
1897,ZEI-6-MM2228,Common,Soccer Player,Rabbit Peyton,White,Blue
1898,ZEI-6-MM3910,Common,Soccer Player,Dog Kai,White,Blue
1899,ZEI-6-MM3227,Common,Soccer Player,Cat Marley,Black,Blue
1900,ZEI-6-MM2864,Common,Soccer Player,Cat Rowan,White,Blue
1901,ZEI-6-MM2148,Common,Soccer Player,Monkey Arden,Black,Blue
1902,ZEI-6-MM2612,Common,Soccer Player,Mouse Mackenzie,Black,Blue
1903,ZEI-6-MM7756,Common,Soccer Player,Cat Adrian,Black,Blue
1904,ZEI-6-MM1431,Common,Soccer Player,Owl Devin Brown,Brown,Blue
1905,ZEI-6-MM4226,Common,Soccer Player,Cat Harper,White,Blue
1906,ZEI-6-MM8917,Common,Soccer Player,Mouse Kerry,White,Blue
1907,ZEI-6-MM1007,Common,Soccer Player,Rabbit Finley,White,Blue
1908,ZEI-6-MM8343,Common,Soccer Player,Mouse Avery,Black,Blue
1909,ZEI-6-MM7434,Common,Soccer Player,Bear Dana,Black,Blue
1910,ZEI-6-MM7395,Common,Soccer Player,Monkey Parker,Black,Blue
1911,ZEI-6-MM5389,Common,Soccer Player,Cat Ellis,Black,Blue
1912,ZEI-6-MM6100,Common,Soccer Player,Mouse Rory,White,Blue
1913,ZEI-6-MM9930,Common,Soccer Player,Monkey Blake,Brown,Blue
1914,ZEI-6-MM8162,Common,Soccer Player,Cat Marley,Black,Blue
1915,ZEI-6-MM3203,Common,Soccer Player,Monkey Charlie,Black,Blue
1916,ZEI-6-MM2113,Common,Soccer Player,Dog Drew,Black,Blue
1917,ZEI-6-MM4603,Common,Soccer Player,Rabbit Peyton,White,Blue
1918,ZEI-6-MM8358,Common,Soccer Player,Cat Casey,Black,Blue
1919,ZEI-6-MM8294,Common,Soccer Player,Bear Riley,brown,Blue
1920,ZEI-6-MM5101,Common,Soccer Player,Dog Pat,White,Blue
1921,ZEI-6-MM9092,Common,Soccer Player,Dog Noel,Black,Blue
1922,ZEI-6-MM3519,Common,Soccer Player,Owl Taylor,Black,Blue
1923,ZEI-6-MM4114,Common,Soccer Player,Dog Cameron,White,Blue
1924,ZEI-6-MM8614,Common,Soccer Player,Monkey Arden,Black,Blue
1925,ZEI-6-MM2085,Common,Soccer Player,Mouse Spencer,Black,Blue
1926,ZEI-6-MM2205,Common,Soccer Player,Cat Adrian,Black,Blue
1927,ZEI-6-MM3010,Common,Soccer Player,Dog Hunter,Black,Blue
1928,ZEI-6-MM8095,Common,Soccer Player,Rabbit Tracy,Black,Blue
1929,ZEI-6-MM1344,Common,Soccer Player,Rabbit Kyle,White,Blue
1930,ZEI-6-MM9253,Common,Soccer Player,Dog Kai,White,Blue
1931,ZEI-6-MM8209,Common,Soccer Player,Cat Blair,White,Blue
1932,ZEI-6-MM8686,Common,Soccer Player,Cat Dylan,White,Blue
1933,ZEI-6-MM2514,Common,Soccer Player,Rabbit Logan,Black,Blue
1934,ZEI-6-MM1603,Common,Soccer Player,Monkey Ripley,Brown,Blue
1935,ZEI-6-MM7502,Common,Tennis Player,Dog Kai,White,Blue
1936,ZEI-6-MM4239,Common,Tennis Player,Cat Dylan,White,Blue
1937,ZEI-6-MM7156,Common,Tennis Player,Cat Blair,White,Blue
1938,ZEI-6-MM4155,Common,Tennis Player,Dog Emerson,White,Blue
1939,ZEI-6-MM8457,Common,Tennis Player,Monkey Frankie,Black,Blue
1940,ZEI-6-MM2708,Common,Tennis Player,Mouse Kerry,White,Blue
1941,ZEI-6-MM4236,Common,Tennis Player,Dog Cameron,White,Blue
1942,ZEI-6-MM3930,Common,Tennis Player,Cat Casey,Black,Blue
1943,ZEI-6-MM8463,Common,Tennis Player,Rabbit Finley,White,Blue
1944,ZEI-6-MM8811,Common,Tennis Player,Dog Hunter,Black,Blue
1945,ZEI-6-MM9697,Common,Tennis Player,Owl Taylor,Black,Blue
1946,ZEI-6-MM7679,Common,Tennis Player,Monkey Ripley,Brown,Blue
1947,ZEI-6-MM9376,Common,Tennis Player,Dog Drew,Black,Blue
1948,ZEI-6-MM8179,Common,Tennis Player,Mouse Rory,White,Blue
1949,ZEI-6-MM1376,Common,Tennis Player,Rabbit Tracy,Black,Blue
1950,ZEI-6-MM7893,Common,Tennis Player,Dog Addison,White,Blue
1951,ZEI-6-MM2551,Common,Tennis Player,Dog Pat,White,Blue
1952,ZEI-6-MM4388,Common,Tennis Player,Monkey Dakota,White,Blue
1953,ZEI-6-MM4521,Common,Tennis Player,Mouse Avery,Black,Blue
1954,ZEI-6-MM1857,Common,Tennis Player,Rabbit Ashton,Black,Blue
1955,ZEI-6-MM2840,Common,Tennis Player,Monkey Charlie,Black,Blue
1956,ZEI-6-MM3266,Common,Tennis Player,Rabbit Logan,Black,Blue
1957,ZEI-6-MM7627,Common,Tennis Player,Bear Riley,brown,Blue
1958,ZEI-6-MM1218,Common,Tennis Player,Owl Devin Brown,Brown,Blue
1959,ZEI-6-MM4758,Common,Tennis Player,Cat Jamie,Black,Blue
1960,ZEI-6-MM4423,Common,Tennis Player,Dog Bailey,Black,Blue
1961,ZEI-6-MM3551,Common,Tennis Player,Cat Adrian,Black,Blue
1962,ZEI-6-MM6301,Common,Tennis Player,Cat Rowan,White,Blue
1963,ZEI-6-MM4212,Common,Tennis Player,Rabbit Ashton,Black,Blue
1964,ZEI-6-MM4852,Common,Tennis Player,Cat Lane,White,Blue
1965,ZEI-6-MM9654,Common,Tennis Player,Owl Taylor,Black,Blue
1966,ZEI-6-MM8769,Common,Tennis Player,Monkey Frankie,Black,Blue
1967,ZEI-6-MM7419,Common,Tennis Player,Monkey Parker,Black,Blue
1968,ZEI-6-MM9206,Common,Tennis Player,Dog Noel,Black,Blue
1969,ZEI-6-MM6097,Common,Tennis Player,Bear Dana,Black,Blue
1970,ZEI-6-MM3353,Common,Tennis Player,Bear Riley,brown,Blue
1971,ZEI-6-MM9677,Common,Tennis Player,Monkey Dakota,White,Blue
1972,ZEI-6-MM2993,Common,Tennis Player,Dog Drew,Black,Blue
1973,ZEI-6-MM5701,Common,Tennis Player,Cat Dylan,White,Blue
1974,ZEI-6-MM2829,Common,Tennis Player,Dog Hunter,Black,Blue
1975,ZEI-6-MM1349,Common,Tennis Player,Mouse Rory,White,Blue
1976,ZEI-6-MM6480,Common,Tennis Player,Cat Marley,Black,Blue
1977,ZEI-6-MM6937,Common,Tennis Player,Rabbit Finley,White,Blue
1978,ZEI-6-MM6414,Common,Tennis Player,Monkey Blake,Brown,Blue
1979,ZEI-6-MM1079,Common,Tennis Player,Cat Ellis,Black,Blue
1980,ZEI-6-MM2425,Common,Tennis Player,Dog Bailey,Black,Blue
1981,ZEI-6-MM6444,Common,Tennis Player,Mouse Mackenzie,Black,Blue
1982,ZEI-6-MM8168,Common,Tennis Player,Dog Pat,White,Blue
1983,ZEI-6-MM5839,Common,Tennis Player,Cat Skyler,Black,Blue
1984,ZEI-6-MM9472,Common,Tennis Player,Dog Cameron,White,Blue
1985,ZEI-6-MM7160,Common,Tennis Player,Rabbit Jesse,Black,Blue
1986,ZEI-6-MM3494,Common,Tennis Player,Rabbit Kyle,White,Blue
1987,ZEI-6-MM1586,Common,Tennis Player,Monkey Arden,Black,Blue
1988,ZEI-6-MM8177,Common,Tennis Player,Monkey Charlie,Black,Blue
1989,ZEI-6-MM1421,Common,Tennis Player,Owl Aubrey,White,Blue
1990,ZEI-6-MM4495,Common,Tennis Player,Owl Devin Brown,Brown,Blue
1991,ZEI-6-MM8529,Common,Gangster,Dog Hunter,Black,Blue
1992,ZEI-6-MM6212,Common,Gangster,Rabbit Finley,White,Blue
1993,ZEI-6-MM8816,Common,Gangster,Dog Emerson,White,Blue
1994,ZEI-6-MM1332,Common,Gangster,Bear Dana,Black,Blue
1995,ZEI-6-MM9089,Common,Gangster,Dog Drew,Black,Blue
1996,ZEI-6-MM5130,Common,Gangster,Monkey Charlie,Black,Blue
1997,ZEI-6-MM9397,Common,Gangster,Dog Bailey,Black,Blue
1998,ZEI-6-MM8870,Common,Gangster,Cat Adrian,Black,Blue
1999,ZEI-6-MM4492,Common,Gangster,Owl Aubrey,White,Blue
2000,ZEI-6-MM2350,Common,Gangster,Rabbit Tracy,Black,Blue
2001,ZEI-6-MM1824,Common,Gangster,Cat Rowan,White,Blue
2002,ZEI-6-MM3061,Common,Gangster,Rabbit Jesse,Black,Blue
2003,ZEI-6-MM3537,Common,Gangster,Rabbit Logan,Black,Blue
2004,ZEI-6-MM7187,Common,Gangster,Cat Casey,Black,Blue
2005,ZEI-6-MM1583,Common,Gangster,Mouse Spencer,Black,Blue
2006,ZEI-6-MM6782,Common,Gangster,Monkey Ripley,Brown,Blue
2007,ZEI-6-MM4870,Common,Gangster,Dog Kai,White,Blue
2008,ZEI-6-MM2782,Common,Gangster,Monkey Hayden,Brown,Blue
2009,ZEI-6-MM4737,Common,Gangster,Owl Taylor,Brown,Blue
2010,ZEI-6-MM7588,Common,Gangster,Cat Ellis,Black,Blue
2011,ZEI-6-MM7299,Common,Gangster,Monkey Blake,Brown,Blue
2012,ZEI-6-MM6773,Common,Gangster,Dog Cameron,White,Blue
2013,ZEI-6-MM7995,Common,Gangster,Rabbit Ashton,Black,Blue
2014,ZEI-6-MM3694,Common,Gangster,Cat Skyler,Black,Blue
2015,ZEI-6-MM3953,Common,Gangster,Rabbit Peyton,White,Blue
2016,ZEI-6-MM3933,Common,Gangster,Mouse Avery,Black,Blue
2017,ZEI-6-MM3310,Common,Gangster,Monkey Frankie,Black,Blue
2018,ZEI-6-MM6054,Common,Gangster,Bear Riley,brown,Blue
2019,ZEI-6-MM9194,Common,Thief,Owl Aubrey,White,Blue
2020,ZEI-6-MM9688,Common,Thief,Rabbit Ashton,Black,Blue
2021,ZEI-6-MM7612,Common,Thief,Monkey Arden,Black,Blue
2022,ZEI-6-MM1905,Common,Thief,Cat Blair,White,Blue
2023,ZEI-6-MM8894,Common,Thief,Dog Emerson,White,Blue
2024,ZEI-6-MM6791,Common,Thief,Dog Drew,Black,Blue
2025,ZEI-6-MM1783,Common,Thief,Cat Rowan,White,Blue
2026,ZEI-6-MM5274,Common,Thief,Dog Cameron,White,Blue
2027,ZEI-6-MM6139,Common,Thief,Dog Addison,White,Blue
2028,ZEI-6-MM9571,Common,Thief,Monkey Hayden,Brown,Blue
2029,ZEI-6-MM1966,Common,Thief,Mouse Avery,Black,Blue
2030,ZEI-6-MM9959,Common,Thief,Monkey Frankie,Black,Blue
2031,ZEI-6-MM2842,Common,Thief,Owl Taylor,Black,Blue
2032,ZEI-6-MM5015,Common,Thief,Dog Hunter,Black,Blue
2033,ZEI-6-MM8323,Common,Thief,Cat Casey,Black,Blue
2034,ZEI-6-MM5114,Common,Thief,Rabbit Peyton,White,Blue
2035,ZEI-6-MM6887,Common,Thief,Mouse Spencer,Black,Blue
2036,ZEI-6-MM3817,Common,Thief,Cat Harper,White,Blue
2037,ZEI-6-MM5440,Common,Thief,Bear Riley,brown,Blue
2038,ZEI-6-MM6851,Common,Thief,Rabbit Jesse,Black,Blue
2039,ZEI-6-MM5313,Common,Thief,Cat Marley,Black,Blue
2040,ZEI-6-MM9485,Common,Thief,Dog Noel,Black,Blue
2041,ZEI-6-MM6201,Common,Thief,Monkey Parker,Black,Blue
2042,ZEI-6-MM7084,Common,Thief,Rabbit Logan,Black,Blue
2043,ZEI-6-MM9743,Common,Thief,Cat Lane,White,Blue
2044,ZEI-6-MM3152,Common,Thief,Dog Bailey,Black,Blue
2045,ZEI-6-MM8375,Common,Thief,Rabbit Finley,White,Blue
2046,ZEI-6-MM3065,Common,Thief,Bear Dana,Black,Blue
2047,ZEI-6-MM9274,Common,Thief,Monkey Dakota,White,Blue
2048,ZEI-6-MM9731,Common,Thief,Monkey Blake,Brown,Blue
2049,ZEI-6-MM5335,Common,Citizen,Cat Casey,Black,Blue
2050,ZEI-6-MM9244,Common,Citizen,Dog Hunter,Black,Blue
2051,ZEI-6-MM8775,Common,Citizen,Dog Addison,White,Blue
2052,ZEI-6-MM2005,Common,Citizen,Owl Taylor,Black,Blue
2053,ZEI-6-MM8495,Common,Citizen,Mouse Kerry,White,Blue
2054,ZEI-6-MM5918,Common,Citizen,Owl Aubrey,White,Blue
2055,ZEI-6-MM6741,Common,Citizen,Rabbit Logan,Black,Blue
2056,ZEI-6-MM9382,Common,Citizen,Monkey Ripley,Brown,Blue
2057,ZEI-6-MM9998,Common,Citizen,Mouse Avery,Black,Blue
2058,ZEI-6-MM7887,Common,Citizen,Bear Dana,Black,Blue
2059,ZEI-6-MM5283,Common,Citizen,Rabbit Ashton,Black,Blue
2060,ZEI-6-MM4582,Common,Citizen,Mouse Spencer,Black,Blue
2061,ZEI-6-MM7421,Common,Citizen,Dog Cameron,White,Blue
2062,ZEI-6-MM8593,Common,Citizen,Cat Rowan,White,Blue
2063,ZEI-6-MM4457,Common,Citizen,Mouse Rory,White,Blue
2064,ZEI-6-MM7256,Common,Citizen,Mouse Mackenzie,Black,Blue
2065,ZEI-6-MM4377,Common,Citizen,Rabbit Kyle,White,Blue
2066,ZEI-6-MM2902,Common,Citizen,Rabbit Jesse,Black,Blue
2067,ZEI-6-MM8485,Common,Citizen,Dog Noel,Black,Blue
2068,ZEI-6-MM3401,Common,Citizen,Monkey Frankie,Black,Blue
2069,ZEI-6-MM9146,Common,Citizen,Cat Blair,White,Blue
2070,ZEI-6-MM9661,Common,Citizen,Monkey Charlie,Black,Blue
2071,ZEI-6-MM1895,Common,Citizen,Bear Riley,brown,Blue
2072,ZEI-6-MM8533,Common,Citizen,Dog Hunter,Black,Blue
2073,ZEI-6-MM9392,Common,Citizen,Monkey Hayden,Brown,Blue
2074,ZEI-6-MM3841,Common,Citizen,Mouse Rory,White,Blue
2075,ZEI-6-MM4324,Common,Citizen,Owl Taylor,Black,Blue
2076,ZEI-6-MM7326,Common,Citizen,Dog Drew,Black,Blue
2077,ZEI-6-MM9586,Common,Citizen,Cat Ellis,Black,Blue
2078,ZEI-6-MM9017,Common,Citizen,Cat Rowan,White,Blue
2079,ZEI-6-MM8187,Common,Citizen,Monkey Arden,Black,Blue
2080,ZEI-6-MM6289,Common,Citizen,Dog Kai,White,Blue
2081,ZEI-6-MM6291,Common,Citizen,Rabbit Ashton,Black,Blue
2082,ZEI-6-MM7827,Common,Citizen,Cat Lane,White,Blue
2083,ZEI-6-MM2027,Common,Citizen,Owl Aubrey,White,Blue
2084,ZEI-6-MM1520,Common,Citizen,Cat Marley,Black,Blue
2085,ZEI-6-MM9745,Common,Citizen,Mouse Kerry,White,Blue
2086,ZEI-6-MM3275,Common,Citizen,Dog Addison,White,Blue
2087,ZEI-6-MM6877,Common,Citizen,Monkey Blake,Brown,Blue
2088,ZEI-6-MM5601,Common,Citizen,Rabbit Tracy,Black,Blue
2089,ZEI-6-MM1418,Common,Citizen,Monkey Frankie,Black,Blue
2090,ZEI-6-MM9300,Common,Citizen,Cat Blair,White,Blue
2091,ZEI-6-MM9846,Common,Citizen,Rabbit Logan,Black,Blue
2092,ZEI-6-MM7711,Common,Citizen,Dog Noel,Black,Blue
2093,ZEI-6-MM6014,Common,Citizen,Bear Dana,Black,Blue
2094,ZEI-6-MM8104,Common,Citizen,Dog Emerson,Black,Blue
2095,ZEI-6-MM3132,Common,Citizen,Monkey Parker,Black,Blue
2096,ZEI-6-MM4528,Common,Citizen,Mouse Kerry,White,Blue
2097,ZEI-6-MM2665,Common,Citizen,Cat Harper,Black,Blue
2098,ZEI-6-MM9440,Common,Citizen,Monkey Blake,Brown,Blue
2099,ZEI-6-MM5838,Common,Citizen,Mouse Mackenzie,Black,Blue
2100,ZEI-6-MM4332,Common,Citizen,Dog Bailey,White,Blue
2101,ZEI-6-MM9423,Common,Citizen,Rabbit Finley,White,Blue
2102,ZEI-6-MM2101,Common,Citizen,Monkey Ripley,Brown,Blue
2103,ZEI-6-MM3450,Common,Citizen,Bear Dana,White,Blue
2104,ZEI-6-MM2575,Common,Citizen,Dog Noel,Black,Blue
2105,ZEI-6-MM4456,Common,Citizen,Monkey Dakota,White,Blue
2106,ZEI-6-MM2192,Common,Citizen,Cat Dylan,Black,Blue
2107,ZEI-6-MM7309,Common,Citizen,Owl Devin,Brown,Blue
2108,ZEI-6-MM6617,Common,Citizen,Dog Drew,White,Blue
2109,ZEI-6-MM2648,Common,Citizen,Rabbit Ashton,Black,Blue
2110,ZEI-6-MM1077,Common,Citizen,Cat Rowan,Black,Blue
2111,ZEI-6-MM3025,Common,Citizen,Cat Casey,White,Blue
2112,ZEI-6-MM3436,Common,Citizen,Cat Ellis,White,Blue
2113,ZEI-6-MM7907,Common,Citizen,Dog Hunter,White,Blue
2114,ZEI-6-MM6854,Common,Citizen,Rabbit Kyle,White,Blue
2115,ZEI-6-MM7033,Common,Citizen,Cat Blair,Black,Blue
2116,ZEI-6-MM5777,Common,Citizen,Rabbit Jesse,Black,Blue
2117,ZEI-6-MM5120,Common,Citizen,Monkey Charlie,Black,Blue
2118,ZEI-6-MM6406,Common,Citizen,Mouse Rory,White,Blue
2119,ZEI-6-MM9527,Common,Citizen,Monkey Parker,Black,Blue
2120,ZEI-6-MM9027,Common,Citizen,Dog Bailey,Black,Blue
2121,ZEI-6-MM9629,Common,Citizen,Owl Taylor,Black,Blue
2122,ZEI-6-MM6058,Common,Citizen,Mouse Kerry,White,Blue
2123,ZEI-6-MM5884,Common,Citizen,Rabbit Tracy,Black,Blue
2124,ZEI-6-MM9914,Common,Citizen,Mouse Mackenzie,Black,Blue
2125,ZEI-6-MM8525,Common,Citizen,Dog Emerson,White,Blue
2126,ZEI-6-MM6654,Common,Citizen,Dog Hunter,Black,Blue
2127,ZEI-6-MM9836,Common,Citizen,Rabbit Jesse,Black,Blue
2128,ZEI-6-MM9405,Common,Citizen,Owl Aubrey,White,Blue
2129,ZEI-6-MM3259,Common,Citizen,Dog Pat,White,Blue
2130,ZEI-6-MM5806,Common,Citizen,Dog Drew,Black,Blue
2131,ZEI-6-MM7774,Common,Citizen,Mouse Spencer,Black,Blue
2132,ZEI-6-MM1472,Common,Citizen,Bear Dana,Black,Blue
2133,ZEI-6-MM4151,Common,Citizen,Monkey Charlie,Black,Blue
2134,ZEI-6-MM3460,Common,Citizen,Cat Ellis,Black,Blue
2135,ZEI-6-MM4652,Common,Citizen,Dog Kai,White,Blue
2136,ZEI-6-MM7530,Common,Citizen,Monkey Arden,Black,Blue
2137,ZEI-6-MM2016,Common,Citizen,Dog Cameron,White,Blue
2138,ZEI-6-MM8272,Common,Citizen,Cat Casey,Black,Blue
2139,ZEI-6-MM4453,Common,Citizen,Mouse Avery,Black,Blue
2140,ZEI-6-MM7169,Common,Citizen,Cat Marley,Black,Blue
2141,ZEI-6-MM3773,Common,Citizen,Rabbit Finley,White,Blue
2142,ZEI-6-MM7707,Common,Citizen,Cat Marley,Black,Blue
2143,ZEI-6-MM5547,Common,Citizen,Rabbit Tracy,Black,Blue
2144,ZEI-6-MM4692,Common,Citizen,Cat Skyler,Black,Blue
2145,ZEI-6-MM6403,Common,Citizen,Cat Harper,White,Blue
2146,ZEI-6-MM7153,Common,Citizen,Cat Dylan,White,Blue
2147,ZEI-6-MM9338,Common,Citizen,Rabbit Kyle,White,Blue
2148,ZEI-6-MM1651,Common,Citizen,Cat Casey,Black,Blue
2149,ZEI-6-MM4240,Common,Citizen,Mouse Avery,Black,Blue
2150,ZEI-6-MM9510,Common,Citizen,Bear Dana,Black,Blue
2151,ZEI-6-MM5469,Common,Citizen,Cat Adrian,Black,Blue
2152,ZEI-6-MM2888,Common,Citizen,Cat Rowan,White,Blue
2153,ZEI-6-MM9941,Common,Citizen,Cat Blair,White,Blue
2154,ZEI-6-MM7347,Common,Citizen,Monkey Hayden,Brown,Blue
2155,ZEI-6-MM8482,Common,Citizen,Monkey Blake,Brown,Blue
2156,ZEI-6-MM4367,Common,Citizen,Monkey Dakota,White,Blue
2157,ZEI-6-MM4060,Common,Citizen,Dog Addison,White,Blue
2158,ZEI-6-MM9436,Common,Citizen,Dog Pat,White,Blue
2159,ZEI-6-MM9473,Common,Citizen,Owl Aubrey,White,Blue
2160,ZEI-6-MM3381,Common,Citizen,Mouse Rory,White,Blue
2161,ZEI-6-MM7734,Common,Citizen,Rabbit Peyton,White,Blue
2162,ZEI-6-MM4879,Common,Citizen,Mouse Spencer,Black,Blue
2163,ZEI-6-MM4478,Common,Citizen,Rabbit Jesse,Black,Blue
2164,ZEI-6-MM9418,Common,Citizen,Dog Kai,White,Blue
2165,ZEI-6-MM9433,Common,Riot Police,Rabbit Kyle,White,Blue
2166,ZEI-6-MM7977,Common,Riot Police,Bear Riley,brown,Blue
2167,ZEI-6-MM4793,Common,Riot Police,Monkey Arden,Black,Blue
2168,ZEI-6-MM7383,Common,Riot Police,Cat Ellis,Black,Blue
2169,ZEI-6-MM5521,Common,Riot Police,Monkey Frankie,Black,Blue
2170,ZEI-6-MM4452,Common,Riot Police,Monkey Ripley,Brown,Blue
2171,ZEI-6-MM1851,Common,Riot Police,Dog Emerson,White,Blue
2172,ZEI-6-MM3752,Common,Riot Police,Monkey Blake,Brown,Blue
2173,ZEI-6-MM4577,Common,Riot Police,Cat Rowan,White,Blue
2174,ZEI-6-MM3794,Common,Riot Police,Cat Skyler,Black,Blue
2175,ZEI-6-MM6203,Common,Riot Police,Monkey Parker,Black,Blue
2176,ZEI-6-MM8310,Common,Riot Police,Dog Noel,Black,Blue
2177,ZEI-6-MM6349,Common,Riot Police,Dog Cameron,White,Blue
2178,ZEI-6-MM1195,Common,Riot Police,Owl Aubrey,White,Blue
2179,ZEI-6-MM1360,Common,Riot Police,Cat Lane,White,Blue
2180,ZEI-6-MM8597,Common,Riot Police,Owl Taylor,Brown,Blue
2181,ZEI-6-MM6842,Common,Riot Police,Owl Devin,Brown,Blue
2182,ZEI-6-MM3240,Common,Riot Police,Mouse Mackenzie,Black,Blue
2183,ZEI-6-MM2038,Common,Riot Police,Cat Casey,Black,Blue
2184,ZEI-6-MM5994,Common,Riot Police,Dog Hunter,Black,Blue
2185,ZEI-6-MM8905,Common,Riot Police,Cat Adrian,Black,Blue
2186,ZEI-6-MM6143,Common,Riot Police,Rabbit Ashton,Black,Blue
2187,ZEI-6-MM4619,Common,Riot Police,Cat Marley,Black,Blue
2188,ZEI-6-MM8711,Common,Riot Police,Dog Bailey,Black,Blue
2189,ZEI-6-MM8299,Common,Riot Police,Mouse Avery,Black,Blue
2190,ZEI-6-MM7669,Common,Student,Cat Harper,White,Blue
2191,ZEI-6-MM1908,Common,Student,Owl Aubrey,White,Blue
2192,ZEI-6-MM3522,Common,Student,Monkey Parker,Black,Blue
2193,ZEI-6-MM7453,Common,Student,Dog Pat,White,Blue
2194,ZEI-6-MM9890,Common,Student,Dog Hunter,Black,Blue
2195,ZEI-6-MM8737,Common,Student,Monkey Dakota,White,Blue
2196,ZEI-6-MM8988,Common,Student,Dog Bailey,Black,Blue
2197,ZEI-6-MM8333,Common,Student,Mouse Kerry,White,Blue
2198,ZEI-6-MM2330,Common,Student,Cat Lane,White,Blue
2199,ZEI-6-MM4391,Common,Student,Cat Adrian,Black,Blue
2200,ZEI-6-MM5755,Common,Student,Dog Emerson,White,Blue
2201,ZEI-6-MM7772,Common,Student,Cat Casey,Black,Blue
2202,ZEI-6-MM6243,Common,Student,Rabbit Ashton,Black,Blue
2203,ZEI-6-MM6549,Common,Student,Bear Dana,Black,Blue
2204,ZEI-6-MM6803,Common,Student,Cat Ellis,Black,Blue
2205,ZEI-6-MM1601,Common,Student,Rabbit Kyle,White,Blue
2206,ZEI-6-MM9879,Common,Student,Cat Rowan,White,Blue
2207,ZEI-6-MM8819,Common,Student,Monkey Arden,Black,Blue
2208,ZEI-6-MM4069,Common,Student,Monkey Hayden,Brown,Blue
2209,ZEI-6-MM5635,Common,Student,Monkey Charlie,Black,Blue
2210,ZEI-6-MM3342,Common,Student,Dog Addison,White,Blue
2211,ZEI-6-MM2011,Common,Student,Monkey Blake,Brown,Blue
2212,ZEI-6-MM7249,Common,Mighty Citizen,Bear Kelly,White,Blue
2213,ZEI-6-MM4714,Common,Mighty Citizen,Rabbit Peyton,White,Blue
2214,ZEI-6-MM9580,Common,Mighty Citizen,Mouse Mackenzie,Black,Blue
2215,ZEI-6-MM9561,Common,Mighty Citizen,Dog Cameron,Black,Blue
2216,ZEI-6-MM2266,Common,Mighty Citizen,Monkey Hayden,brown,Blue
2217,ZEI-6-MM5429,Common,Mighty Citizen,Monkey Arden,Black,Blue
2218,ZEI-6-MM7398,Common,Mighty Citizen,Mouse Rory,White,Blue
2219,ZEI-6-MM1938,Common,Mighty Citizen,Dog Noel,Black,Blue
2220,ZEI-6-MM3868,Common,Mighty Citizen,Bear Dana,Black,Blue
2221,ZEI-6-MM6096,Common,Mighty Citizen,Cat Rowan,Black,Blue
2222,ZEI-6-MM1343,Common,Mighty Citizen,Mouse Spencer,Black,Blue
2223,ZEI-6-MM2953,Common,Mighty Citizen,Cat Skyler,White,Blue
2224,ZEI-6-MM2377,Common,Mighty Citizen,Mouse Avery,Black,Blue
2225,ZEI-6-MM9707,Common,Mighty Citizen,Monkey Charlie,Black,Blue
2226,ZEI-6-MM1780,Common,Mighty Citizen,Owl Taylor,Brown,Blue
2227,ZEI-6-MM2091,Common,Mighty Citizen,Owl Aubrey,White,Blue
2228,ZEI-6-MM3486,Common,Mighty Citizen,Cat Dylan,Black,Blue
2229,ZEI-6-MM1803,Common,Mighty Citizen,Rabbit Kyle,White,Blue
2230,ZEI-6-MM7970,Common,Mighty Citizen,Dog Emerson,Black,Blue
2231,ZEI-6-MM3264,Common,Mighty Citizen,Monkey Dakota,White,Blue
2232,ZEI-6-MM7629,Common,Mighty Citizen,Monkey Ripley,Brown,Blue
2233,ZEI-6-MM8317,Common,Mighty Citizen,Cat Casey,White,Blue
2234,ZEI-6-MM6927,Common,Mighty Citizen,Cat Adrian,White,Blue
2235,ZEI-6-MM4966,Common,Mighty Citizen,Dog Pat,White,Blue
2236,ZEI-6-MM6124,Common,Mighty Citizen,Cat Blair,Black,Blue
2237,ZEI-6-MM9066,Common,Mighty Citizen,Dog Bailey,White,Blue
2238,ZEI-6-MM4954,Common,Mighty Citizen,Bear Riley,Black,Blue
2239,ZEI-6-MM9770,Common,Mighty Citizen,Dog Kai,Black,Blue
2240,ZEI-6-MM9500,Common,Student,Cat Casey,Black,Blue
2241,ZEI-6-MM9357,Common,Student,Mouse Rory,White,Blue
2242,ZEI-6-MM9490,Common,Student,Dog Emerson,White,Blue
2243,ZEI-6-MM9255,Common,Student,Monkey Charlie,Black,Blue
2244,ZEI-6-MM1127,Common,Student,Monkey Frankie,Black,Blue
2245,ZEI-6-MM2635,Common,Student,Rabbit Finley,White,Blue
2246,ZEI-6-MM1671,Common,Student,Cat Harper,White,Blue
2247,ZEI-6-MM5155,Common,Student,Dog Addison,White,Blue
2248,ZEI-6-MM1470,Common,Student,Monkey Hayden,Brown,Blue
2249,ZEI-6-MM2213,Common,Student,Rabbit Tracy,Black,Blue
2250,ZEI-6-MM6901,Common,Student,Cat Adrian,Black,Blue
2251,ZEI-6-MM9796,Common,Student,Cat Dylan,White,Blue
2252,ZEI-6-MM7678,Common,Student,Owl Aubrey,White,Blue
2253,ZEI-6-MM3396,Common,Student,Owl Taylor,Black,Blue
2254,ZEI-6-MM9393,Common,Student,Monkey Parker,Black,Blue
2255,ZEI-6-MM7179,Common,Student,Dog Cameron,White,Blue
2256,ZEI-6-MM8842,Common,Student,Cat Ellis,Black,Blue
2257,ZEI-6-MM5695,Common,Student,Cat Skyler,Black,Blue
2258,ZEI-6-MM7903,Common,Student,Mouse Mackenzie,Black,Blue
2259,ZEI-6-MM7623,Common,Student,Cat Rowan,White,Blue
2260,ZEI-6-MM2033,Common,Student,Rabbit Jesse,Black,Blue
2261,ZEI-6-MM4693,Common,Student,Monkey Arden,Black,Blue
2262,ZEI-6-MM5879,Common,Student,Dog Noel,Black,Blue
2263,ZEI-6-MM9652,Common,Student,Dog Drew,Black,Blue
2264,ZEI-6-MM4163,Common,Student,Bear Riley,brown,Blue
2265,ZEI-6-MM2844,Common,Student,Rabbit Tracy,Black,Blue
2266,ZEI-6-MM4728,Common,Student,Dog Bailey,Black,Blue
2267,ZEI-6-MM9463,Common,Student,Cat Casey,Black,Blue
2268,ZEI-6-MM6486,Common,Student,Dog Cameron,White,Blue
2269,ZEI-6-MM3589,Common,Student,Dog Hunter,Black,Blue
2270,ZEI-6-MM6860,Common,Student,Cat Marley,Black,Blue
2271,ZEI-6-MM1704,Common,Student,Monkey Blake,Brown,Blue
2272,ZEI-6-MM7166,Common,Student,Cat Blair,White,Blue
2273,ZEI-6-MM9576,Common,Student,Bear Dana,Black,Blue
2274,ZEI-6-MM8018,Common,Student,Cat Lane,White,Blue
2275,ZEI-6-MM9283,Common,Student,Rabbit Logan,Black,Blue
2276,ZEI-6-MM4991,Common,Student,Dog Addison,White,Blue
2277,ZEI-6-MM9103,Common,Student,Dog Pat,White,Blue
2278,ZEI-6-MM2560,Common,Student,Rabbit Ashton,Black,Blue
2279,ZEI-6-MM7606,Common,Student,Mouse Rory,White,Blue
2280,ZEI-6-MM9052,Common,Student,Dog Noel,Black,Blue
2281,ZEI-6-MM8726,Common,Student,Owl Devin Brown,Brown,Blue
2282,ZEI-6-MM7919,Common,Student,Cat Skyler,Black,Blue
2283,ZEI-6-MM2318,Common,Student,Bear Riley,brown,Blue
2284,ZEI-6-MM5088,Common,Student,Mouse Avery,Black,Blue
2285,ZEI-6-MM7624,Common,Student,Owl Taylor,Black,Blue
2286,ZEI-6-MM7540,Common,Student,Mouse Mackenzie,Black,Blue
2287,ZEI-6-MM5566,Common,Citizen,Cat Casey,Black,Blue
2288,ZEI-6-MM6534,Common,Citizen,Dog Drew,Black,Blue
2289,ZEI-6-MM6508,Common,Citizen,Cat Jamie,Black,Blue
2290,ZEI-6-MM4229,Common,Citizen,Dog Bailey,Black,Blue
2291,ZEI-6-MM2120,Common,Citizen,Dog Hunter,Black,Blue
2292,ZEI-6-MM5926,Common,Citizen,Dog Noel,Black,Blue
2293,ZEI-6-MM4169,Common,Citizen,Monkey Frankie,Black,Blue
2294,ZEI-6-MM5659,Common,Citizen,Rabbit Kyle,White,Blue
2295,ZEI-6-MM5457,Common,Citizen,Cat Harper,White,Blue
2296,ZEI-6-MM4487,Common,Citizen,Mouse Avery,Black,Blue
2297,ZEI-6-MM1063,Common,Citizen,Rabbit Logan,Black,Blue
2298,ZEI-6-MM9897,Common,Citizen,Monkey Hayden,Brown,Blue
2299,ZEI-6-MM2793,Common,Citizen,Monkey Blake,Brown,Blue
2300,ZEI-6-MM7432,Common,Citizen,Owl Aubrey,White,Blue
2301,ZEI-6-MM9795,Common,Citizen,Cat Marley,Black,Blue
2302,ZEI-6-MM2863,Common,Citizen,Rabbit Jesse,Black,Blue
2303,ZEI-6-MM9266,Common,Citizen,Cat Lane,White,Blue
2304,ZEI-6-MM6428,Common,Citizen,Dog Kai,White,Blue
2305,ZEI-6-MM2854,Common,Citizen,Rabbit Finley,White,Blue
2306,ZEI-6-MM6339,Common,Citizen,Cat Blair,White,Blue
2307,ZEI-6-MM7628,Common,Citizen,Monkey Parker,Black,Blue
2308,ZEI-6-MM1716,Common,Citizen,Monkey Arden,Black,Blue
2309,ZEI-6-MM1937,Common,Citizen,Owl Taylor,Brown,Blue
2310,ZEI-6-MM9332,Common,Citizen,Bear Dana,Black,Blue
2311,ZEI-6-MM3573,Common,Citizen,Mouse Rory,White,Blue
2312,ZEI-6-MM2076,Common,Citizen,Bear Riley,brown,Blue
2313,ZEI-6-MM9800,Common,Citizen,Dog Emerson,White,Blue
2314,ZEI-6-MM9040,Common,Citizen,Rabbit Jesse,Black,Blue
2315,ZEI-6-MM8002,Common,Citizen,Mouse Rory,White,Blue
2316,ZEI-6-MM5655,Common,Citizen,Cat Jamie,Black,Blue
2317,ZEI-6-MM2343,Common,Citizen,Monkey Dakota,White,Blue
2318,ZEI-6-MM7803,Common,Citizen,Monkey Frankie,Black,Blue
2319,ZEI-6-MM7836,Common,Citizen,Dog Kai,White,Blue
2320,ZEI-6-MM3226,Common,Citizen,Owl Aubrey,White,Blue
2321,ZEI-6-MM6674,Common,Citizen,Rabbit Tracy,Black,Blue
2322,ZEI-6-MM2336,Common,Citizen,Monkey Charlie,Black,Blue
2323,ZEI-6-MM8554,Common,Citizen,Dog Cameron,White,Blue
2324,ZEI-6-MM6260,Common,Citizen,Cat Skyler,Black,Blue
2325,ZEI-6-MM3032,Common,Citizen,Dog Hunter,Black,Blue
2326,ZEI-6-MM9570,Common,Citizen,Cat Adrian,Black,Blue
2327,ZEI-6-MM9430,Common,Citizen,Monkey Parker,Black,Blue
2328,ZEI-6-MM6595,Common,Citizen,Rabbit Peyton,White,Blue
2329,ZEI-6-MM4218,Common,Citizen,Cat Dylan,White,Blue
2330,ZEI-6-MM7592,Common,Citizen,Owl Taylor,Black,Blue
2331,ZEI-6-MM4473,Common,Citizen,Dog Addison,White,Blue
2332,ZEI-6-MM5189,Common,Citizen,Dog Noel,Black,Blue
2333,ZEI-6-MM9190,Common,Citizen,Monkey Ripley,Brown,Blue
2334,ZEI-6-MM4015,Common,Citizen,Owl Devin Brown,Brown,Blue
2335,ZEI-6-MM2577,Common,Citizen,Rabbit Logan,Black,Blue
2336,ZEI-6-MM8537,Common,Citizen,Mouse Kerry,White,Blue
2337,ZEI-6-MM4683,Common,Citizen,Mouse Avery,Black,Blue
2338,ZEI-6-MM4433,Common,Citizen,Dog Bailey,Black,Blue
2339,ZEI-6-MM8315,Common,Citizen,Cat Rowan,White,Blue
2340,ZEI-6-MM6574,Common,Citizen,Monkey Arden,Black,Blue
2341,ZEI-6-MM4472,Common,Citizen,Rabbit Kyle,White,Blue
2342,ZEI-6-MM4614,Common,Citizen,Cat Harper,White,Blue
2343,ZEI-6-MM1946,Common,Citizen,Mouse Spencer,Black,Blue
2344,ZEI-6-MM2756,Common,Citizen,Mouse Mackenzie,Black,Blue
2345,ZEI-6-MM8734,Common,Citizen,Owl Aubrey,White,Blue
2346,ZEI-6-MM1358,Common,Citizen,Mouse Spencer,Black,Blue
2347,ZEI-6-MM8256,Common,Citizen,Cat Harper,White,Blue
2348,ZEI-6-MM4003,Common,Citizen,Rabbit Logan,Black,Blue
2349,ZEI-6-MM2364,Common,Citizen,Dog Emerson,White,Blue
2350,ZEI-6-MM1296,Common,Citizen,Dog Cameron,White,Blue
2351,ZEI-6-MM7063,Common,Citizen,Cat Skyler,Black,Blue
2352,ZEI-6-MM6812,Common,Citizen,Monkey Charlie,Black,Blue
2353,ZEI-6-MM9878,Common,Citizen,Owl Taylor,Brown,Blue
2354,ZEI-6-MM6067,Common,Citizen,Bear Dana,Black,Blue
2355,ZEI-6-MM1584,Common,Citizen,Rabbit Finley,White,Blue
2356,ZEI-6-MM9676,Common,Citizen,Dog Pat,White,Blue
2357,ZEI-6-MM7757,Common,Citizen,Cat Ellis,Black,Blue
2358,ZEI-6-MM2855,Common,Citizen,Cat Blair,White,Blue
2359,ZEI-6-MM4162,Common,Citizen,Mouse Kerry,White,Blue
2360,ZEI-6-MM4086,Common,Citizen,Cat Dylan,White,Blue
2361,ZEI-6-MM5753,Common,Citizen,Cat Marley,Black,Blue
2362,ZEI-6-MM7556,Common,Citizen,Rabbit Kyle,White,Blue
2363,ZEI-6-MM3011,Common,Citizen,Dog Kai,White,Blue
2364,ZEI-6-MM6256,Common,Citizen,Bear Dana,Black,Blue
2365,ZEI-6-MM5385,Common,Citizen,Owl Devin,Brown,Blue
2366,ZEI-6-MM8413,Common,Citizen,Rabbit Finley,White,Blue
2367,ZEI-6-MM7831,Common,Citizen,Rabbit Tracy,Black,Blue
2368,ZEI-6-MM2903,Common,Citizen,Cat Dylan,White,Blue
2369,ZEI-6-MM6047,Common,Citizen,Rabbit Logan,Black,Blue
2370,ZEI-6-MM9929,Common,Citizen,Monkey Hayden,Brown,Blue
2371,ZEI-6-MM4450,Common,Citizen,Monkey Frankie,Black,Blue
2372,ZEI-6-MM3634,Common,Citizen,Cat Rowan,White,Blue
2373,ZEI-6-MM4152,Common,Citizen,Monkey Charlie,Black,Blue
2374,ZEI-6-MM6236,Common,Citizen,Mouse Rory,White,Blue
2375,ZEI-6-MM5399,Common,Citizen,Cat Lane,White,Blue
2376,ZEI-6-MM7620,Common,Citizen,Mouse Mackenzie,Black,Blue
2377,ZEI-6-MM8644,Common,Citizen,Mouse Avery,Black,Blue
2378,ZEI-6-MM8906,Common,Citizen,Rabbit Jesse,Black,Blue
2379,ZEI-6-MM4044,Common,Citizen,Dog Emerson,White,Blue
2380,ZEI-6-MM6752,Common,Citizen,Cat Jamie,Black,Blue
2381,ZEI-6-MM2119,Common,Citizen,Dog Addison,White,Blue
2382,ZEI-6-MM5029,Common,Citizen,Rabbit Ashton,Black,Blue
2383,ZEI-6-MM2517,Common,Citizen,Dog Pat,White,Blue
2384,ZEI-6-MM8357,Common,Citizen,Cat Ellis,Black,Blue
2385,ZEI-6-MM9127,Common,Citizen,Owl Taylor,Brown,Blue
2386,ZEI-6-MM9411,Common,Citizen,Cat Skyler,Black,Blue
2387,ZEI-6-MM4095,Common,Citizen,Rabbit Kyle,White,Blue
2388,ZEI-6-MM8128,Common,Citizen,Dog Cameron,White,Blue
2389,ZEI-6-MM9284,Common,Citizen,Dog Noel,Black,Blue
2390,ZEI-6-MM3768,Common,Citizen,Dog Bailey,Black,Blue
2391,ZEI-6-MM1664,Common,Citizen,Owl Aubrey,White,Blue
2392,ZEI-6-MM2979,Common,Citizen,Monkey Ripley,Brown,Blue
2393,ZEI-6-MM1498,Common,Citizen,Cat Casey,Black,Blue
2394,ZEI-6-MM8549,Common,Citizen,Rabbit Ashton,Black,Blue
2395,ZEI-6-MM6926,Common,Citizen,Mouse Kerry,White,Blue
2396,ZEI-6-MM8618,Common,Citizen,Monkey Blake,Brown,Blue
2397,ZEI-6-MM9789,Common,Citizen,Dog Addison,White,Blue
2398,ZEI-6-MM1374,Common,Citizen,Owl Devin,Brown,Blue
2399,ZEI-6-MM8005,Common,Citizen,Monkey Parker,Black,Blue
2400,ZEI-6-MM7204,Common,Citizen,Cat Ellis,Black,Blue
2401,ZEI-6-MM7335,Common,Citizen,Monkey Ripley,Brown,Blue
2402,ZEI-6-MM2557,Common,Citizen,Cat Marley,Black,Blue
2403,ZEI-6-MM3118,Common,Citizen,Dog Hunter,Black,Blue
2404,ZEI-6-MM9082,Common,Citizen,Dog Bailey,Black,Blue
2405,ZEI-6-MM8007,Common,Citizen,Cat Rowan,White,Blue
2406,ZEI-6-MM2949,Common,Citizen,Owl Aubrey,White,Blue
2407,ZEI-6-MM1410,Common,Citizen,Mouse Rory,White,Blue
2408,ZEI-6-MM6086,Common,Citizen,Dog Pat,White,Blue
2409,ZEI-6-MM8393,Common,Citizen,Rabbit Jesse,Black,Blue
2410,ZEI-6-MM3982,Common,Citizen,Rabbit Kyle,White,Blue
2411,ZEI-6-MM3558,Common,Citizen,Cat Lane,White,Blue
2412,ZEI-6-MM9542,Common,Citizen,Rabbit Finley,White,Blue
2413,ZEI-6-MM9063,Common,Citizen,Monkey Arden,Black,Blue
2414,ZEI-6-MM8960,Common,Citizen,Bear Riley,brown,Blue
2415,ZEI-6-MM8121,Common,Citizen,Rabbit Tracy,Black,Blue
2416,ZEI-6-MM4030,Common,Citizen,Cat Casey,Black,Blue
2417,ZEI-6-MM9916,Common,Citizen,Monkey Dakota,White,Blue
2418,ZEI-6-MM1761,Common,Citizen,Dog Cameron,White,Blue
2419,ZEI-6-MM9508,Common,Citizen,Rabbit Peyton,White,Blue
2420,ZEI-6-MM8140,Common,Citizen,Monkey Frankie,Black,Blue
2421,ZEI-6-MM7945,Common,Citizen,Monkey Frankie,Black,Blue
2422,ZEI-6-MM6166,Common,Citizen,Monkey Ripley,Brown,Blue
2423,ZEI-6-MM2388,Common,Citizen,Monkey Hayden,Brown,Blue
2424,ZEI-6-MM5526,Common,Citizen,Monkey Blake,Brown,Blue
2425,ZEI-6-MM5439,Common,Citizen,Rabbit Kyle,White,Blue
2426,ZEI-6-MM7533,Common,Citizen,Mouse Avery,Black,Blue
2427,ZEI-6-MM5996,Common,Citizen,Rabbit Peyton,White,Blue
2428,ZEI-6-MM1185,Common,Citizen,Dog Noel,Black,Blue
2429,ZEI-6-MM5362,Common,Citizen,Rabbit Jesse,Black,Blue
2430,ZEI-6-MM9698,Common,Citizen,Cat Jamie,Black,Blue
2431,ZEI-6-MM7090,Common,Citizen,Dog Emerson,White,Blue
2432,ZEI-6-MM2623,Common,Citizen,Dog Drew,Black,Blue
2433,ZEI-6-MM3211,Common,Citizen,Cat Dylan,White,Blue
2434,ZEI-6-MM5673,Common,Citizen,Monkey Charlie,Black,Blue
2435,ZEI-6-MM9099,Common,Citizen,Cat Rowan,White,Blue
2436,ZEI-6-MM5230,Common,Citizen,Bear Dana,Black,Blue
2437,ZEI-6-MM4989,Common,Citizen,Cat Ellis,Black,Blue
2438,ZEI-6-MM1293,Common,Citizen,Cat Harper,White,Blue
2439,ZEI-6-MM3476,Common,Citizen,Cat Marley,Black,Blue
2440,ZEI-6-MM8023,Common,Citizen,Owl Aubrey,White,Blue
2441,ZEI-6-MM3251,Common,Citizen,Dog Kai,White,Blue
2442,ZEI-6-MM5306,Common,Citizen,Owl Taylor,Black,Blue
2443,ZEI-6-MM3763,Common,Citizen,Cat Blair,White,Blue
2444,ZEI-6-MM2774,Common,Citizen,Dog Pat,White,Blue
2445,ZEI-6-MM2578,Common,Citizen,Cat Lane,White,Blue
2446,ZEI-6-MM7109,Common,Citizen,Monkey Dakota,White,Blue
2447,ZEI-6-MM8805,Common,Citizen,Rabbit Ashton,Black,Blue
2448,ZEI-6-MM8004,Common,Ganster,Cat Lane,White,Blue
2449,ZEI-6-MM3528,Common,Ganster,Mouse Avery,Black,Blue
2450,ZEI-6-MM2876,Common,Ganster,Monkey Charlie,Black,Blue
2451,ZEI-6-MM6247,Common,Ganster,Dog Kai,White,Blue
2452,ZEI-6-MM2395,Common,Ganster,Mouse Mackenzie,Black,Blue
2453,ZEI-6-MM5415,Common,Ganster,Rabbit Tracy,Black,Blue
2454,ZEI-6-MM1081,Common,Ganster,Rabbit Jesse,Black,Blue
2455,ZEI-6-MM8454,Common,Ganster,Rabbit Finley,White,Blue
2456,ZEI-6-MM1372,Common,Ganster,Dog Emerson,White,Blue
2457,ZEI-6-MM5288,Common,Ganster,Mouse Spencer,Black,Blue
2458,ZEI-6-MM5003,Common,Ganster,Cat Harper,White,Blue
2459,ZEI-6-MM4671,Common,Ganster,Bear Riley,brown,Blue
2460,ZEI-6-MM3790,Common,Ganster,Dog Cameron,White,Blue
2461,ZEI-6-MM8924,Common,Ganster,Monkey Blake,Brown,Blue
2462,ZEI-6-MM8824,Common,Ganster,Cat Rowan,White,Blue
2463,ZEI-6-MM4056,Common,Ganster,Owl Taylor,Black,Blue
2464,ZEI-6-MM9748,Common,Ganster,Rabbit Kyle,White,Blue
2465,ZEI-6-MM2821,Common,Ganster,Rabbit Ashton,Black,Blue
2466,ZEI-6-MM7477,Common,Ganster,Owl Devin Brown,Brown,Blue
2467,ZEI-6-MM3580,Common,Ganster,Dog Noel,Black,Blue
2468,ZEI-6-MM1692,Common,Ganster,Cat Casey,Black,Blue
2469,ZEI-6-MM6386,Common,Ganster,Dog Bailey,Black,Blue
2470,ZEI-6-MM2469,Common,Ganster,Dog Hunter,Black,Blue
2471,ZEI-6-MM4569,Common,Ganster,Mouse Kerry,White,Blue
2472,ZEI-6-MM2633,Common,Ganster,Monkey Arden,Black,Blue
2473,ZEI-6-MM7032,Common,Ganster,Dog Pat,White,Blue
2474,ZEI-6-MM5837,Common,Ganster,Owl Aubrey,White,Blue
2475,ZEI-6-MM4897,Common,Ganster,Dog Drew,Black,Blue
2476,ZEI-6-MM9626,Common,Ganster,Rabbit Logan,Black,Blue
2477,ZEI-6-MM7829,Common,Mighty Gangster,Dog Kai,Black,Blue
2478,ZEI-6-MM5679,Common,Mighty Gangster,Monkey Arden,Black,Blue
2479,ZEI-6-MM5473,Common,Mighty Gangster,Cat Casey,White,Blue
2480,ZEI-6-MM5154,Common,Mighty Gangster,Bear Riley,Black,Blue
2481,ZEI-6-MM9029,Common,Mighty Gangster,Cat Rowan,Black,Blue
2482,ZEI-6-MM2881,Common,Mighty Gangster,Dog Morgan,White,Blue
2483,ZEI-6-MM9781,Common,Mighty Gangster,Monkey Charlie,Black,Blue
2484,ZEI-6-MM3978,Common,Mighty Gangster,Rabbit Peyton,White,Blue
2485,ZEI-6-MM3804,Common,Mighty Gangster,Cat Ellis,White,Blue
2486,ZEI-6-MM1749,Common,Mighty Gangster,Monkey Dakota,White,Blue
2487,ZEI-6-MM7328,Common,Mighty Gangster,Owl Aubrey,White,Blue
2488,ZEI-6-MM5780,Common,Mighty Gangster,Rabbit Tracy,Black,Blue
2489,ZEI-6-MM4405,Common,Mighty Gangster,Mouse Mackenzie,Black,Blue
2490,ZEI-6-MM3471,Common,Mighty Gangster,Rabbit Finley,White,Blue
2491,ZEI-6-MM1197,Common,Mighty Gangster,Dog Pat,White,Blue
2492,ZEI-6-MM8648,Common,Mighty Gangster,Monkey Blake,brown,Blue
2493,ZEI-6-MM8365,Common,Mighty Gangster,Owl Taylor,Brown,Blue
2494,ZEI-6-MM6371,Common,Mighty Gangster,Dog Bailey,White,Blue
2495,ZEI-6-MM8279,Common,Mighty Gangster,Mouse Spencer,Black,Blue
2496,ZEI-6-MM7013,Common,Mighty Gangster,Cat Lane,Black,Blue
2497,ZEI-6-MM8619,Common,Mighty Gangster,Monkey Parker,Black,Blue
2498,ZEI-6-MM2990,Common,Mighty Gangster,Mouse Kerry,White,Blue
2499,ZEI-6-MM3506,Common,Mighty Gangster,Monkey Ripley,Brown,Blue
2500,ZEI-6-MM6828,Common,Mighty Gangster,Cat Blair,Black,Blue
2501,ZEI-6-MM1814,Epic,Warrior,Dog Cameron,Black,Blue
2502,ZEI-6-MM6992,Epic,Warrior,Cat Adrian,White,Blue
2503,ZEI-6-MM6892,Epic,Warrior,Cat Rowan,Black,Blue
2504,ZEI-6-MM5266,Epic,Warrior,Rabbit Ashton,Black,Blue
2505,ZEI-6-MM7137,Epic,Warrior,Owl Aubrey,White,Blue
2506,ZEI-6-MM8836,Epic,Warrior,Monkey Ripley,Brown,Blue
2507,ZEI-6-MM1313,Epic,Warrior,Cat Jamie,White,Blue
2508,ZEI-6-MM8337,Epic,Warrior,Monkey Frankie,Black,Blue
2509,ZEI-6-MM6297,Epic,Warrior,Dog Addison,Black,Blue
2510,ZEI-6-MM6909,Epic,Warrior,Cat Dylan,Black,Blue
2511,ZEI-6-MM6732,Epic,Warrior,Dog Morgan,White,Blue
2512,ZEI-6-MM4916,Epic,Warrior,Rabbit Logan,Black,Blue
2513,ZEI-6-MM2513,Epic,Warrior,Dog Pat,White,Blue
2514,ZEI-6-MM7595,Epic,Warrior,Mouse Rory,White,Blue
2515,ZEI-6-MM7553,Epic,Warrior,Cat Marley,White,Blue
2516,ZEI-6-MM3072,Epic,Warrior,Cat Ellis,White,Blue
2517,ZEI-6-MM6194,Epic,Warrior,Dog Emerson,Black,Blue
2518,ZEI-6-MM9618,Epic,Warrior,Rabbit Jesse,Black,Blue
2519,ZEI-6-MM6891,Epic,Warrior,Monkey Parker,Black,Blue
2520,ZEI-6-MM8462,Epic,Warrior,Bear Dana,White,Blue
2521,ZEI-6-MM4712,Epic,Future Warrior,Monkey Charlie,Black,Blue
2522,ZEI-6-MM3371,Epic,Future Warrior,Cat Dylan,Black,Blue
2523,ZEI-6-MM1742,Epic,Future Warrior,Dog Kai,Black,Blue
2524,ZEI-6-MM8127,Epic,Future Warrior,Mouse Mackenzie,Black,Blue
2525,ZEI-6-MM6734,Epic,Future Warrior,Dog Emerson,Black,Blue
2526,ZEI-6-MM5569,Epic,Future Warrior,Mouse Spencer,Black,Blue
2527,ZEI-6-MM6893,Epic,Future Warrior,Cat Harper,Black,Blue
2528,ZEI-6-MM4972,Epic,Future Warrior,Cat Skyler,White,Blue
2529,ZEI-6-MM3465,Epic,Future Warrior,Monkey Hayden,Brown,Blue
2530,ZEI-6-MM7622,Epic,Future Warrior,Bear Riley,Black,Blue
2531,ZEI-6-MM7143,Epic,Future Warrior,Mouse Rory,White,Blue
2532,ZEI-6-MM8909,Epic,Future Warrior,Monkey Blake,Brown,Blue
2533,ZEI-6-MM8534,Epic,Future Warrior,Rabbit Logan,Black,Blue
2534,ZEI-6-MM1242,Epic,Future Warrior,Monkey Arden,Black,Blue
2535,ZEI-6-MM6929,Epic,Future Warrior,Dog Bailey,White,Blue
2536,ZEI-6-MM2564,Epic,Future Warrior,Owl Devin Brown,Brown,Blue
2537,ZEI-6-MM9014,Epic,Mighty Warrior,Owl Devin,White,Blue
2538,ZEI-6-MM3024,Epic,Mighty Warrior,Cat Blair,White,Blue
2539,ZEI-6-MM1881,Epic,Mighty Warrior,Dog Emerson,White,Blue
2540,ZEI-6-MM7157,Epic,Mighty Warrior,Monkey Hayden,Black,Blue
2541,ZEI-6-MM6433,Epic,Mighty Warrior,Mouse Spencer,White,Blue
2542,ZEI-6-MM2025,Epic,Mighty Warrior,Dog Kai,White,Blue
2543,ZEI-6-MM8125,Epic,Mighty Warrior,Cat Lane,White,Blue
2544,ZEI-6-MM7947,Epic,Mighty Warrior,Monkey Ripley,Black,Blue
2545,ZEI-6-MM6662,Epic,Mighty Warrior,Dog Cameron,White,Blue
2546,ZEI-6-MM7237,Epic,Mighty Warrior,Dog Drew,Black,Blue
2547,ZEI-6-MM6952,Epic,Mighty Warrior,Monkey Arden,brown,Blue
2548,ZEI-6-MM8297,Epic,Mighty Warrior,Cat Adrian,Black,Blue
2549,ZEI-6-MM1512,Epic,Mighty Warrior,Rabbit Ashton,White,Blue
2550,ZEI-6-MM3738,Epic,Mighty Warrior,Rabbit Kyle,Black,Blue
2551,ZEI-6-MM3753,Epic,Mighty Warrior,Cat Jamie,Black,Blue
2552,ZEI-6-MM8939,Epic,Mighty Warrior,Dog Addison,White,Blue
2553,ZEI-6-MM5863,Epic,Mighty Warrior,Mouse Rory,Black,Blue
2554,ZEI-6-MM7866,Epic,Mighty Warrior,Monkey Frankie,White,Blue
2555,ZEI-6-MM9179,Epic,Mighty Warrior,Monkey Charlie,Brown,Blue
2556,ZEI-6-MM1773,Epic,Mighty Warrior,Dog Hunter,Black,Blue
2557,ZEI-6-MM4835,Epic,Mighty Warrior,Monkey Blake,Black,Blue
2558,ZEI-6-MM6635,Epic,Mighty Warrior,Mouse Avery,White,Blue
2559,ZEI-6-MM6474,Epic,Ronin,Cat Marley,Black,Blue
2560,ZEI-6-MM9822,Epic,Ronin,Mouse Spencer,White,Blue
2561,ZEI-6-MM8788,Epic,Ronin,Cat Jamie,Black,Blue
2562,ZEI-6-MM1304,Epic,Ronin,Dog Hunter,Black,Blue
2563,ZEI-6-MM6021,Epic,Ronin,Cat Ellis,Black,Blue
2564,ZEI-6-MM2001,Epic,Ronin,Mouse Kerry,Black,Blue
2565,ZEI-6-MM8055,Epic,Ronin,Cat Lane,White,Blue
2566,ZEI-6-MM3053,Epic,Ronin,Cat Rowan,White,Blue
2567,ZEI-6-MM1737,Epic,Ronin,Cat Skyler,Black,Blue
2568,ZEI-6-MM7505,Epic,Ronin,Rabbit Tracy,White,Blue
2569,ZEI-6-MM2478,Epic,Ronin,Bear Riley,brown,Blue
2570,ZEI-6-MM9646,Epic,Ronin,Rabbit Kyle,Black,Blue
2571,ZEI-6-MM3644,Epic,Ronin,Cat Harper,White,Blue
2572,ZEI-6-MM8215,Epic,Ronin,Monkey Hayden,Black,Blue
2573,ZEI-6-MM5126,Epic,Ronin,Cat Dylan,White,Blue
2574,ZEI-6-MM3388,Epic,Ronin,Monkey Ripley,Black,Blue
2575,ZEI-6-MM3229,Epic,Ronin,Rabbit Finley,Black,Blue
2576,ZEI-6-MM9086,Epic,Ronin,Dog Pat,Black,Blue
2577,ZEI-6-MM5703,Epic,Ronin,Dog Emerson,White,Blue
2578,ZEI-6-MM7189,Epic,Ronin,Dog Addison,White,Blue
2579,ZEI-6-MM2335,Epic,Ronin,Cat Blair,White,Blue
2580,ZEI-6-MM2930,Epic,Swordsman,Cat Harper,White,Blue
2581,ZEI-6-MM7051,Epic,Swordsman,Mouse Mackenzie,White,Blue
2582,ZEI-6-MM8430,Epic,Swordsman,Dog Kai,White,Blue
2583,ZEI-6-MM7905,Epic,Swordsman,Bear Riley,brown,Blue
2584,ZEI-6-MM9100,Epic,Swordsman,Mouse Kerry,Black,Blue
2585,ZEI-6-MM9942,Epic,Swordsman,Cat Ellis,Black,Blue
2586,ZEI-6-MM8750,Epic,Swordsman,Bear Dana,Black,Blue
2587,ZEI-6-MM4855,Epic,Swordsman,Monkey Blake,Black,Blue
2588,ZEI-6-MM1847,Epic,Swordsman,Cat Skyler,Black,Blue
2589,ZEI-6-MM1522,Epic,Swordsman,Dog Emerson,White,Blue
2590,ZEI-6-MM2059,Epic,Swordsman,Rabbit Finley,Black,Blue
2591,ZEI-6-MM6897,Epic,Swordsman,Dog Noel,White,Blue
2592,ZEI-6-MM4147,Epic,Swordsman,Rabbit Peyton,Black,Blue
2593,ZEI-6-MM3255,Epic,Swordsman,Cat Blair,White,Blue
2594,ZEI-6-MM9438,Epic,Swordsman,Cat Jamie,Black,Blue
2595,ZEI-6-MM1163,Epic,Swordsman,Owl Aubrey,Black,Blue
2596,ZEI-6-MM2165,Epic,Ninja,Cat Ellis,Black,Blue
2597,ZEI-6-MM9963,Epic,Ninja,Rabbit Kyle,Black,Blue
2598,ZEI-6-MM4997,Epic,Ninja,Cat Dylan,White,Blue
2599,ZEI-6-MM5066,Epic,Ninja,Monkey Dakota,Black,Blue
2600,ZEI-6-MM8091,Epic,Ninja,Mouse Kerry,Black,Blue
2601,ZEI-6-MM3317,Epic,Ninja,Dog Pat,Black,Blue
2602,ZEI-6-MM8920,Epic,Ninja,Cat Harper,White,Blue
2603,ZEI-6-MM5591,Epic,Ninja,Cat Skyler,Black,Blue
2604,ZEI-6-MM8685,Epic,Ninja,Dog Bailey,Black,Blue
2605,ZEI-6-MM5405,Epic,Ninja,Owl Devin,White,Blue
2606,ZEI-6-MM6373,Epic,Ninja,Mouse Spencer,White,Blue
2607,ZEI-6-MM7245,Epic,Ninja,Owl Aubrey,Black,Blue
2608,ZEI-6-MM3383,Epic,Ninja,Mouse Avery,White,Blue
2609,ZEI-6-MM2264,Epic,Ninja,Monkey Arden,Brown,Blue
2610,ZEI-6-MM4309,Epic,Ninja,Monkey Blake,Black,Blue
2611,ZEI-6-MM7495,Epic,Ninja,Cat Rowan,White,Blue
2612,ZEI-6-MM3883,Epic,Ninja,Cat Blair,White,Blue
2613,ZEI-6-MM5524,Epic,Ninja,Dog Noel,White,Blue
2614,ZEI-6-MM1984,Epic,Ninja,Cat Lane,White,Blue
2615,ZEI-6-MM6696,Epic,Ninja,Bear Dana,Black,Blue
2616,ZEI-6-MM2916,Epic,Ninja,Rabbit Tracy,White,Blue
2617,ZEI-6-MM6707,Epic,Ninja,Rabbit Finley,Black,Blue
2618,ZEI-6-MM2422,Epic,Ninja,Rabbit Peyton,Black,Blue
2619,ZEI-6-MM4002,Epic,Phantom,Cat Casey,Black,Blue
2620,ZEI-6-MM1351,Epic,Phantom,Dog Morgan,Black,Blue
2621,ZEI-6-MM2734,Epic,Phantom,Monkey Charlie,Brown,Blue
2622,ZEI-6-MM8925,Epic,Phantom,Owl Devin,White,Blue
2623,ZEI-6-MM7753,Epic,Phantom,Cat Lane,White,Blue
2624,ZEI-6-MM4389,Epic,Phantom,Monkey Dakota,Black,Blue
2625,ZEI-6-MM5999,Epic,Phantom,Dog Cameron,White,Blue
2626,ZEI-6-MM6156,Epic,Phantom,Mouse Rory,Black,Blue
2627,ZEI-6-MM6712,Epic,Phantom,Rabbit Kyle,Black,Blue
2628,ZEI-6-MM6011,Epic,Phantom,Monkey Arden,Brown,Blue
2629,ZEI-6-MM7538,Epic,Phantom,Monkey Frankie,White,Blue
2630,ZEI-6-MM1698,Epic,Phantom,Dog Hunter,Black,Blue
2631,ZEI-6-MM2483,Epic,Phantom,Cat Jamie,Black,Blue
2632,ZEI-6-MM4975,Epic,Phantom,Dog Addison,White,Blue
2633,ZEI-6-MM1629,Epic,Phantom,Monkey Blake,Black,Blue
2634,ZEI-6-MM9006,Epic,Mage,Dog Noel,White,Blue
2635,ZEI-6-MM5334,Epic,Mage,Monkey Arden,Brown,Blue
2636,ZEI-6-MM2813,Epic,Mage,Cat Casey,Black,Blue
2637,ZEI-6-MM9467,Epic,Mage,Owl Taylor Brown,Brown,Blue
2638,ZEI-6-MM7455,Epic,Mage,Dog Cameron,White,Blue
2639,ZEI-6-MM5487,Epic,Mage,Owl Aubrey,Black,Blue
2640,ZEI-6-MM2779,Epic,Mage,Rabbit Finley,Black,Blue
2641,ZEI-6-MM9650,Epic,Mage,Mouse Kerry,Black,Blue
2642,ZEI-6-MM5056,Epic,Mage,Bear Dana,Black,Blue
2643,ZEI-6-MM2252,Epic,Mage,Monkey Parker,White,Blue
2644,ZEI-6-MM8388,Epic,Mage,Cat Ellis,Black,Blue
2645,ZEI-6-MM1256,Epic,Mage,Monkey Frankie,White,Blue
2646,ZEI-6-MM9398,Epic,Mage,Dog Emerson,White,Blue
2647,ZEI-6-MM4957,Epic,Mage,Monkey Hayden,Black,Blue
2648,ZEI-6-MM7875,Epic,Mage,Cat Adrian,Black,Blue
2649,ZEI-6-MM4709,Epic,Mage,Mouse Avery,White,Blue
2650,ZEI-6-MM2291,Epic,Mage,Monkey Dakota,Black,Blue
2651,ZEI-6-MM5782,Epic,Mage,Cat Harper,White,Blue
2652,ZEI-6-MM7448,Epic,Mage,Monkey Ripley,Black,Blue
2653,ZEI-6-MM2281,Epic,Mage,Rabbit Jesse,White,Blue
2654,ZEI-6-MM7348,Epic,Mage,Cat Lane,White,Blue
2655,ZEI-6-MM1211,Epic,Mage,Cat Marley,Black,Blue
2656,ZEI-6-MM3386,Epic,Mage,Dog Kai,White,Blue
2657,ZEI-6-MM4799,Epic,Prophet,Rabbit Tracy,White,Blue
2658,ZEI-6-MM9122,Epic,Prophet,Dog Morgan,Black,Blue
2659,ZEI-6-MM7319,Epic,Prophet,Rabbit Jesse,White,Blue
2660,ZEI-6-MM9030,Epic,Prophet,Dog Emerson,White,Blue
2661,ZEI-6-MM3185,Epic,Prophet,Cat Rowan,White,Blue
2662,ZEI-6-MM6962,Epic,Prophet,Cat Lane,White,Blue
2663,ZEI-6-MM4325,Epic,Prophet,Dog Noel,White,Blue
2664,ZEI-6-MM1194,Epic,Prophet,Rabbit Ashton,White,Blue
2665,ZEI-6-MM4633,Epic,Prophet,Monkey Hayden,Black,Blue
2666,ZEI-6-MM2088,Epic,Prophet,Monkey Charlie,Brown,Blue
2667,ZEI-6-MM1860,Epic,Prophet,Dog Kai,White,Blue
2668,ZEI-6-MM2785,Epic,Prophet,Cat Harper,White,Blue
2669,ZEI-6-MM2124,Epic,Prophet,Owl Aubrey,Black,Blue
2670,ZEI-6-MM4664,Epic,Prophet,Rabbit Logan,White,Blue
2671,ZEI-6-MM2326,Epic,Prophet,Dog Addison,White,Blue
2672,ZEI-6-MM3392,Epic,Prophet,Monkey Blake,Black,Blue
2673,ZEI-6-MM8250,Epic,Prophet,Cat Jamie,Black,Blue
2674,ZEI-6-MM5605,Epic,Prophet,Monkey Frankie,White,Blue
2675,ZEI-6-MM4051,Epic,Prophet,Dog Drew,Black,Blue
2676,ZEI-6-MM3399,Epic,Prophet,Monkey Arden,Brown,Blue
2677,ZEI-6-MM3311,Epic,Astrologist,Monkey Parker,White,Blue
2678,ZEI-6-MM9931,Epic,Astrologist,Monkey Hayden,Black,Blue
2679,ZEI-6-MM2666,Epic,Astrologist,Cat Skyler,Black,Blue
2680,ZEI-6-MM2786,Epic,Astrologist,Mouse Mackenzie,White,Blue
2681,ZEI-6-MM6768,Epic,Astrologist,Cat Casey,Black,Blue
2682,ZEI-6-MM4204,Epic,Astrologist,Cat Ellis,Black,Blue
2683,ZEI-6-MM6685,Epic,Astrologist,Bear Riley,brown,Blue
2684,ZEI-6-MM6554,Epic,Astrologist,Bear Dana,Black,Blue
2685,ZEI-6-MM8408,Epic,Astrologist,Monkey Frankie,White,Blue
2686,ZEI-6-MM8372,Epic,Astrologist,Monkey Ripley,Black,Blue
2687,ZEI-6-MM2244,Epic,Astrologist,Monkey Charlie,Brown,Blue
2688,ZEI-6-MM9112,Epic,Astrologist,Owl Aubrey,Black,Blue
2689,ZEI-6-MM5697,Epic,Astrologist,Monkey Blake,Black,Blue
2690,ZEI-6-MM1208,Epic,Astrologist,Rabbit Peyton,Black,Blue
2691,ZEI-6-MM8057,Rare,Captain,Dog Pat,Black,Blue
2692,ZEI-6-MM5171,Rare,Captain,Monkey Ripley,Black,Blue
2693,ZEI-6-MM3039,Rare,Captain,Dog Morgan,Black,Blue
2694,ZEI-6-MM8306,Rare,Captain,Rabbit Finley,Black,Blue
2695,ZEI-6-MM1131,Rare,Captain,Rabbit Ashton,White,Blue
2696,ZEI-6-MM7882,Rare,Captain,Cat Dylan,White,Blue
2697,ZEI-6-MM2342,Rare,Captain,Dog Hunter,Black,Blue
2698,ZEI-6-MM8822,Rare,Captain,Cat Adrian,Black,Blue
2699,ZEI-6-MM4289,Rare,Captain,Monkey Blake,Black,Blue
2700,ZEI-6-MM6819,Rare,Captain,Monkey Frankie,White,Blue
2701,ZEI-6-MM6233,Rare,Captain,Dog Addison,White,Blue
2702,ZEI-6-MM5510,Rare,Captain,Cat Lane,White,Blue
2703,ZEI-6-MM8352,Rare,Captain,Cat Ellis,Black,Blue
2704,ZEI-6-MM2620,Rare,Captain,Owl Aubrey,Black,Blue
2705,ZEI-6-MM4922,Rare,Captain,Cat Skyler,Black,Blue
2706,ZEI-6-MM1611,Rare,Captain,Dog Cameron,White,Blue
2707,ZEI-6-MM6912,Rare,Captain,Cat Blair,White,Blue
2708,ZEI-6-MM4925,Rare,Captain,Monkey Charlie,Brown,Blue
2709,ZEI-6-MM6675,Rare,Captain,Rabbit Logan,White,Blue
2710,ZEI-6-MM7519,Rare,Captain,Mouse Rory,Black,Blue
2711,ZEI-6-MM4522,Rare,Captain,Cat Casey,Black,Blue
2712,ZEI-6-MM3891,Rare,Captain,Owl Devin,White,Blue
2713,ZEI-6-MM2267,Rare,Captain,Cat Marley,Black,Blue
2714,ZEI-6-MM4650,Rare,Captain,Rabbit Kyle,Black,Blue
2715,ZEI-6-MM5977,Rare,Captain,Rabbit Tracy,White,Blue
2716,ZEI-6-MM2625,Rare,Captain,Monkey Dakota,Black,Blue
2717,ZEI-6-MM3005,Rare,Mighty Pirate,Dog Kai,White,Blue
2718,ZEI-6-MM8602,Rare,Mighty Pirate,Monkey Dakota,Black,Blue
2719,ZEI-6-MM3560,Rare,Mighty Pirate,Monkey Arden,brown,Blue
2720,ZEI-6-MM4591,Rare,Mighty Pirate,Cat Blair,White,Blue
2721,ZEI-6-MM4454,Rare,Mighty Pirate,Owl Aubrey,Black,Blue
2722,ZEI-6-MM6713,Rare,Mighty Pirate,Dog Addison,White,Blue
2723,ZEI-6-MM4667,Rare,Mighty Pirate,Cat Skyler,Black,Blue
2724,ZEI-6-MM1916,Rare,Mighty Pirate,Cat Jamie,Black,Blue
2725,ZEI-6-MM2936,Rare,Mighty Pirate,Cat Lane,White,Blue
2726,ZEI-6-MM8730,Rare,Mighty Pirate,Cat Dylan,White,Blue
2727,ZEI-6-MM2991,Rare,Mighty Pirate,Rabbit Tracy,White,Blue
2728,ZEI-6-MM7787,Rare,Mighty Pirate,Owl Taylor,Black,Blue
2729,ZEI-6-MM8808,Rare,Mighty Pirate,Monkey Charlie,Brown,Blue
2730,ZEI-6-MM7116,Rare,Mighty Pirate,Dog Morgan,Black,Blue
2731,ZEI-6-MM2346,Rare,Mighty Pirate,Monkey Hayden,Black,Blue
2732,ZEI-6-MM1180,Rare,Mighty Pirate,Cat Ellis,Black,Blue
2733,ZEI-6-MM5234,Rare,Mighty Pirate,Cat Marley,Black,Blue
2734,ZEI-6-MM4136,Rare,Mighty Pirate,Cat Harper,White,Blue
2735,ZEI-6-MM3175,Rare,Mighty Pirate,Mouse Spencer,White,Blue
2736,ZEI-6-MM2497,Rare,Mighty Pirate,Monkey Frankie,White,Blue
2737,ZEI-6-MM8063,Rare,Mighty Pirate,Cat Rowan,White,Blue
2738,ZEI-6-MM3067,Rare,Mighty Pirate,Dog Emerson,White,Blue
2739,ZEI-6-MM3554,Rare,Mighty Pirate,Dog Hunter,Black,Blue
2740,ZEI-6-MM9499,Rare,Mighty Pirate,Mouse Mackenzie,White,Blue
2741,ZEI-6-MM7746,Rare,Mighty Pirate,Bear Dana,White,Blue
2742,ZEI-6-MM8820,Rare,Detective,Rabbit Kyle,White,Blue
2743,ZEI-6-MM2619,Rare,Detective,Cat Harper,Black,Blue
2744,ZEI-6-MM1122,Rare,Detective,Cat Casey,White,Blue
2745,ZEI-6-MM4545,Rare,Detective,Rabbit Peyton,White,Blue
2746,ZEI-6-MM6089,Rare,Detective,Cat Marley,White,Blue
2747,ZEI-6-MM2313,Rare,Detective,Cat Lane,Black,Blue
2748,ZEI-6-MM8566,Rare,Detective,Dog Noel,Black,Blue
2749,ZEI-6-MM5827,Rare,Detective,Cat Adrian,White,Blue
2750,ZEI-6-MM2746,Rare,Detective,Rabbit Tracy,Black,Blue
2751,ZEI-6-MM1876,Rare,Detective,Cat Dylan,Black,Blue
2752,ZEI-6-MM5277,Rare,Detective,Bear Dana,White,Blue
2753,ZEI-6-MM1362,Rare,Detective,Dog Emerson,Black,Blue
2754,ZEI-6-MM3771,Rare,Detective,Owl Aubrey,White,Blue
2755,ZEI-6-MM6745,Rare,Detective,Dog Drew,White,Blue
2756,ZEI-6-MM5772,Rare,Detective,Owl Devin,Brown,Blue
2757,ZEI-6-MM4140,Rare,Detective,Cat Skyler,White,Blue
2758,ZEI-6-MM3159,Rare,Detective,Dog Bailey,White,Blue
2759,ZEI-6-MM7035,Rare,Detective,Cat Jamie,White,Blue
2760,ZEI-6-MM3481,Rare,Detective,Mouse Mackenzie,Black,Blue
2761,ZEI-6-MM5404,Rare,Detective,Mouse Kerry,White,Blue
2762,ZEI-6-MM1425,Rare,Detective,Monkey Frankie,Black,Blue
2763,ZEI-6-MM2603,Rare,Detective,Mouse Rory,White,Blue
2764,ZEI-6-MM1544,Rare,Detective,Rabbit Ashton,Black,Blue
2765,ZEI-6-MM4033,Rare,Detective,Monkey Charlie,Black,Blue
2766,ZEI-6-MM6865,Rare,Detective,Monkey Arden,Black,Blue
2767,ZEI-6-MM7845,Rare,Hacker,Monkey Ripley,Brown,Blue
2768,ZEI-6-MM2611,Rare,Hacker,Bear Dana,White,Blue
2769,ZEI-6-MM5304,Rare,Hacker,Dog Morgan,White,Blue
2770,ZEI-6-MM5098,Rare,Hacker,Dog Addison,Black,Blue
2771,ZEI-6-MM2118,Rare,Hacker,Dog Drew,White,Blue
2772,ZEI-6-MM9623,Rare,Hacker,Dog Kai,Black,Blue
2773,ZEI-6-MM5857,Rare,Hacker,Mouse Mackenzie,Black,Blue
2774,ZEI-6-MM1919,Rare,Hacker,Monkey Frankie,Black,Blue
2775,ZEI-6-MM6393,Rare,Hacker,Rabbit Kyle,White,Blue
2776,ZEI-6-MM6314,Rare,Hacker,Monkey Parker,Black,Blue
2777,ZEI-6-MM9555,Rare,Hacker,Rabbit Tracy,Black,Blue
2778,ZEI-6-MM8625,Rare,Hacker,Cat Jamie,White,Blue
2779,ZEI-6-MM7890,Rare,Hacker,Rabbit Finley,White,Blue
2780,ZEI-6-MM2543,Rare,Hacker,Mouse Rory,White,Blue
2781,ZEI-6-MM9874,Rare,Hacker,Monkey Arden,Black,Blue
2782,ZEI-6-MM8027,Rare,Hacker,Cat Rowan,Black,Blue
2783,ZEI-6-MM2353,Rare,Hacker,Cat Ellis,White,Blue
2784,ZEI-6-MM8270,Rare,Hacker,Owl Taylor,Brown,Blue
2785,ZEI-6-MM3579,Rare,Hacker,Cat Dylan,Black,Blue
2786,ZEI-6-MM9558,Rare,Hacker,Rabbit Ashton,Black,Blue
2787,ZEI-6-MM2308,Rare,Hacker,Cat Adrian,White,Blue
2788,ZEI-6-MM1274,Rare,Hacker,Owl Aubrey,White,Blue
2789,ZEI-6-MM2913,Rare,Hacker,Dog Pat,White,Blue
2790,ZEI-6-MM5592,Rare,Hacker,Dog Hunter,White,Blue
2791,ZEI-6-MM5694,Rare,Hacker,Monkey Hayden,Brown,Blue
2792,ZEI-6-MM5455,Rare,Hacker,Cat Marley,White,Blue
2793,ZEI-6-MM1097,Rare,Hacker,Mouse Kerry,White,Blue
2794,ZEI-6-MM6144,Rare,Hacker,Dog Emerson,Black,Blue
2795,ZEI-6-MM9330,Rare,Mighty Master,Monkey Parker,White,Blue
2796,ZEI-6-MM3993,Rare,Mighty Master,Monkey Ripley,Black,Blue
2797,ZEI-6-MM9779,Rare,Mighty Master,Rabbit Tracy,White,Blue
2798,ZEI-6-MM7915,Rare,Mighty Master,Rabbit Finley,Black,Blue
2799,ZEI-6-MM9775,Rare,Mighty Master,Dog Bailey,Black,Blue
2800,ZEI-6-MM4031,Rare,Mighty Master,Cat Skyler,Black,Blue
2801,ZEI-6-MM9012,Rare,Mighty Master,Dog Cameron,White,Blue
2802,ZEI-6-MM4575,Rare,Mighty Master,Owl Aubrey,Black,Blue
2803,ZEI-6-MM8703,Rare,Mighty Master,Cat Adrian,Black,Blue
2804,ZEI-6-MM2545,Rare,Mighty Master,Mouse Rory,Black,Blue
2805,ZEI-6-MM4801,Rare,Mighty Master,Cat Jamie,Black,Blue
2806,ZEI-6-MM7478,Rare,Mighty Master,Cat Marley,Black,Blue
2807,ZEI-6-MM2063,Rare,Mighty Master,Mouse Avery,White,Blue
2808,ZEI-6-MM8771,Rare,Mighty Master,Cat Dylan,White,Blue
2809,ZEI-6-MM2093,Rare,Mighty Master,Bear Kelly,Black,Blue
2810,ZEI-6-MM9431,Rare,Mighty Master,Mouse Spencer,White,Blue
2811,ZEI-6-MM1116,Rare,Mighty Master,Dog Drew,Black,Blue
2812,ZEI-6-MM4915,Rare,Mighty Master,Owl Devin,White,Blue
2813,ZEI-6-MM8696,Rare,Mighty Master,Cat Ellis,Black,Blue
2814,ZEI-6-MM1305,Rare,Mighty Master,Bear Dana,White,Blue
2815,ZEI-6-MM8032,Rare,Mighty Master,Dog Emerson,White,Blue
2816,ZEI-6-MM1125,Rare,Mighty Master,Rabbit Peyton,Black,Blue
2817,ZEI-6-MM1019,Rare,Priest,Owl Taylor,Black,Blue
2818,ZEI-6-MM7341,Rare,Priest,Rabbit Logan,Black,Blue
2819,ZEI-6-MM7222,Rare,Priest,Owl Devin Brown,Brown,Blue
2820,ZEI-6-MM6179,Rare,Priest,Cat Marley,White,Blue
2821,ZEI-6-MM4290,Rare,Priest,Rabbit Ashton,Black,Blue
2822,ZEI-6-MM7308,Rare,Priest,Mouse Spencer,Black,Blue
2823,ZEI-6-MM8364,Rare,Priest,Cat Skyler,White,Blue
2824,ZEI-6-MM5993,Rare,Priest,Dog Pat,White,Blue
2825,ZEI-6-MM4471,Rare,Priest,Monkey Arden,Black,Blue
2826,ZEI-6-MM4380,Rare,Priest,Monkey Charlie,Black,Blue
2827,ZEI-6-MM5142,Rare,Priest,Cat Adrian,White,Blue
2828,ZEI-6-MM4213,Rare,Priest,Cat Ellis,White,Blue
2829,ZEI-6-MM2121,Rare,Priest,Cat Rowan,Black,Blue
2830,ZEI-6-MM4496,Rare,Priest,Bear Riley,Black,Blue
2831,ZEI-6-MM5450,Rare,Priest,Dog Drew,White,Blue
2832,ZEI-6-MM3924,Rare,Priest,Mouse Kerry,White,Blue
2833,ZEI-6-MM1874,Rare,Priest,Cat Jamie,White,Blue
2834,ZEI-6-MM9712,Rare,Priest,Monkey Dakota,White,Blue
2835,ZEI-6-MM2053,Rare,Priest,Dog Noel,Black,Blue
2836,ZEI-6-MM1436,Rare,Priest,Mouse Mackenzie,Black,Blue
2837,ZEI-6-MM4898,Rare,Priest,Cat Casey,White,Blue
2838,ZEI-6-MM6422,Rare,Priest,Dog Emerson,Black,Blue
2839,ZEI-6-MM2850,Rare,Priest,Dog Morgan,White,Blue
2840,ZEI-6-MM6599,Rare,Priest,Rabbit Peyton,White,Blue
2841,ZEI-6-MM6610,Rare,Priest,Cat Lane,Black,Blue
2842,ZEI-6-MM3758,Rare,Priest,Rabbit Kyle,White,Blue
2843,ZEI-6-MM1736,Rare,Priest,Monkey Parker,Black,Blue
2844,ZEI-6-MM6844,Rare,Priest,Monkey Blake,Brown,Blue
2845,ZEI-6-MM3718,Rare,Priest,Cat Blair,Black,Blue
2846,ZEI-6-MM3884,Rare,Priest,Cat Harper,Black,Blue
2847,ZEI-6-MM9456,Rare,Priest,Rabbit Finley,White,Blue
2848,ZEI-6-MM2426,Rare,Magician,Monkey Dakota,Black,Blue
2849,ZEI-6-MM6641,Rare,Magician,Bear Dana,White,Blue
2850,ZEI-6-MM9992,Rare,Magician,Cat Jamie,White,Blue
2851,ZEI-6-MM8360,Rare,Magician,Cat Rowan,Black,Blue
2852,ZEI-6-MM1727,Rare,Magician,Cat Lane,Black,Blue
2853,ZEI-6-MM2862,Rare,Magician,Dog Pat,Black,Blue
2854,ZEI-6-MM6383,Rare,Magician,Cat Marley,White,Blue
2855,ZEI-6-MM2438,Rare,Magician,Rabbit Ashton,White,Blue
2856,ZEI-6-MM8490,Rare,Magician,Cat Casey,White,Blue
2857,ZEI-6-MM7479,Rare,Magician,Rabbit Peyton,Black,Blue
2858,ZEI-6-MM8781,Rare,Magician,Dog Morgan,Black,Blue
2859,ZEI-6-MM2748,Rare,Magician,Owl Devin,White,Blue
2860,ZEI-6-MM3682,Rare,Magician,Cat Blair,Black,Blue
2861,ZEI-6-MM8264,Rare,Magician,Monkey Parker,White,Blue
2862,ZEI-6-MM3516,Rare,Magician,Monkey Frankie,White,Blue
2863,ZEI-6-MM3761,Rare,Magician,Dog Cameron,Black,Blue
2864,ZEI-6-MM6943,Rare,Magician,Mouse Rory,Black,Blue
2865,ZEI-6-MM2982,Rare,Magician,Dog Emerson,Black,Blue
2866,ZEI-6-MM4093,Rare,Magician,Dog Addison,Black,Blue
2867,ZEI-6-MM2071,Rare,Magician,Mouse Kerry,Black,Blue
2868,ZEI-6-MM8428,Rare,Magician,Dog Hunter,White,Blue
2869,ZEI-6-MM2179,Rare,Magician,Rabbit Tracy,White,Blue
2870,ZEI-6-MM9320,Rare,Magician,Dog Bailey,White,Blue
2871,ZEI-6-MM1546,Rare,Magician,Dog Drew,White,Blue
2872,ZEI-6-MM2112,Rare,Magician,Cat Ellis,White,Blue
2873,ZEI-6-MM3777,Rare,Magician,Mouse Mackenzie,White,Blue
2874,ZEI-6-MM4907,Rare,Magician,Cat Dylan,Black,Blue
2875,ZEI-6-MM9247,Rare,Magician,Dog Noel,White,Blue
2876,ZEI-6-MM5912,Rare,Magician,Monkey Hayden,Black,Blue
2877,ZEI-6-MM4912,Rare,Magician,Rabbit Finley,Black,Blue
2878,ZEI-6-MM3302,Rare,Clown,Owl Aubrey,Black,Blue
2879,ZEI-6-MM4498,Rare,Clown,Cat Dylan,White,Blue
2880,ZEI-6-MM8227,Rare,Clown,Monkey Blake,Black,Blue
2881,ZEI-6-MM6055,Rare,Clown,Owl Taylor,Black,Blue
2882,ZEI-6-MM1604,Rare,Clown,Cat Marley,Black,Blue
2883,ZEI-6-MM7626,Rare,Clown,Dog Drew,Black,Blue
2884,ZEI-6-MM9218,Rare,Clown,Owl Aubrey,White,Blue
2885,ZEI-6-MM8936,Rare,Clown,Bear Riley,brown,Blue
2886,ZEI-6-MM5379,Rare,Clown,Dog Addison,White,Blue
2887,ZEI-6-MM5291,Rare,Clown,Rabbit Finley,White,Blue
2888,ZEI-6-MM9668,Rare,Clown,Cat Ellis,Black,Blue
2889,ZEI-6-MM4346,Rare,Clown,Rabbit Peyton,White,Blue
2890,ZEI-6-MM5080,Rare,Clown,Cat Rowan,White,Blue
2891,ZEI-6-MM2590,Rare,Clown,Dog Pat,White,Blue
2892,ZEI-6-MM9981,Rare,Clown,Monkey Blake,Brown,Blue
2893,ZEI-6-MM9193,Rare,Clown,Rabbit Peyton,Black,Blue
2894,ZEI-6-MM7961,Rare,Clown,Rabbit Kyle,Black,Blue
2895,ZEI-6-MM4222,Rare,Clown,Dog Cameron,White,Blue
2896,ZEI-6-MM8806,Rare,Clown,Mouse Rory,Black,Blue
2897,ZEI-6-MM2250,Rare,Clown,Monkey Dakota,White,Blue
2898,ZEI-6-MM4990,Rare,Clown,Cat Adrian,Black,Blue
2899,ZEI-6-MM2457,Rare,Clown,Dog Morgan,Black,Blue
2900,ZEI-6-MM3914,Rare,Clown,Owl Taylor Brown,Brown,Blue
2901,ZEI-6-MM7651,Rare,Clown,Monkey Dakota,Black,Blue
2902,ZEI-6-MM4284,Rare,Clown,Mouse Kerry,Black,Blue
2903,ZEI-6-MM5152,Rare,Clown,Cat Blair,White,Blue
2904,ZEI-6-MM2074,Rare,Clown,Dog Hunter,Black,Blue
2905,ZEI-6-MM1952,Rare,Scientist,Cat Jamie,White,Blue
2906,ZEI-6-MM4609,Rare,Scientist,Rabbit Ashton,Black,Blue
2907,ZEI-6-MM2880,Rare,Scientist,Dog Pat,White,Blue
2908,ZEI-6-MM9381,Rare,Scientist,Cat Ellis,White,Blue
2909,ZEI-6-MM1480,Rare,Scientist,Monkey Dakota,White,Blue
2910,ZEI-6-MM8390,Rare,Scientist,Cat Skyler,Black,Blue
2911,ZEI-6-MM4843,Rare,Scientist,Monkey Hayden,Brown,Blue
2912,ZEI-6-MM9114,Rare,Scientist,Cat Marley,Black,Blue
2913,ZEI-6-MM9036,Rare,Scientist,Mouse Spencer,Black,Blue
2914,ZEI-6-MM8579,Rare,Scientist,Rabbit Tracy,Black,Blue
2915,ZEI-6-MM7830,Rare,Scientist,Cat Casey,Black,Blue
2916,ZEI-6-MM2940,Rare,Scientist,Owl Devin Brown,Brown,Blue
2917,ZEI-6-MM5102,Rare,Scientist,Rabbit Finley,White,Blue
2918,ZEI-6-MM7784,Rare,Scientist,Mouse Avery,Black,Blue
2919,ZEI-6-MM1112,Rare,Scientist,Owl Aubrey,White,Blue
2920,ZEI-6-MM2912,Rare,Scientist,Cat Adrian,White,Blue
2921,ZEI-6-MM7884,Rare,Scientist,Dog Hunter,Black,Blue
2922,ZEI-6-MM3814,Rare,Scientist,Dog Bailey,White,Blue
2923,ZEI-6-MM9739,Rare,Scientist,Dog Morgan,White,Blue
2924,ZEI-6-MM3780,Rare,Scientist,Bear Dana,White,Blue
2925,ZEI-6-MM6446,Rare,Scientist,Cat Jamie,Black,Blue
2926,ZEI-6-MM6072,Rare,Scientist,Dog Drew,White,Blue
2927,ZEI-6-MM3063,Rare,Scientist,Rabbit Kyle,White,Blue
2928,ZEI-6-MM3078,Rare,Scientist,Cat Adrian,Black,Blue
2929,ZEI-6-MM2550,Rare,Scientist,Mouse Rory,White,Blue
2930,ZEI-6-MM2370,Rare,Scientist,Monkey Arden,Black,Blue
2931,ZEI-6-MM5482,Rare,Scientist,Rabbit Jesse,Black,Blue
2932,ZEI-6-MM7283,Rare,Doctor,Dog Emerson,Black,Blue
2933,ZEI-6-MM8201,Rare,Doctor,Rabbit Jesse,Black,Blue
2934,ZEI-6-MM2075,Rare,Doctor,Dog Addison,Black,Blue
2935,ZEI-6-MM1723,Rare,Doctor,Mouse Mackenzie,Black,Blue
2936,ZEI-6-MM1487,Rare,Doctor,Cat Dylan,Black,Blue
2937,ZEI-6-MM3835,Rare,Doctor,Cat Ellis,White,Blue
2938,ZEI-6-MM7244,Rare,Doctor,Cat Harper,Black,Blue
2939,ZEI-6-MM4357,Rare,Doctor,Monkey Blake,Brown,Blue
2940,ZEI-6-MM8895,Rare,Doctor,Dog Morgan,White,Blue
2941,ZEI-6-MM9377,Rare,Doctor,Cat Rowan,Black,Blue
2942,ZEI-6-MM8345,Rare,Doctor,Rabbit Tracy,Black,Blue
2943,ZEI-6-MM6972,Rare,Doctor,Dog Noel,Black,Blue
2944,ZEI-6-MM2477,Rare,Doctor,Monkey Parker,Black,Blue
2945,ZEI-6-MM4561,Rare,Doctor,Monkey Frankie,Black,Blue
2946,ZEI-6-MM2733,Rare,Doctor,Rabbit Finley,White,Blue
2947,ZEI-6-MM5942,Rare,Doctor,Monkey Dakota,White,Blue
2948,ZEI-6-MM1563,Rare,Doctor,Cat Casey,White,Blue
2949,ZEI-6-MM8747,Rare,Doctor,Cat Adrian,White,Blue
2950,ZEI-6-MM2629,Rare,Doctor,Dog Bailey,White,Blue
2951,ZEI-6-MM5221,Rare,Doctor,Monkey Ripley,Brown,Blue
2952,ZEI-6-MM2233,Rare,Doctor,Dog Cameron,Black,Blue
2953,ZEI-6-MM8445,Rare,Doctor,Dog Drew,White,Blue
2954,ZEI-6-MM9185,Rare,Doctor,Monkey Arden,Black,Blue
2955,ZEI-6-MM2987,Rare,Doctor,Mouse Spencer,Black,Blue
2956,ZEI-6-MM1316,Rare,Doctor,Dog Pat,White,Blue
2957,ZEI-6-MM7953,Common,Mighty Boxer,Cat Ellis,Black,Blue
2958,ZEI-6-MM5597,Common,Mighty Boxer,Monkey Charlie,Brown,Blue
2959,ZEI-6-MM6482,Common,Mighty Boxer,Bear Dana,White,Blue
2960,ZEI-6-MM7097,Common,Mighty Boxer,Dog Cameron,White,Blue
2961,ZEI-6-MM8046,Common,Mighty Boxer,Bear Riley,brown,Blue
2962,ZEI-6-MM4629,Common,Mighty Boxer,Rabbit Ashton,White,Blue
2963,ZEI-6-MM5055,Common,Mighty Boxer,Monkey Arden,brown,Blue
2964,ZEI-6-MM6331,Common,Mighty Boxer,Rabbit Finley,Black,Blue
2965,ZEI-6-MM1926,Common,Mighty Boxer,Dog Addison,White,Blue
2966,ZEI-6-MM8651,Common,Mighty Boxer,Monkey Blake,Black,Blue
2967,ZEI-6-MM9334,Common,Mighty Boxer,Cat Casey,Black,Blue
2968,ZEI-6-MM8296,Common,Mighty Boxer,Cat Harper,White,Blue
2969,ZEI-6-MM8585,Common,Mighty Boxer,Monkey Dakota,Black,Blue
2970,ZEI-6-MM4520,Common,Mighty Boxer,Dog Pat,Black,Blue
2971,ZEI-6-MM3906,Common,Mighty Boxer,Rabbit Logan,White,Blue
2972,ZEI-6-MM8759,Common,Mighty Boxer,Mouse Avery,White,Blue
2973,ZEI-6-MM4747,Common,Mighty Boxer,Mouse Spencer,White,Blue
2974,ZEI-6-MM7601,Common,Mighty Boxer,Dog Emerson,White,Blue
2975,ZEI-6-MM6749,Common,Mighty Boxer,Rabbit Peyton,Black,Blue
2976,ZEI-6-MM9754,Common,Mighty Boxer,Rabbit Tracy,White,Blue
2977,ZEI-6-MM3987,Common,Mighty Boxer,Rabbit Jesse,White,Blue
2978,ZEI-6-MM7529,Common,Mighty Boxer,Monkey Ripley,Black,Blue
2979,ZEI-6-MM9479,Common,Mighty Boxer,Cat Rowan,White,Blue
2980,ZEI-6-MM3676,Common,Mighty Boxer,Cat Lane,White,Blue
2981,ZEI-6-MM3902,Common,Mighty Boxer,Cat Blair,White,Blue
2982,ZEI-6-MM4094,Common,Mighty Boxer,Owl Taylor,Black,Blue
2983,ZEI-6-MM8799,Common,Mighty Boxer,Cat Jamie,Black,Blue
2984,ZEI-6-MM3710,Common,Mighty Boxer,Cat Dylan,White,Blue
2985,ZEI-6-MM3195,Common,Mighty Boxer,Monkey Frankie,White,Blue
2986,ZEI-6-MM1999,Common,Mighty Boxer,Bear Kelly,Black,Blue
2987,ZEI-6-MM5731,Common,Mighty Police,Bear Kelly,Black,Blue
2988,ZEI-6-MM7144,Common,Mighty Police,Cat Skyler,Black,Blue
2989,ZEI-6-MM1145,Common,Mighty Police,Owl Devin,White,Blue
2990,ZEI-6-MM6525,Common,Mighty Police,Cat Lane,White,Blue
2991,ZEI-6-MM8839,Common,Mighty Police,Cat Ellis,Black,Blue
2992,ZEI-6-MM7295,Common,Mighty Police,Mouse Rory,Black,Blue
2993,ZEI-6-MM6303,Common,Mighty Police,Monkey Blake,Black,Blue
2994,ZEI-6-MM4194,Common,Mighty Police,Monkey Frankie,White,Blue
2995,ZEI-6-MM6810,Common,Mighty Police,Dog Drew,Black,Blue
2996,ZEI-6-MM8518,Common,Mighty Police,Cat Marley,Black,Blue
2997,ZEI-6-MM8304,Common,Mighty Police,Cat Jamie,Black,Blue
2998,ZEI-6-MM7406,Common,Mighty Police,Dog Emerson,White,Blue
2999,ZEI-6-MM8290,Common,Mighty Police,Rabbit Tracy,White,Blue
3000,ZEI-6-MM4167,Common,Mighty Police,Cat Dylan,White,Blue
3001,ZEI-6-MM6889,Common,Mighty Police,Monkey Charlie,Brown,Blue
3002,ZEI-6-MM6276,Common,Mighty Police,Dog Pat,Black,Blue
3003,ZEI-6-MM4281,Common,Mighty Police,Rabbit Kyle,Black,Blue
3004,ZEI-6-MM3316,Common,Mighty Police,Owl Taylor,Black,Blue
3005,ZEI-6-MM4039,Common,Mighty Police,Dog Cameron,White,Blue
3006,ZEI-6-MM6412,Common,Mighty Police,Bear Dana,White,Blue
3007,ZEI-6-MM3866,Common,Mighty Police,Cat Adrian,Black,Blue
3008,ZEI-6-MM4604,Common,Mighty Police,Mouse Avery,White,Blue
3009,ZEI-6-MM9276,Common,Mighty Police,Mouse Mackenzie,White,Blue
3010,ZEI-6-MM2934,Common,Citizen,Mouse Mackenzie,White,Blue
3011,ZEI-6-MM2107,Common,Citizen,Dog Emerson,Black,Blue
3012,ZEI-6-MM9439,Common,Citizen,Mouse Kerry,Black,Blue
3013,ZEI-6-MM8136,Common,Citizen,Cat Dylan,Black,Blue
3014,ZEI-6-MM3946,Common,Citizen,Cat Marley,White,Blue
3015,ZEI-6-MM2567,Common,Citizen,Monkey Parker,White,Blue
3016,ZEI-6-MM9902,Common,Citizen,Cat Blair,Black,Blue
3017,ZEI-6-MM6137,Common,Citizen,Cat Lane,Black,Blue
3018,ZEI-6-MM6267,Common,Citizen,Monkey Ripley,Black,Blue
3019,ZEI-6-MM8240,Common,Citizen,Rabbit Jesse,White,Blue
3020,ZEI-6-MM8399,Common,Citizen,Rabbit Ashton,White,Blue
3021,ZEI-6-MM8946,Common,Citizen,Mouse Spencer,White,Blue
3022,ZEI-6-MM1801,Common,Citizen,Monkey Arden,Brown,Blue
3023,ZEI-6-MM7878,Common,Citizen,Monkey Dakota,Black,Blue
3024,ZEI-6-MM7568,Common,Citizen,Monkey Blake,Black,Blue
3025,ZEI-6-MM4623,Common,Citizen,Rabbit Kyle,Black,Blue
3026,ZEI-6-MM4611,Common,Citizen,Monkey Hayden,Black,Blue
3027,ZEI-6-MM5737,Common,Citizen,Rabbit Peyton,Black,Blue
3028,ZEI-6-MM5149,Common,Citizen,Dog Hunter,White,Blue
3029,ZEI-6-MM9230,Common,Citizen,Owl Devin,White,Blue
3030,ZEI-6-MM9491,Common,Citizen,Cat Harper,Black,Blue
3031,ZEI-6-MM8308,Common,Citizen,Dog Addison,Black,Blue
3032,ZEI-6-MM6318,Common,Citizen,Cat Dylan,White,Blue
3033,ZEI-6-MM7125,Common,Citizen,Owl Taylor,Black,Blue
3034,ZEI-6-MM4946,Common,Citizen,Monkey Ripley,Black,Blue
3035,ZEI-6-MM4460,Common,Citizen,Cat Lane,White,Blue
3036,ZEI-6-MM5862,Common,Citizen,Rabbit Logan,White,Blue
3037,ZEI-6-MM6614,Common,Citizen,Monkey Arden,Brown,Blue
3038,ZEI-6-MM4037,Common,Citizen,Dog Hunter,Black,Blue
3039,ZEI-6-MM7508,Common,Citizen,Rabbit Peyton,Black,Blue
3040,ZEI-6-MM6552,Common,Citizen,Bear Dana,Black,Blue
3041,ZEI-6-MM6242,Common,Citizen,Mouse Avery,White,Blue
3042,ZEI-6-MM1096,Common,Citizen,Rabbit Ashton,White,Blue
3043,ZEI-6-MM3584,Common,Citizen,Cat Ellis,Black,Blue
3044,ZEI-6-MM4760,Common,Citizen,Cat Marley,Black,Blue
3045,ZEI-6-MM3615,Common,Citizen,Dog Emerson,White,Blue
3046,ZEI-6-MM1225,Common,Citizen,Monkey Parker,White,Blue
3047,ZEI-6-MM6328,Common,Citizen,Cat Casey,Black,Blue
3048,ZEI-6-MM4228,Common,Citizen,Cat Jamie,Black,Blue
3049,ZEI-6-MM8539,Common,Citizen,Dog Addison,White,Blue
3050,ZEI-6-MM3564,Common,Citizen,Mouse Spencer,White,Blue
3051,ZEI-6-MM2516,Common,Citizen,Rabbit Tracy,White,Blue
3052,ZEI-6-MM2028,Common,Citizen,Dog Cameron,White,Blue
3053,ZEI-6-MM2540,Common,Citizen,Dog Morgan,Black,Blue
3054,ZEI-6-MM3324,Common,Citizen,Dog Drew,Black,Blue
3055,ZEI-6-MM6025,Common,Citizen,Mouse Mackenzie,White,Blue
3056,ZEI-6-MM9493,Common,Citizen,Cat Skyler,White,Blue
3057,ZEI-6-MM6863,Common,Citizen,Monkey Dakota,Black,Blue
3058,ZEI-6-MM1333,Common,Citizen,Rabbit Peyton,Black,Blue
3059,ZEI-6-MM3375,Common,Citizen,Dog Drew,White,Blue
3060,ZEI-6-MM8615,Common,Citizen,Monkey Arden,Brown,Blue
3061,ZEI-6-MM7441,Common,Citizen,Rabbit Finley,Black,Blue
3062,ZEI-6-MM9290,Common,Citizen,Dog Kai,Black,Blue
3063,ZEI-6-MM5691,Common,Citizen,Owl Taylor Brown,Brown,Blue
3064,ZEI-6-MM3935,Common,Citizen,Dog Cameron,Black,Blue
3065,ZEI-6-MM1251,Common,Citizen,Mouse Spencer,White,Blue
3066,ZEI-6-MM6568,Common,Citizen,Monkey Hayden,Black,Blue
3067,ZEI-6-MM1148,Common,Citizen,Cat Rowan,Black,Blue
3068,ZEI-6-MM6141,Common,Citizen,Dog Pat,Black,Blue
3069,ZEI-6-MM1779,Common,Citizen,Cat Blair,Black,Blue
3070,ZEI-6-MM7037,Common,Citizen,Monkey Frankie,White,Blue
3071,ZEI-6-MM2466,Common,Citizen,Dog Hunter,White,Blue
3072,ZEI-6-MM6140,Common,Citizen,Cat Marley,White,Blue
3073,ZEI-6-MM4291,Common,Citizen,Dog Emerson,Black,Blue
3074,ZEI-6-MM9196,Common,Citizen,Cat Harper,Black,Blue
3075,ZEI-6-MM3643,Common,Citizen,Monkey Blake,Black,Blue
3076,ZEI-6-MM9058,Common,Student,Monkey Ripley,Black,Blue
3077,ZEI-6-MM1951,Common,Student,Bear Riley,Black,Blue
3078,ZEI-6-MM8951,Common,Student,Cat Ellis,White,Blue
3079,ZEI-6-MM4255,Common,Student,Bear Dana,White,Blue
3080,ZEI-6-MM9273,Common,Student,Rabbit Finley,Black,Blue
3081,ZEI-6-MM4485,Common,Student,Cat Rowan,Black,Blue
3082,ZEI-6-MM9690,Common,Student,Cat Harper,Black,Blue
3083,ZEI-6-MM7684,Common,Student,Rabbit Jesse,White,Blue
3084,ZEI-6-MM3234,Common,Student,Dog Bailey,White,Blue
3085,ZEI-6-MM1660,Common,Student,Monkey Frankie,White,Blue
3086,ZEI-6-MM3640,Common,Student,Dog Morgan,Black,Blue
3087,ZEI-6-MM7345,Common,Student,Monkey Dakota,Black,Blue
3088,ZEI-6-MM3102,Common,Student,Cat Adrian,White,Blue
3089,ZEI-6-MM3603,Common,Student,Monkey Hayden,Black,Blue
3090,ZEI-6-MM8958,Common,Student,Monkey Charlie,Brown,Blue
3091,ZEI-6-MM8020,Common,Student,Owl Aubrey,Black,Blue
3092,ZEI-6-MM1772,Common,Student,Cat Skyler,White,Blue
3093,ZEI-6-MM9742,Common,Student,Mouse Kerry,Black,Blue
3094,ZEI-6-MM2191,Common,Student,Dog Addison,Black,Blue
3095,ZEI-6-MM1697,Common,Student,Cat Jamie,White,Blue
3096,ZEI-6-MM4643,Common,Student,Cat Dylan,Black,Blue
3097,ZEI-6-MM5512,Common,Student,Mouse Mackenzie,White,Blue
3098,ZEI-6-MM1569,Common,Student,Cat Lane,Black,Blue
3099,ZEI-6-MM1447,Common,Student,Owl Taylor Brown,Brown,Blue
3100,ZEI-6-MM2159,Common,Student,Rabbit Logan,White,Blue
3101,ZEI-6-MM6980,Common,Student,Rabbit Kyle,Black,Blue
3102,ZEI-6-MM9028,Common,Student,Rabbit Peyton,Black,Blue
3103,ZEI-6-MM4596,Common,Mighty Citizen,Cat Ellis,Black,Blue
3104,ZEI-6-MM8944,Common,Mighty Citizen,Cat Adrian,Black,Blue
3105,ZEI-6-MM4995,Common,Mighty Citizen,Mouse Rory,Black,Blue
3106,ZEI-6-MM6923,Common,Mighty Citizen,Cat Skyler,Black,Blue
3107,ZEI-6-MM1009,Common,Mighty Citizen,Monkey Arden,brown,Blue
3108,ZEI-6-MM4422,Common,Mighty Citizen,Dog Morgan,Black,Blue
3109,ZEI-6-MM8832,Common,Mighty Citizen,Cat Marley,Black,Blue
3110,ZEI-6-MM2068,Common,Mighty Citizen,Dog Emerson,White,Blue
3111,ZEI-6-MM1478,Common,Mighty Citizen,Rabbit Jesse,White,Blue
3112,ZEI-6-MM5073,Common,Mighty Citizen,Owl Aubrey,Black,Blue
3113,ZEI-6-MM3938,Common,Mighty Citizen,Cat Lane,White,Blue
3114,ZEI-6-MM2732,Common,Mighty Citizen,Dog Hunter,Black,Blue
3115,ZEI-6-MM9081,Common,Mighty Citizen,Rabbit Kyle,Black,Blue
3116,ZEI-6-MM3998,Common,Mighty Citizen,Cat Rowan,White,Blue
3117,ZEI-6-MM3369,Common,Mighty Citizen,Monkey Ripley,Black,Blue
3118,ZEI-6-MM7457,Common,Mighty Citizen,Cat Casey,Black,Blue
3119,ZEI-6-MM4848,Common,Mighty Citizen,Mouse Avery,White,Blue
3120,ZEI-6-MM1361,Common,Mighty Citizen,Dog Bailey,Black,Blue
3121,ZEI-6-MM8288,Common,Mighty Citizen,Rabbit Peyton,Black,Blue
3122,ZEI-6-MM4429,Common,Mighty Citizen,Mouse Kerry,Black,Blue
3123,ZEI-6-MM1350,Common,Mighty Citizen,Dog Addison,White,Blue
3124,ZEI-6-MM8022,Common,Mighty Citizen,Owl Taylor,Black,Blue
3125,ZEI-6-MM2449,Common,Mighty Citizen,Bear Kelly,Black,Blue
3126,ZEI-6-MM1336,Common,Citizen,Bear Dana,White,Blue
3127,ZEI-6-MM3265,Common,Citizen,Mouse Kerry,Black,Blue
3128,ZEI-6-MM7603,Common,Citizen,Dog Emerson,Black,Blue
3129,ZEI-6-MM9374,Common,Citizen,Cat Casey,White,Blue
3130,ZEI-6-MM3332,Common,Citizen,Cat Blair,Black,Blue
3131,ZEI-6-MM4205,Common,Citizen,Monkey Dakota,Black,Blue
3132,ZEI-6-MM2640,Common,Citizen,Bear Riley,Black,Blue
3133,ZEI-6-MM7751,Common,Citizen,Mouse Spencer,White,Blue
3134,ZEI-6-MM7862,Common,Citizen,Monkey Hayden,Black,Blue
3135,ZEI-6-MM9261,Common,Citizen,Dog Kai,Black,Blue
3136,ZEI-6-MM5822,Common,Citizen,Cat Dylan,Black,Blue
3137,ZEI-6-MM3193,Common,Citizen,Dog Addison,Black,Blue
3138,ZEI-6-MM4648,Common,Citizen,Dog Pat,Black,Blue
3139,ZEI-6-MM9180,Common,Citizen,Cat Rowan,Black,Blue
3140,ZEI-6-MM1381,Common,Citizen,Dog Drew,White,Blue
3141,ZEI-6-MM9140,Common,Citizen,Mouse Mackenzie,White,Blue
3142,ZEI-6-MM6723,Common,Citizen,Rabbit Kyle,Black,Blue
3143,ZEI-6-MM3232,Common,Citizen,Rabbit Tracy,White,Blue
3144,ZEI-6-MM9764,Common,Citizen,Cat Harper,Black,Blue
3145,ZEI-6-MM6596,Common,Citizen,Owl Devin,White,Blue
3146,ZEI-6-MM8225,Common,Citizen,Mouse Rory,Black,Blue
3147,ZEI-6-MM9474,Common,Citizen,Dog Bailey,White,Blue
3148,ZEI-6-MM8160,Common,Citizen,Rabbit Logan,White,Blue
3149,ZEI-6-MM3441,Common,Citizen,Owl Aubrey,Black,Blue
3150,ZEI-6-MM2029,Common,Citizen,Cat Skyler,White,Blue
3151,ZEI-6-MM7332,Common,Citizen,Cat Casey,White,Blue
3152,ZEI-6-MM9848,Common,Citizen,Owl Devin,White,Blue
3153,ZEI-6-MM6075,Common,Citizen,Mouse Mackenzie,White,Blue
3154,ZEI-6-MM3350,Common,Citizen,Rabbit Finley,Black,Blue
3155,ZEI-6-MM6701,Common,Citizen,Mouse Spencer,White,Blue
3156,ZEI-6-MM4711,Common,Citizen,Cat Lane,Black,Blue
3157,ZEI-6-MM7344,Common,Citizen,Dog Cameron,Black,Blue
3158,ZEI-6-MM2392,Common,Citizen,Dog Addison,Black,Blue
3159,ZEI-6-MM7733,Common,Citizen,Rabbit Logan,White,Blue
3160,ZEI-6-MM4301,Common,Citizen,Dog Bailey,White,Blue
3161,ZEI-6-MM6981,Common,Citizen,Rabbit Tracy,White,Blue
3162,ZEI-6-MM2871,Common,Citizen,Mouse Kerry,Black,Blue
3163,ZEI-6-MM4269,Common,Citizen,Mouse Rory,Black,Blue
3164,ZEI-6-MM3851,Common,Citizen,Dog Hunter,White,Blue
3165,ZEI-6-MM7465,Common,Citizen,Rabbit Jesse,White,Blue
3166,ZEI-6-MM9969,Common,Citizen,Cat Ellis,White,Blue
3167,ZEI-6-MM2797,Common,Citizen,Owl Aubrey,Black,Blue
3168,ZEI-6-MM9093,Common,Citizen,Monkey Hayden,Black,Blue
3169,ZEI-6-MM2766,Common,Citizen,Rabbit Peyton,Black,Blue
3170,ZEI-6-MM5518,Common,Citizen,Monkey Blake,Black,Blue
3171,ZEI-6-MM8744,Common,Citizen,Dog Morgan,White,Blue
3172,ZEI-6-MM7879,Common,Citizen,Bear Riley,Black,Blue
3173,ZEI-6-MM9327,Common,Citizen,Dog Drew,White,Blue
3174,ZEI-6-MM4335,Common,Citizen,Monkey Frankie,White,Blue
3175,ZEI-6-MM8115,Common,Citizen,Rabbit Kyle,Black,Blue
3176,ZEI-6-MM4620,Common,Citizen,Monkey Charlie,Brown,Blue
3177,ZEI-6-MM2720,Common,Citizen,Cat Jamie,White,Blue
3178,ZEI-6-MM8522,Common,Citizen,Cat Dylan,Black,Blue
3179,ZEI-6-MM4345,Common,Citizen,Dog Morgan,White,Blue
3180,ZEI-6-MM4327,Common,Citizen,Mouse Kerry,Black,Blue
3181,ZEI-6-MM3903,Common,Citizen,Monkey Blake,Black,Blue
3182,ZEI-6-MM5321,Common,Citizen,Cat Marley,White,Blue
3183,ZEI-6-MM9871,Common,Citizen,Cat Casey,White,Blue
3184,ZEI-6-MM1318,Common,Citizen,Monkey Dakota,Black,Blue
3185,ZEI-6-MM4187,Common,Citizen,Cat Blair,Black,Blue
3186,ZEI-6-MM7524,Common,Citizen,Cat Adrian,White,Blue
3187,ZEI-6-MM5649,Common,Citizen,Dog Bailey,White,Blue
3188,ZEI-6-MM2618,Common,Citizen,Cat Harper,Black,Blue
3189,ZEI-6-MM5253,Common,Citizen,Rabbit Peyton,Black,Blue
3190,ZEI-6-MM1295,Common,Citizen,Rabbit Finley,Black,Blue
3191,ZEI-6-MM7227,Common,Citizen,Monkey Parker,White,Blue
3192,ZEI-6-MM6122,Common,Citizen,Monkey Charlie,Brown,Blue
3193,ZEI-6-MM7487,Common,Citizen,Dog Emerson,Black,Blue
3194,ZEI-6-MM1748,Common,Citizen,Rabbit Ashton,White,Blue
3195,ZEI-6-MM7220,Common,Citizen,Dog Kai,Black,Blue
3196,ZEI-6-MM3733,Common,Citizen,Monkey Ripley,Black,Blue
3197,ZEI-6-MM2102,Common,Citizen,Dog Hunter,White,Blue
3198,ZEI-6-MM1328,Common,Citizen,Dog Addison,Black,Blue
3199,ZEI-6-MM6785,Common,Citizen,Monkey Frankie,White,Blue
3200,ZEI-6-MM1060,Common,Citizen,Rabbit Tracy,White,Blue
3201,ZEI-6-MM7834,Common,Citizen,Cat Rowan,Black,Blue
3202,ZEI-6-MM2791,Common,Citizen,Dog Addison,Black,Blue
3203,ZEI-6-MM5259,Common,Citizen,Cat Blair,Black,Blue
3204,ZEI-6-MM8669,Common,Citizen,Monkey Arden,Brown,Blue
3205,ZEI-6-MM7239,Common,Citizen,Monkey Charlie,Brown,Blue
3206,ZEI-6-MM3571,Common,Citizen,Bear Riley,Black,Blue
3207,ZEI-6-MM9954,Common,Citizen,Mouse Rory,Black,Blue
3208,ZEI-6-MM6594,Common,Citizen,Monkey Parker,White,Blue
3209,ZEI-6-MM4684,Common,Citizen,Cat Lane,Black,Blue
3210,ZEI-6-MM6816,Common,Citizen,Dog Cameron,Black,Blue
3211,ZEI-6-MM6922,Common,Citizen,Owl Aubrey,Black,Blue
3212,ZEI-6-MM9360,Common,Citizen,Rabbit Jesse,White,Blue
3213,ZEI-6-MM2507,Common,Citizen,Mouse Mackenzie,White,Blue
3214,ZEI-6-MM7633,Common,Citizen,Cat Jamie,White,Blue
3215,ZEI-6-MM9046,Common,Citizen,Monkey Blake,Black,Blue
3216,ZEI-6-MM9550,Common,Citizen,Cat Harper,Black,Blue
3217,ZEI-6-MM2626,Common,Citizen,Dog Pat,Black,Blue
3218,ZEI-6-MM3703,Common,Citizen,Owl Devin,White,Blue
3219,ZEI-6-MM7444,Common,Citizen,Cat Ellis,White,Blue
3220,ZEI-6-MM9653,Common,Citizen,Cat Adrian,White,Blue
3221,ZEI-6-MM9595,Common,Citizen,Dog Noel,White,Blue
3222,ZEI-6-MM5059,Common,Citizen,Bear Dana,White,Blue
3223,ZEI-6-MM1821,Common,Citizen,Monkey Hayden,Black,Blue
3224,ZEI-6-MM4640,Common,Citizen,Cat Dylan,Black,Blue
3225,ZEI-6-MM6517,Common,Citizen,Monkey Dakota,Black,Blue
3226,ZEI-6-MM7267,Common,Citizen,Rabbit Ashton,White,Blue
3227,ZEI-6-MM4697,Common,Citizen,Owl Taylor Brown,Brown,Blue
3228,ZEI-6-MM3509,Common,Mighty Gangster,Mouse Avery,White,Blue
3229,ZEI-6-MM2042,Common,Mighty Gangster,Monkey Blake,Black,Blue
3230,ZEI-6-MM8477,Common,Mighty Gangster,Bear Riley,brown,Blue
3231,ZEI-6-MM4057,Common,Mighty Gangster,Rabbit Tracy,White,Blue
3232,ZEI-6-MM8841,Common,Mighty Gangster,Cat Rowan,White,Blue
3233,ZEI-6-MM6453,Common,Mighty Gangster,Cat Skyler,Black,Blue
3234,ZEI-6-MM6616,Common,Mighty Gangster,Monkey Parker,White,Blue
3235,ZEI-6-MM6272,Common,Mighty Gangster,Dog Hunter,Black,Blue
3236,ZEI-6-MM8097,Common,Mighty Gangster,Mouse Kerry,Black,Blue
3237,ZEI-6-MM3940,Common,Mighty Gangster,Bear Dana,White,Blue
3238,ZEI-6-MM8879,Common,Mighty Gangster,Rabbit Finley,Black,Blue
3239,ZEI-6-MM7009,Common,Mighty Gangster,Dog Addison,White,Blue
3240,ZEI-6-MM2378,Common,Mighty Gangster,Monkey Arden,brown,Blue
3241,ZEI-6-MM4977,Common,Mighty Gangster,Rabbit Peyton,Black,Blue
3242,ZEI-6-MM6729,Common,Mighty Gangster,Monkey Ripley,Black,Blue
3243,ZEI-6-MM1408,Common,Mighty Gangster,Dog Noel,White,Blue
3244,ZEI-6-MM9019,Common,Mighty Gangster,Owl Devin,White,Blue
3245,ZEI-6-MM6826,Common,Mighty Gangster,Dog Emerson,White,Blue
3246,ZEI-6-MM1334,Common,Mighty Gangster,Monkey Hayden,Black,Blue
3247,ZEI-6-MM6642,Common,Mighty Gangster,Rabbit Kyle,Black,Blue
3248,ZEI-6-MM1581,Common,Mighty Gangster,Dog Cameron,White,Blue
3249,ZEI-6-MM3729,Common,Mighty Gangster,Mouse Spencer,White,Blue
3250,ZEI-6-MM9462,Common,Mighty Gangster,Cat Blair,White,Blue
3251,ZEI-6-MM4432,Rare,Pirate,Dog Addison,Black,Blue
3252,ZEI-6-MM5257,Rare,Pirate,Bear Dana,White,Blue
3253,ZEI-6-MM1610,Rare,Pirate,Cat Jamie,White,Blue
3254,ZEI-6-MM3312,Rare,Pirate,Cat Marley,White,Blue
3255,ZEI-6-MM5125,Rare,Pirate,Dog Emerson,Black,Blue
3256,ZEI-6-MM8267,Rare,Pirate,Cat Dylan,Black,Blue
3257,ZEI-6-MM1557,Rare,Pirate,Cat Rowan,Black,Blue
3258,ZEI-6-MM8108,Rare,Pirate,Owl Devin Brown,Brown,Blue
3259,ZEI-6-MM4821,Rare,Pirate,Monkey Parker,Black,Blue
3260,ZEI-6-MM9782,Rare,Pirate,Rabbit Tracy,Black,Blue
3261,ZEI-6-MM6532,Rare,Pirate,Cat Skyler,White,Blue
3262,ZEI-6-MM7585,Rare,Pirate,Dog Cameron,Black,Blue
3263,ZEI-6-MM9675,Rare,Pirate,Owl Aubrey,White,Blue
3264,ZEI-6-MM6597,Rare,Pirate,Rabbit Finley,White,Blue
3265,ZEI-6-MM5573,Rare,Pirate,Cat Harper,Black,Blue
3266,ZEI-6-MM2554,Rare,Archaeologist,Dog Emerson,Black,Blue
3267,ZEI-6-MM5648,Rare,Archaeologist,Rabbit Logan,Black,Blue
3268,ZEI-6-MM9178,Rare,Archaeologist,Cat Marley,White,Blue
3269,ZEI-6-MM6048,Rare,Archaeologist,Monkey Frankie,Black,Blue
3270,ZEI-6-MM6967,Rare,Archaeologist,Monkey Arden,Black,Blue
3271,ZEI-6-MM3611,Rare,Archaeologist,Dog Pat,White,Blue
3272,ZEI-6-MM3466,Rare,Archaeologist,Rabbit Kyle,White,Blue
3273,ZEI-6-MM1444,Rare,Archaeologist,Owl Taylor,Black,Blue
3274,ZEI-6-MM7301,Rare,Archaeologist,Cat Blair,Black,Blue
3275,ZEI-6-MM7428,Rare,Archaeologist,Mouse Avery,Black,Blue
3276,ZEI-6-MM7904,Rare,Archaeologist,Dog Hunter,White,Blue
3277,ZEI-6-MM6024,Rare,Archaeologist,Cat Harper,Black,Blue
3278,ZEI-6-MM9943,Rare,Archaeologist,Mouse Mackenzie,Black,Blue
3279,ZEI-6-MM8812,Rare,Archaeologist,Cat Adrian,White,Blue
3280,ZEI-6-MM8144,Rare,Archaeologist,Dog Cameron,Black,Blue
3281,ZEI-6-MM5030,Rare,Master,Rabbit Tracy,White,Blue
3282,ZEI-6-MM1219,Rare,Master,Rabbit Logan,White,Blue
3283,ZEI-6-MM6593,Rare,Master,Mouse Spencer,White,Blue
3284,ZEI-6-MM4681,Rare,Master,Cat Marley,White,Blue
3285,ZEI-6-MM3660,Rare,Master,Owl Devin,White,Blue
3286,ZEI-6-MM9016,Rare,Master,Mouse Kerry,Black,Blue
3287,ZEI-6-MM3598,Rare,Master,Monkey Charlie,Brown,Blue
3288,ZEI-6-MM9468,Rare,Master,Owl Taylor Brown,Brown,Blue
3289,ZEI-6-MM7523,Rare,Master,Rabbit Kyle,Black,Blue
3290,ZEI-6-MM4475,Rare,Master,Bear Riley,Black,Blue
3291,ZEI-6-MM9129,Rare,Master,Dog Kai,Black,Blue
3292,ZEI-6-MM3432,Rare,Master,Monkey Arden,Brown,Blue
3293,ZEI-6-MM1643,Rare,Master,Dog Addison,Black,Blue
3294,ZEI-6-MM7471,Rare,Master,Cat Casey,White,Blue
3295,ZEI-6-MM3458,Rare,Master,Rabbit Jesse,White,Blue
3296,ZEI-6-MM7597,Rare,Martial Artist,Cat Jamie,White,Blue
3297,ZEI-6-MM3600,Rare,Martial Artist,Monkey Blake,Black,Blue
3298,ZEI-6-MM9084,Rare,Martial Artist,Cat Harper,Black,Blue
3299,ZEI-6-MM5451,Rare,Martial Artist,Monkey Charlie,Brown,Blue
3300,ZEI-6-MM3825,Rare,Martial Artist,Rabbit Jesse,White,Blue
3301,ZEI-6-MM9851,Rare,Martial Artist,Monkey Parker,White,Blue
3302,ZEI-6-MM7793,Rare,Martial Artist,Cat Casey,White,Blue
3303,ZEI-6-MM1249,Rare,Martial Artist,Rabbit Finley,Black,Blue
3304,ZEI-6-MM9773,Rare,Martial Artist,Cat Adrian,White,Blue
3305,ZEI-6-MM6884,Rare,Martial Artist,Cat Lane,Black,Blue
3306,ZEI-6-MM3496,Rare,Martial Artist,Monkey Ripley,Black,Blue
3307,ZEI-6-MM8211,Rare,Martial Artist,Rabbit Peyton,Black,Blue
3308,ZEI-6-MM6034,Rare,Martial Artist,Monkey Arden,Brown,Blue
3309,ZEI-6-MM9400,Rare,Martial Artist,Owl Taylor Brown,Brown,Blue
3310,ZEI-6-MM9480,Rare,Martial Artist,Cat Dylan,Black,Blue
3311,ZEI-6-MM7974,Rare,Martial Artist,Rabbit Kyle,Black,Blue
3312,ZEI-6-MM1899,Rare,Martial Artist,Cat Marley,White,Blue
3313,ZEI-6-MM9609,Rare,Martial Artist,Dog Morgan,Black,Blue
3314,ZEI-6-MM8546,Rare,Pilot,Monkey Blake,Brown,Blue
3315,ZEI-6-MM3341,Rare,Pilot,Rabbit Finley,White,Blue
3316,ZEI-6-MM6950,Rare,Pilot,Rabbit Jesse,Black,Blue
3317,ZEI-6-MM2402,Rare,Pilot,Owl Taylor,Black,Blue
3318,ZEI-6-MM5428,Rare,Pilot,Rabbit Peyton,White,Blue
3319,ZEI-6-MM5456,Rare,Pilot,Cat Ellis,White,Blue
3320,ZEI-6-MM2549,Rare,Pilot,Cat Harper,Black,Blue
3321,ZEI-6-MM4096,Rare,Pilot,Cat Skyler,White,Blue
3322,ZEI-6-MM8512,Rare,Pilot,Dog Noel,Black,Blue
3323,ZEI-6-MM2409,Rare,Pilot,Rabbit Ashton,Black,Blue
3324,ZEI-6-MM2624,Rare,Pilot,Dog Cameron,Black,Blue
3325,ZEI-6-MM5115,Rare,Pilot,Monkey Ripley,Brown,Blue
3326,ZEI-6-MM8996,Rare,Pilot,Cat Adrian,White,Blue
3327,ZEI-6-MM4025,Rare,Pilot,Cat Lane,Black,Blue
3328,ZEI-6-MM9823,Rare,Pilot,Dog Drew,White,Blue
3329,ZEI-6-MM2424,Rare,Pilot,Rabbit Tracy,Black,Blue
3330,ZEI-6-MM5464,Rare,Pilot,Cat Rowan,Black,Blue
3331,ZEI-6-MM1800,Rare,Pilot,Mouse Spencer,Black,Blue
3332,ZEI-6-MM3989,Rare,Pilot,Cat Marley,White,Blue
3333,ZEI-6-MM7600,Rare,Pilot,Cat Blair,Black,Blue
3334,ZEI-6-MM6114,Rare,Pilot,Dog Addison,Black,Blue
3335,ZEI-6-MM4539,Rare,Pilot,Mouse Mackenzie,Black,Blue
3336,ZEI-6-MM7436,Rare,Sailor,Monkey Frankie,White,Blue
3337,ZEI-6-MM5158,Rare,Sailor,Dog Emerson,Black,Blue
3338,ZEI-6-MM3057,Rare,Sailor,Owl Aubrey,Black,Blue
3339,ZEI-6-MM8923,Rare,Sailor,Monkey Dakota,Black,Blue
3340,ZEI-6-MM3831,Rare,Sailor,Rabbit Peyton,Black,Blue
3341,ZEI-6-MM8798,Rare,Sailor,Cat Marley,White,Blue
3342,ZEI-6-MM8720,Rare,Sailor,Dog Morgan,Black,Blue
3343,ZEI-6-MM1294,Rare,Sailor,Rabbit Kyle,Black,Blue
3344,ZEI-6-MM1065,Rare,Sailor,Cat Ellis,White,Blue
3345,ZEI-6-MM5505,Rare,Sailor,Cat Casey,White,Blue
3346,ZEI-6-MM8629,Rare,Sailor,Dog Noel,White,Blue
3347,ZEI-6-MM3447,Rare,Sailor,Owl Taylor Brown,Brown,Blue
3348,ZEI-6-MM9070,Rare,Sailor,Cat Harper,Black,Blue
3349,ZEI-6-MM7541,Rare,Sailor,Dog Pat,Black,Blue
3350,ZEI-6-MM6933,Rare,Singer,Cat Blair,Black,Blue
3351,ZEI-6-MM3543,Rare,Singer,Cat Dylan,Black,Blue
3352,ZEI-6-MM8835,Rare,Singer,Mouse Rory,Black,Blue
3353,ZEI-6-MM6559,Rare,Singer,Cat Adrian,White,Blue
3354,ZEI-6-MM3507,Rare,Singer,Dog Pat,Black,Blue
3355,ZEI-6-MM6705,Rare,Singer,Bear Riley,Black,Blue
3356,ZEI-6-MM9214,Rare,Singer,Monkey Blake,Black,Blue
3357,ZEI-6-MM6456,Rare,Singer,Owl Aubrey,Black,Blue
3358,ZEI-6-MM1796,Rare,Singer,Owl Taylor Brown,Brown,Blue
3359,ZEI-6-MM6495,Rare,Singer,Monkey Parker,White,Blue
3360,ZEI-6-MM7892,Rare,Singer,Dog Emerson,Black,Blue
3361,ZEI-6-MM7162,Rare,Singer,Dog Morgan,Black,Blue
3362,ZEI-6-MM7534,Rare,Singer,Monkey Frankie,White,Blue
3363,ZEI-6-MM5805,Rare,Singer,Cat Jamie,White,Blue
3364,ZEI-6-MM5647,Rare,Singer,Cat Lane,Black,Blue
3365,ZEI-6-MM1834,Common,Boxer,Mouse Mackenzie,Black,Blue
3366,ZEI-6-MM8286,Common,Boxer,Cat Dylan,Black,Blue
3367,ZEI-6-MM6606,Common,Boxer,Mouse Avery,Black,Blue
3368,ZEI-6-MM1427,Common,Boxer,Mouse Spencer,Black,Blue
3369,ZEI-6-MM6961,Common,Boxer,Rabbit Tracy,Black,Blue
3370,ZEI-6-MM4023,Common,Boxer,Dog Hunter,Black,Blue
3371,ZEI-6-MM2344,Common,Boxer,Owl Devin Brown,Brown,Blue
3372,ZEI-6-MM2399,Common,Boxer,Cat Harper,Black,Blue
3373,ZEI-6-MM2236,Common,Boxer,Monkey Frankie,Black,Blue
3374,ZEI-6-MM1542,Common,Boxer,Rabbit Logan,White,Blue
3375,ZEI-6-MM4097,Common,Boxer,Dog Drew,White,Blue
3376,ZEI-6-MM8938,Common,Boxer,Rabbit Jesse,White,Blue
3377,ZEI-6-MM7494,Common,Boxer,Dog Hunter,White,Blue
3378,ZEI-6-MM4430,Common,Boxer,Mouse Mackenzie,White,Blue
3379,ZEI-6-MM8489,Common,Boxer,Cat Adrian,White,Blue
3380,ZEI-6-MM2220,Common,Boxer,Owl Devin Brown,Brown,Blue
3381,ZEI-6-MM2518,Common,Boxer,Mouse Avery,White,Blue
3382,ZEI-6-MM2501,Common,Boxer,Monkey Charlie,Brown,Blue
3383,ZEI-6-MM7281,Common,Boxer,Monkey Frankie,White,Blue
3384,ZEI-6-MM9944,Common,Boxer,Cat Marley,White,Blue
3385,ZEI-6-MM4361,Common,Artist,Monkey Parker,White,Blue
3386,ZEI-6-MM7948,Common,Artist,Dog Pat,Black,Blue
3387,ZEI-6-MM3129,Common,Artist,Monkey Dakota,Black,Blue
3388,ZEI-6-MM3621,Common,Artist,Owl Aubrey,Black,Blue
3389,ZEI-6-MM7994,Common,Artist,Cat Skyler,White,Blue
3390,ZEI-6-MM4066,Common,Artist,Rabbit Kyle,Black,Blue
3391,ZEI-6-MM1292,Common,Artist,Cat Lane,Black,Blue
3392,ZEI-6-MM8434,Common,Artist,Dog Drew,White,Blue
3393,ZEI-6-MM5077,Common,Artist,Cat Dylan,Black,Blue
3394,ZEI-6-MM7272,Common,Artist,Dog Bailey,White,Blue
3395,ZEI-6-MM2446,Common,Artist,Rabbit Ashton,White,Blue
3396,ZEI-6-MM3585,Common,Artist,Owl Devin,White,Blue
3397,ZEI-6-MM7271,Common,Artist,Cat Jamie,White,Blue
3398,ZEI-6-MM4660,Common,Artist,Mouse Rory,Black,Blue
3399,ZEI-6-MM9280,Common,Artist,Mouse Kerry,Black,Blue
3400,ZEI-6-MM9889,Common,Artist,Rabbit Finley,Black,Blue
3401,ZEI-6-MM2444,Common,Artist,Rabbit Jesse,White,Blue
3402,ZEI-6-MM4049,Common,Artist,Monkey Blake,Black,Blue
3403,ZEI-6-MM9111,Common,Artist,Dog Addison,Black,Blue
3404,ZEI-6-MM9451,Common,Artist,Cat Harper,Black,Blue
3405,ZEI-6-MM1621,Common,Artist,Bear Riley,Black,Blue
3406,ZEI-6-MM3527,Common,Artist,Cat Ellis,White,Blue
3407,ZEI-6-MM5157,Common,Artist,Dog Noel,White,Blue
3408,ZEI-6-MM8921,Common,Artist,Rabbit Peyton,Black,Blue
3409,ZEI-6-MM1590,Common,Musician,Owl Aubrey,Black,Blue
3410,ZEI-6-MM9415,Common,Musician,Rabbit Finley,Black,Blue
3411,ZEI-6-MM2754,Common,Musician,Cat Blair,Black,Blue
3412,ZEI-6-MM5490,Common,Musician,Dog Drew,White,Blue
3413,ZEI-6-MM1791,Common,Musician,Dog Noel,White,Blue
3414,ZEI-6-MM1128,Common,Musician,Dog Hunter,White,Blue
3415,ZEI-6-MM2170,Common,Musician,Rabbit Jesse,White,Blue
3416,ZEI-6-MM6683,Common,Musician,Monkey Blake,Black,Blue
3417,ZEI-6-MM5907,Common,Musician,Dog Morgan,Black,Blue
3418,ZEI-6-MM8221,Common,Musician,Monkey Charlie,Brown,Blue
3419,ZEI-6-MM5784,Common,Musician,Owl Taylor Brown,Brown,Blue
3420,ZEI-6-MM6016,Common,Musician,Bear Dana,White,Blue
3421,ZEI-6-MM2473,Common,Musician,Dog Emerson,Black,Blue
3422,ZEI-6-MM7005,Common,Musician,Dog Cameron,Black,Blue
3423,ZEI-6-MM5708,Common,Musician,Mouse Avery,White,Blue
3424,ZEI-6-MM9119,Common,Musician,Mouse Kerry,Black,Blue
3425,ZEI-6-MM3205,Common,Musician,Rabbit Tracy,White,Blue
3426,ZEI-6-MM6333,Common,Musician,Mouse Mackenzie,White,Blue
3427,ZEI-6-MM6423,Common,Musician,Cat Adrian,White,Blue
3428,ZEI-6-MM2060,Common,Musician,Rabbit Kyle,Black,Blue
3429,ZEI-6-MM2542,Common,Musician,Bear Riley,Black,Blue
3430,ZEI-6-MM8926,Common,Musician,Cat Skyler,White,Blue
3431,ZEI-6-MM5630,Common,Musician,Dog Kai,Black,Blue
3432,ZEI-6-MM6720,Common,Musician,Monkey Parker,White,Blue
3433,ZEI-6-MM8342,Common,Musician,Mouse Spencer,White,Blue
3434,ZEI-6-MM1741,Common,Musician,Cat Lane,Black,Blue
3435,ZEI-6-MM2200,Common,Musician,Cat Harper,Black,Blue
3436,ZEI-6-MM2405,Common,Chef,Cat Harper,Black,Blue
3437,ZEI-6-MM1775,Common,Chef,Monkey Hayden,Black,Blue
3438,ZEI-6-MM7791,Common,Chef,Rabbit Ashton,White,Blue
3439,ZEI-6-MM4818,Common,Chef,Owl Taylor Brown,Brown,Blue
3440,ZEI-6-MM7867,Common,Chef,Cat Marley,White,Blue
3441,ZEI-6-MM7045,Common,Chef,Mouse Avery,White,Blue
3442,ZEI-6-MM4304,Common,Chef,Dog Hunter,White,Blue
3443,ZEI-6-MM4175,Common,Chef,Cat Rowan,Black,Blue
3444,ZEI-6-MM8081,Common,Chef,Bear Dana,White,Blue
3445,ZEI-6-MM6767,Common,Chef,Monkey Blake,Black,Blue
3446,ZEI-6-MM3384,Common,Chef,Monkey Ripley,Black,Blue
3447,ZEI-6-MM1001,Common,Chef,Cat Ellis,White,Blue
3448,ZEI-6-MM9279,Common,Chef,Monkey Dakota,Black,Blue
3449,ZEI-6-MM5773,Common,Chef,Mouse Rory,Black,Blue
3450,ZEI-6-MM9458,Common,Chef,Dog Pat,Black,Blue
3451,ZEI-6-MM6631,Common,Chef,Dog Morgan,White,Blue
3452,ZEI-6-MM7705,Common,Chef,Dog Addison,Black,Blue
3453,ZEI-6-MM8010,Common,Chef,Rabbit Jesse,White,Blue
3454,ZEI-6-MM5254,Common,Chef,Dog Cameron,Black,Blue
3455,ZEI-6-MM9064,Common,Server,Rabbit Jesse,White,Blue
3456,ZEI-6-MM7343,Common,Server,Rabbit Tracy,White,Blue
3457,ZEI-6-MM6103,Common,Server,Monkey Frankie,White,Blue
3458,ZEI-6-MM4783,Common,Server,Cat Jamie,White,Blue
3459,ZEI-6-MM8560,Common,Server,Dog Morgan,Black,Blue
3460,ZEI-6-MM3975,Common,Server,Mouse Mackenzie,White,Blue
3461,ZEI-6-MM4600,Common,Server,Bear Riley,Black,Blue
3462,ZEI-6-MM2262,Common,Server,Rabbit Kyle,Black,Blue
3463,ZEI-6-MM3405,Common,Server,Cat Lane,Black,Blue
3464,ZEI-6-MM9921,Common,Server,Monkey Dakota,Black,Blue
3465,ZEI-6-MM6121,Common,Server,Monkey Hayden,Black,Blue
3466,ZEI-6-MM1969,Common,Server,Mouse Kerry,Black,Blue
3467,ZEI-6-MM2216,Common,Server,Owl Taylor Brown,Brown,Blue
3468,ZEI-6-MM4382,Common,Server,Monkey Parker,White,Blue
3469,ZEI-6-MM3043,Common,Server,Dog Bailey,White,Blue
3470,ZEI-6-MM7966,Common,Server,Owl Aubrey,Black,Blue
3471,ZEI-6-MM1971,Common,Server,Cat Rowan,Black,Blue
3472,ZEI-6-MM2747,Common,Server,Cat Casey,White,Blue
3473,ZEI-6-MM8580,Common,Server,Dog Pat,Black,Blue
3474,ZEI-6-MM1929,Common,Server,Cat Skyler,White,Blue
3475,ZEI-6-MM3343,Common,Server,Cat Marley,White,Blue
3476,ZEI-6-MM6218,Common,Server,Dog Emerson,Black,Blue
3477,ZEI-6-MM6920,Common,Server,Monkey Blake,Black,Blue
3478,ZEI-6-MM6537,Common,Server,Mouse Rory,Black,Blue
3479,ZEI-6-MM4493,Common,Firefighter,Dog Emerson,Black,Blue
3480,ZEI-6-MM1556,Common,Firefighter,Dog Morgan,White,Blue
3481,ZEI-6-MM9939,Common,Firefighter,Monkey Hayden,Black,Blue
3482,ZEI-6-MM5459,Common,Firefighter,Cat Marley,White,Blue
3483,ZEI-6-MM5874,Common,Firefighter,Rabbit Kyle,Black,Blue
3484,ZEI-6-MM9922,Common,Firefighter,Cat Jamie,White,Blue
3485,ZEI-6-MM2459,Common,Firefighter,Cat Dylan,Black,Blue
3486,ZEI-6-MM7086,Common,Firefighter,Mouse Rory,Black,Blue
3487,ZEI-6-MM5894,Common,Firefighter,Dog Addison,Black,Blue
3488,ZEI-6-MM9325,Common,Firefighter,Dog Cameron,Black,Blue
3489,ZEI-6-MM4062,Common,Firefighter,Cat Adrian,White,Blue
3490,ZEI-6-MM9200,Common,Firefighter,Cat Ellis,White,Blue
3491,ZEI-6-MM2525,Common,Firefighter,Owl Devin,White,Blue
3492,ZEI-6-MM1731,Common,Firefighter,Dog Kai,Black,Blue
3493,ZEI-6-MM7287,Common,Firefighter,Mouse Spencer,White,Blue
3494,ZEI-6-MM6759,Common,Firefighter,Rabbit Ashton,White,Blue
3495,ZEI-6-MM6883,Common,Firefighter,Monkey Ripley,Black,Blue
3496,ZEI-6-MM4479,Common,Firefighter,Owl Taylor,Black,Blue
3497,ZEI-6-MM4243,Common,Firefighter,Dog Hunter,White,Blue
3498,ZEI-6-MM1979,Common,Firefighter,Rabbit Finley,Black,Blue
3499,ZEI-6-MM9980,Common,Firefighter,Bear Riley,Black,Blue
3500,ZEI-6-MM4675,Common,Firefighter,Monkey Charlie,Brown,Blue
3501,ZEI-6-MM2814,Common,Firefighter,Cat Harper,Black,Blue
3502,ZEI-6-MM9803,Common,Firefighter,Rabbit Tracy,White,Blue
3503,ZEI-6-MM1579,Common,Firefighter,Cat Skyler,White,Blue
3504,ZEI-6-MM1715,Common,Diver,Dog Drew,White,Blue
3505,ZEI-6-MM4109,Common,Diver,Dog Hunter,White,Blue
3506,ZEI-6-MM2372,Common,Diver,Owl Devin,White,Blue
3507,ZEI-6-MM1903,Common,Diver,Cat Harper,Black,Blue
3508,ZEI-6-MM6234,Common,Diver,Cat Jamie,White,Blue
3509,ZEI-6-MM5252,Common,Diver,Cat Lane,Black,Blue
3510,ZEI-6-MM8379,Common,Diver,Monkey Hayden,Black,Blue
3511,ZEI-6-MM1567,Common,Diver,Dog Bailey,White,Blue
3512,ZEI-6-MM9855,Common,Diver,Monkey Arden,Brown,Blue
3513,ZEI-6-MM6999,Common,Diver,Rabbit Ashton,White,Blue
3514,ZEI-6-MM2695,Common,Diver,Monkey Dakota,Black,Blue
3515,ZEI-6-MM5143,Common,Diver,Monkey Ripley,Black,Blue
3516,ZEI-6-MM2954,Common,Diver,Cat Dylan,Black,Blue
3517,ZEI-6-MM9395,Common,Diver,Monkey Frankie,White,Blue
3518,ZEI-6-MM4116,Common,Diver,Dog Pat,Black,Blue
3519,ZEI-6-MM5795,Common,Diver,Cat Skyler,White,Blue
3520,ZEI-6-MM7290,Common,Diver,Rabbit Peyton,Black,Blue
3521,ZEI-6-MM8006,Common,Diver,Cat Casey,White,Blue
3522,ZEI-6-MM4186,Common,Diver,Mouse Spencer,White,Blue
3523,ZEI-6-MM3651,Common,Diver,Rabbit Finley,Black,Blue
3524,ZEI-6-MM4953,Common,Diver,Mouse Rory,Black,Blue
3525,ZEI-6-MM3526,Common,Diver,Owl Taylor Brown,Brown,Blue
3526,ZEI-6-MM5359,Common,Diver,Rabbit Jesse,White,Blue
3527,ZEI-6-MM9370,Common,Diver,Dog Noel,White,Blue
3528,ZEI-6-MM9478,Common,Diver,Monkey Charlie,Brown,Blue
3529,ZEI-6-MM5885,Common,Diver,Cat Blair,Black,Blue
3530,ZEI-6-MM9971,Common,Diver,Cat Ellis,White,Blue
3531,ZEI-6-MM6221,Common,Plumber,Rabbit Finley,Black,Blue
3532,ZEI-6-MM5324,Common,Plumber,Rabbit Logan,White,Blue
3533,ZEI-6-MM9651,Common,Plumber,Cat Marley,White,Blue
3534,ZEI-6-MM4546,Common,Plumber,Dog Drew,White,Blue
3535,ZEI-6-MM2365,Common,Plumber,Monkey Charlie,Brown,Blue
3536,ZEI-6-MM1240,Common,Plumber,Cat Lane,Black,Blue
3537,ZEI-6-MM3844,Common,Plumber,Mouse Avery,White,Blue
3538,ZEI-6-MM9096,Common,Plumber,Mouse Mackenzie,White,Blue
3539,ZEI-6-MM7580,Common,Plumber,Owl Taylor,Black,Blue
3540,ZEI-6-MM3688,Common,Plumber,Dog Kai,Black,Blue
3541,ZEI-6-MM6175,Common,Plumber,Rabbit Jesse,White,Blue
3542,ZEI-6-MM8456,Common,Plumber,Cat Harper,Black,Blue
3543,ZEI-6-MM8275,Common,Plumber,Mouse Spencer,White,Blue
3544,ZEI-6-MM5166,Common,Plumber,Dog Emerson,Black,Blue
3545,ZEI-6-MM6010,Common,Plumber,Dog Cameron,Black,Blue
3546,ZEI-6-MM9608,Common,Plumber,Owl Devin,White,Blue
3547,ZEI-6-MM8036,Common,Plumber,Cat Rowan,Black,Blue
3548,ZEI-6-MM7474,Common,Plumber,Monkey Ripley,Black,Blue
3549,ZEI-6-MM3080,Common,Plumber,Owl Aubrey,Black,Blue
3550,ZEI-6-MM7028,Common,Plumber,Cat Skyler,White,Blue
3551,ZEI-6-MM1158,Common,Plumber,Cat Casey,White,Blue
3552,ZEI-6-MM5046,Common,Plumber,Cat Jamie,White,Blue
3553,ZEI-6-MM7788,Common,Plumber,Dog Morgan,White,Blue
3554,ZEI-6-MM7638,Common,Police Officer,Cat Blair,Black,Blue
3555,ZEI-6-MM9947,Common,Police Officer,Dog Kai,Black,Blue
3556,ZEI-6-MM6080,Common,Police Officer,Cat Skyler,White,Blue
3557,ZEI-6-MM2950,Common,Police Officer,Cat Dylan,Black,Blue
3558,ZEI-6-MM5585,Common,Police Officer,Rabbit Logan,White,Blue
3559,ZEI-6-MM5401,Common,Police Officer,Cat Casey,White,Blue
3560,ZEI-6-MM4882,Common,Police Officer,Cat Marley,White,Blue
3561,ZEI-6-MM3267,Common,Police Officer,Mouse Mackenzie,White,Blue
3562,ZEI-6-MM1071,Common,Police Officer,Cat Jamie,White,Blue
3563,ZEI-6-MM7941,Common,Police Officer,Monkey Parker,White,Blue
3564,ZEI-6-MM1140,Common,Police Officer,Rabbit Tracy,White,Blue
3565,ZEI-6-MM4006,Common,Police Officer,Cat Lane,Black,Blue
3566,ZEI-6-MM4716,Common,Police Officer,Cat Ellis,White,Blue
3567,ZEI-6-MM4231,Common,Police Officer,Monkey Frankie,White,Blue
3568,ZEI-6-MM5890,Common,Police Officer,Dog Cameron,Black,Blue
3569,ZEI-6-MM1301,Common,Police Officer,Dog Hunter,White,Blue
3570,ZEI-6-MM7488,Common,Police Officer,Cat Rowan,Black,Blue
3571,ZEI-6-MM5409,Common,Police Officer,Monkey Arden,Brown,Blue
3572,ZEI-6-MM3334,Common,Police Officer,Rabbit Kyle,Black,Blue
3573,ZEI-6-MM1714,Common,Police Officer,Mouse Kerry,Black,Blue
3574,ZEI-6-MM2298,Common,Police Officer,Owl Taylor,Black,Blue
3575,ZEI-6-MM7236,Common,Police Officer,Rabbit Ashton,White,Blue
3576,ZEI-6-MM6848,Common,Police Officer,Mouse Rory,Black,Blue
3577,ZEI-6-MM6277,Common,Mountaineer,Cat Marley,White,Blue
3578,ZEI-6-MM8322,Common,Mountaineer,Dog Kai,Black,Blue
3579,ZEI-6-MM4098,Common,Mountaineer,Mouse Spencer,White,Blue
3580,ZEI-6-MM4178,Common,Mountaineer,Mouse Rory,Black,Blue
3581,ZEI-6-MM6388,Common,Mountaineer,Cat Rowan,Black,Blue
3582,ZEI-6-MM9138,Common,Mountaineer,Dog Cameron,Black,Blue
3583,ZEI-6-MM8612,Common,Mountaineer,Monkey Blake,Black,Blue
3584,ZEI-6-MM3833,Common,Mountaineer,Owl Aubrey,Black,Blue
3585,ZEI-6-MM5875,Common,Mountaineer,Dog Pat,Black,Blue
3586,ZEI-6-MM9891,Common,Mountaineer,Rabbit Kyle,Black,Blue
3587,ZEI-6-MM7859,Common,Mountaineer,Dog Noel,White,Blue
3588,ZEI-6-MM7849,Common,Mountaineer,Dog Hunter,White,Blue
3589,ZEI-6-MM6795,Common,Mountaineer,Monkey Charlie,Brown,Blue
3590,ZEI-6-MM8262,Common,Mountaineer,Cat Jamie,White,Blue
3591,ZEI-6-MM3480,Common,Mountaineer,Monkey Hayden,Black,Blue
3592,ZEI-6-MM8591,Common,Mountaineer,Owl Devin,White,Blue
3593,ZEI-6-MM5688,Common,Mountaineer,Dog Emerson,Black,Blue
3594,ZEI-6-MM5799,Common,Mountaineer,Rabbit Jesse,White,Blue
3595,ZEI-6-MM3800,Common,Mountaineer,Monkey Ripley,Black,Blue
3596,ZEI-6-MM3222,Common,Mountaineer,Mouse Kerry,Black,Blue
3597,ZEI-6-MM9917,Common,Mountaineer,Cat Casey,White,Blue
3598,ZEI-6-MM1936,Common,Mountaineer,Rabbit Tracy,White,Blue
3599,ZEI-6-MM4746,Common,Mountaineer,Owl Taylor Brown,Brown,Blue
3600,ZEI-6-MM5072,Common,Mountaineer,Dog Addison,Black,Blue
3601,ZEI-6-MM5303,Common,BasketballPlayer ,Dog Drew,White,Blue
3602,ZEI-6-MM8039,Common,BasketballPlayer ,Cat Marley,White,Blue
3603,ZEI-6-MM8241,Common,BasketballPlayer ,Monkey Arden,Brown,Blue
3604,ZEI-6-MM5338,Common,BasketballPlayer ,Bear Dana,White,Blue
3605,ZEI-6-MM7062,Common,BasketballPlayer ,Dog Pat,Black,Blue
3606,ZEI-6-MM9776,Common,BasketballPlayer ,Dog Morgan,Black,Blue
3607,ZEI-6-MM7213,Common,BasketballPlayer ,Monkey Ripley,Black,Blue
3608,ZEI-6-MM2273,Common,BasketballPlayer ,Dog Addison,Black,Blue
3609,ZEI-6-MM1515,Common,BasketballPlayer ,Mouse Avery,White,Blue
3610,ZEI-6-MM9372,Common,BasketballPlayer ,Bear Riley,Black,Blue
3611,ZEI-6-MM8963,Common,BasketballPlayer ,Cat Jamie,White,Blue
3612,ZEI-6-MM9259,Common,BasketballPlayer ,Dog Hunter,White,Blue
3613,ZEI-6-MM7440,Common,BasketballPlayer ,Cat Rowan,Black,Blue
3614,ZEI-6-MM1100,Common,BasketballPlayer ,Monkey Blake,Black,Blue
3615,ZEI-6-MM5424,Common,BasketballPlayer ,Rabbit Tracy,White,Blue
3616,ZEI-6-MM1016,Common,BasketballPlayer ,Rabbit Ashton,White,Blue
3617,ZEI-6-MM9001,Common,BasketballPlayer ,Dog Noel,White,Blue
3618,ZEI-6-MM2838,Common,BasketballPlayer ,Monkey Hayden,Black,Blue
3619,ZEI-6-MM1160,Common,BasketballPlayer ,Dog Cameron,Black,Blue
3620,ZEI-6-MM5008,Common,BasketballPlayer ,Mouse Mackenzie,White,Blue
3621,ZEI-6-MM5084,Common,BasketballPlayer ,Cat Harper,Black,Blue
3622,ZEI-6-MM7231,Common,BasketballPlayer ,Rabbit Kyle,Black,Blue
3623,ZEI-6-MM3815,Common,BasketballPlayer ,Rabbit Finley,Black,Blue
3624,ZEI-6-MM6068,Common,BasketballPlayer ,Cat Blair,Black,Blue
3625,ZEI-6-MM9359,Common,BasketballPlayer ,Cat Casey,White,Blue
3626,ZEI-6-MM2106,Common,BasketballPlayer ,Dog Bailey,White,Blue
3627,ZEI-6-MM9427,Common,BasketballPlayer ,Mouse Spencer,White,Blue
3628,ZEI-6-MM1552,Common,BasketballPlayer ,Bear Dana,White,Blue
3629,ZEI-6-MM9464,Common,BasketballPlayer ,Mouse Kerry,Black,Blue
3630,ZEI-6-MM2275,Common,BasketballPlayer ,Dog Cameron,Black,Blue
3631,ZEI-6-MM8506,Common,BasketballPlayer ,Dog Addison,Black,Blue
3632,ZEI-6-MM7362,Common,BasketballPlayer ,Cat Jamie,White,Blue
3633,ZEI-6-MM9582,Common,BasketballPlayer ,Monkey Arden,Brown,Blue
3634,ZEI-6-MM1539,Common,BasketballPlayer ,Dog Morgan,White,Blue
3635,ZEI-6-MM7031,Common,BasketballPlayer ,Monkey Charlie,Brown,Blue
3636,ZEI-6-MM1650,Common,BasketballPlayer ,Monkey Blake,Black,Blue
3637,ZEI-6-MM5603,Common,BasketballPlayer ,Cat Dylan,Black,Blue
3638,ZEI-6-MM6572,Common,BasketballPlayer ,Dog Drew,White,Blue
3639,ZEI-6-MM4621,Common,BasketballPlayer ,Cat Adrian,White,Blue
3640,ZEI-6-MM3873,Common,BasketballPlayer ,Rabbit Logan,White,Blue
3641,ZEI-6-MM2948,Common,BasketballPlayer ,Rabbit Tracy,White,Blue
3642,ZEI-6-MM8508,Common,BasketballPlayer ,Cat Marley,White,Blue
3643,ZEI-6-MM6624,Common,BasketballPlayer ,Rabbit Finley,Black,Blue
3644,ZEI-6-MM2792,Common,BasketballPlayer ,Cat Harper,Black,Blue
3645,ZEI-6-MM1171,Common,BasketballPlayer ,Cat Blair,Black,Blue
3646,ZEI-6-MM1901,Common,BasketballPlayer ,Dog Hunter,White,Blue
3647,ZEI-6-MM5813,Common,BasketballPlayer ,Rabbit Ashton,White,Blue
3648,ZEI-6-MM9638,Common,BasketballPlayer ,Rabbit Peyton,Black,Blue
3649,ZEI-6-MM6404,Common,Soccer Player,Bear Dana,White,Blue
3650,ZEI-6-MM7596,Common,Soccer Player,Owl Aubrey,Black,Blue
3651,ZEI-6-MM1670,Common,Soccer Player,Dog Bailey,White,Blue
3652,ZEI-6-MM2132,Common,Soccer Player,Mouse Kerry,Black,Blue
3653,ZEI-6-MM9292,Common,Soccer Player,Mouse Avery,White,Blue
3654,ZEI-6-MM3327,Common,Soccer Player,Cat Rowan,Black,Blue
3655,ZEI-6-MM8976,Common,Soccer Player,Monkey Blake,Black,Blue
3656,ZEI-6-MM3648,Common,Soccer Player,Dog Noel,White,Blue
3657,ZEI-6-MM8777,Common,Soccer Player,Rabbit Tracy,White,Blue
3658,ZEI-6-MM8383,Common,Soccer Player,Cat Ellis,White,Blue
3659,ZEI-6-MM3007,Common,Soccer Player,Cat Lane,Black,Blue
3660,ZEI-6-MM5488,Common,Soccer Player,Cat Casey,White,Blue
3661,ZEI-6-MM7718,Common,Soccer Player,Dog Hunter,White,Blue
3662,ZEI-6-MM3139,Common,Soccer Player,Dog Emerson,Black,Blue
3663,ZEI-6-MM6085,Common,Soccer Player,Owl Taylor Brown,Brown,Blue
3664,ZEI-6-MM4160,Common,Soccer Player,Rabbit Ashton,White,Blue
3665,ZEI-6-MM3821,Common,Soccer Player,Rabbit Logan,White,Blue
3666,ZEI-6-MM6037,Common,Soccer Player,Dog Morgan,Black,Blue
3667,ZEI-6-MM9741,Common,Soccer Player,Rabbit Jesse,White,Blue
3668,ZEI-6-MM4292,Common,Soccer Player,Rabbit Finley,Black,Blue
3669,ZEI-6-MM6545,Common,Soccer Player,Monkey Ripley,Black,Blue
3670,ZEI-6-MM8167,Common,Soccer Player,Cat Harper,Black,Blue
3671,ZEI-6-MM7251,Common,Soccer Player,Monkey Dakota,Black,Blue
3672,ZEI-6-MM9165,Common,Soccer Player,Mouse Mackenzie,White,Blue
3673,ZEI-6-MM2128,Common,Soccer Player,Dog Cameron,Black,Blue
3674,ZEI-6-MM9895,Common,Soccer Player,Owl Devin,White,Blue
3675,ZEI-6-MM8174,Common,Soccer Player,Mouse Spencer,White,Blue
3676,ZEI-6-MM2926,Common,Soccer Player,Cat Marley,White,Blue
3677,ZEI-6-MM7720,Common,Soccer Player,Cat Casey,White,Blue
3678,ZEI-6-MM6612,Common,Soccer Player,Owl Taylor Brown,Brown,Blue
3679,ZEI-6-MM4317,Common,Soccer Player,Mouse Avery,White,Blue
3680,ZEI-6-MM1753,Common,Soccer Player,Mouse Spencer,White,Blue
3681,ZEI-6-MM6603,Common,Soccer Player,Cat Rowan,Black,Blue
3682,ZEI-6-MM8366,Common,Soccer Player,Dog Hunter,White,Blue
3683,ZEI-6-MM5123,Common,Soccer Player,Dog Addison,Black,Blue
3684,ZEI-6-MM2263,Common,Soccer Player,Bear Dana,White,Blue
3685,ZEI-6-MM5287,Common,Soccer Player,Cat Dylan,Black,Blue
3686,ZEI-6-MM4347,Common,Soccer Player,Dog Bailey,White,Blue
3687,ZEI-6-MM9920,Common,Soccer Player,Cat Lane,Black,Blue
3688,ZEI-6-MM6454,Common,Soccer Player,Dog Drew,White,Blue
3689,ZEI-6-MM7238,Common,Soccer Player,Monkey Ripley,Black,Blue
3690,ZEI-6-MM3156,Common,Soccer Player,Dog Kai,Black,Blue
3691,ZEI-6-MM4649,Common,Soccer Player,Monkey Dakota,Black,Blue
3692,ZEI-6-MM1102,Common,Soccer Player,Dog Emerson,Black,Blue
3693,ZEI-6-MM9222,Common,Soccer Player,Dog Morgan,White,Blue
3694,ZEI-6-MM8910,Common,Soccer Player,Mouse Rory,Black,Blue
3695,ZEI-6-MM8942,Common,Soccer Player,Rabbit Kyle,Black,Blue
3696,ZEI-6-MM7463,Common,Soccer Player,Bear Riley,Black,Blue
3697,ZEI-6-MM5222,Common,Soccer Player,Monkey Parker,White,Blue
3698,ZEI-6-MM9235,Common,Soccer Player,Rabbit Ashton,White,Blue
3699,ZEI-6-MM9540,Common,Tennis Player,Monkey Hayden,Black,Blue
3700,ZEI-6-MM8103,Common,Tennis Player,Dog Cameron,Black,Blue
3701,ZEI-6-MM7041,Common,Tennis Player,Owl Taylor Brown,Brown,Blue
3702,ZEI-6-MM3188,Common,Tennis Player,Rabbit Logan,White,Blue
3703,ZEI-6-MM7650,Common,Tennis Player,Owl Aubrey,Black,Blue
3704,ZEI-6-MM9391,Common,Tennis Player,Monkey Frankie,White,Blue
3705,ZEI-6-MM1236,Common,Tennis Player,Monkey Charlie,Brown,Blue
3706,ZEI-6-MM9317,Common,Tennis Player,Cat Skyler,White,Blue
3707,ZEI-6-MM6330,Common,Tennis Player,Dog Morgan,Black,Blue
3708,ZEI-6-MM3939,Common,Tennis Player,Dog Hunter,White,Blue
3709,ZEI-6-MM9734,Common,Tennis Player,Mouse Rory,Black,Blue
3710,ZEI-6-MM8415,Common,Tennis Player,Bear Dana,White,Blue
3711,ZEI-6-MM3429,Common,Tennis Player,Monkey Dakota,Black,Blue
3712,ZEI-6-MM3827,Common,Tennis Player,Mouse Spencer,White,Blue
3713,ZEI-6-MM7450,Common,Tennis Player,Bear Riley,Black,Blue
3714,ZEI-6-MM6591,Common,Tennis Player,Cat Marley,White,Blue
3715,ZEI-6-MM6396,Common,Tennis Player,Cat Ellis,White,Blue
3716,ZEI-6-MM2259,Common,Tennis Player,Dog Pat,Black,Blue
3717,ZEI-6-MM1932,Common,Tennis Player,Cat Jamie,White,Blue
3718,ZEI-6-MM8163,Common,Tennis Player,Cat Dylan,Black,Blue
3719,ZEI-6-MM8967,Common,Tennis Player,Rabbit Kyle,Black,Blue
3720,ZEI-6-MM9729,Common,Tennis Player,Monkey Blake,Black,Blue
3721,ZEI-6-MM9680,Common,Tennis Player,Dog Emerson,Black,Blue
3722,ZEI-6-MM3293,Common,Tennis Player,Monkey Parker,White,Blue
3723,ZEI-6-MM1107,Common,Tennis Player,Dog Noel,White,Blue
3724,ZEI-6-MM3732,Common,Tennis Player,Rabbit Peyton,Black,Blue
3725,ZEI-6-MM1288,Common,Tennis Player,Rabbit Tracy,White,Blue
3726,ZEI-6-MM7619,Common,Tennis Player,Rabbit Jesse,White,Blue
3727,ZEI-6-MM7738,Common,Tennis Player,Mouse Kerry,Black,Blue
3728,ZEI-6-MM1631,Common,Tennis Player,Cat Casey,White,Blue
3729,ZEI-6-MM2663,Common,Tennis Player,Cat Marley,White,Blue
3730,ZEI-6-MM6381,Common,Tennis Player,Monkey Frankie,White,Blue
3731,ZEI-6-MM4312,Common,Tennis Player,Rabbit Ashton,White,Blue
3732,ZEI-6-MM8423,Common,Tennis Player,Dog Noel,White,Blue
3733,ZEI-6-MM8476,Common,Tennis Player,Cat Rowan,Black,Blue
3734,ZEI-6-MM6361,Common,Tennis Player,Rabbit Logan,White,Blue
3735,ZEI-6-MM4087,Common,Tennis Player,Monkey Hayden,Black,Blue
3736,ZEI-6-MM3536,Common,Tennis Player,Cat Adrian,White,Blue
3737,ZEI-6-MM8796,Common,Tennis Player,Mouse Avery,White,Blue
3738,ZEI-6-MM9201,Common,Tennis Player,Rabbit Jesse,White,Blue
3739,ZEI-6-MM3166,Common,Tennis Player,Cat Ellis,White,Blue
3740,ZEI-6-MM9071,Common,Tennis Player,Monkey Charlie,Brown,Blue
3741,ZEI-6-MM5861,Common,Tennis Player,Dog Pat,Black,Blue
3742,ZEI-6-MM4286,Common,Tennis Player,Mouse Kerry,Black,Blue
3743,ZEI-6-MM2847,Common,Tennis Player,Rabbit Peyton,Black,Blue
3744,ZEI-6-MM5946,Common,Tennis Player,Bear Riley,Black,Blue
3745,ZEI-6-MM8484,Common,Tennis Player,Monkey Parker,White,Blue
3746,ZEI-6-MM3154,Common,Tennis Player,Owl Devin,White,Blue
3747,ZEI-6-MM7680,Common,Gangster,Dog Addison,Black,Blue
3748,ZEI-6-MM4349,Common,Gangster,Mouse Kerry,Black,Blue
3749,ZEI-6-MM2329,Common,Gangster,Cat Rowan,Black,Blue
3750,ZEI-6-MM9616,Common,Gangster,Cat Adrian,White,Blue
3751,ZEI-6-MM8791,Common,Gangster,Cat Jamie,White,Blue
3752,ZEI-6-MM5199,Common,Gangster,Dog Drew,White,Blue
3753,ZEI-6-MM5226,Common,Gangster,Dog Noel,White,Blue
3754,ZEI-6-MM6602,Common,Gangster,Owl Devin,White,Blue
3755,ZEI-6-MM1229,Common,Gangster,Monkey Arden,Brown,Blue
3756,ZEI-6-MM6497,Common,Gangster,Rabbit Kyle,Black,Blue
3757,ZEI-6-MM2656,Common,Gangster,Cat Marley,White,Blue
3758,ZEI-6-MM9189,Common,Gangster,Bear Riley,Black,Blue
3759,ZEI-6-MM8760,Common,Gangster,Dog Morgan,Black,Blue
3760,ZEI-6-MM7856,Common,Gangster,Rabbit Finley,Black,Blue
3761,ZEI-6-MM5452,Common,Gangster,Bear Dana,White,Blue
3762,ZEI-6-MM1691,Common,Gangster,Dog Pat,Black,Blue
3763,ZEI-6-MM2999,Common,Gangster,Monkey Hayden,Black,Blue
3764,ZEI-6-MM7004,Common,Gangster,Dog Hunter,White,Blue
3765,ZEI-6-MM8034,Common,Gangster,Mouse Mackenzie,White,Blue
3766,ZEI-6-MM6609,Common,Gangster,Cat Skyler,White,Blue
3767,ZEI-6-MM4701,Common,Gangster,Mouse Avery,White,Blue
3768,ZEI-6-MM6505,Common,Gangster,Cat Harper,Black,Blue
3769,ZEI-6-MM7390,Common,Gangster,Rabbit Ashton,White,Blue
3770,ZEI-6-MM1981,Common,Thief,Rabbit Ashton,White,Blue
3771,ZEI-6-MM1657,Common,Thief,Bear Riley,Black,Blue
3772,ZEI-6-MM5641,Common,Thief,Dog Noel,White,Blue
3773,ZEI-6-MM9523,Common,Thief,Cat Harper,Black,Blue
3774,ZEI-6-MM1235,Common,Thief,Rabbit Kyle,Black,Blue
3775,ZEI-6-MM6888,Common,Thief,Cat Adrian,White,Blue
3776,ZEI-6-MM2711,Common,Thief,Rabbit Tracy,White,Blue
3777,ZEI-6-MM4806,Common,Thief,Cat Ellis,White,Blue
3778,ZEI-6-MM1283,Common,Thief,Dog Bailey,White,Blue
3779,ZEI-6-MM4759,Common,Thief,Monkey Frankie,White,Blue
3780,ZEI-6-MM2584,Common,Thief,Dog Emerson,Black,Blue
3781,ZEI-6-MM5584,Common,Thief,Dog Addison,Black,Blue
3782,ZEI-6-MM8015,Common,Thief,Cat Lane,Black,Blue
3783,ZEI-6-MM5734,Common,Thief,Owl Taylor Brown,Brown,Blue
3784,ZEI-6-MM5391,Common,Thief,Owl Aubrey,Black,Blue
3785,ZEI-6-MM7998,Common,Thief,Mouse Spencer,White,Blue
3786,ZEI-6-MM4488,Common,Thief,Mouse Avery,White,Blue
3787,ZEI-6-MM3749,Common,Thief,Monkey Blake,Black,Blue
3788,ZEI-6-MM2638,Common,Thief,Dog Pat,Black,Blue
3789,ZEI-6-MM5828,Common,Thief,Cat Blair,Black,Blue
3790,ZEI-6-MM4020,Common,Thief,Monkey Arden,Brown,Blue
3791,ZEI-6-MM5364,Common,Thief,Bear Dana,White,Blue
3792,ZEI-6-MM5969,Common,Thief,Cat Rowan,Black,Blue
3793,ZEI-6-MM7262,Common,Thief,Mouse Kerry,Black,Blue
3794,ZEI-6-MM2976,Common,Thief,Monkey Ripley,Black,Blue
3795,ZEI-6-MM3927,Common,Citizen,Rabbit Finley,Black,Blue
3796,ZEI-6-MM3305,Common,Citizen,Owl Devin,White,Blue
3797,ZEI-6-MM7602,Common,Citizen,Dog Addison,Black,Blue
3798,ZEI-6-MM6483,Common,Citizen,Owl Aubrey,Black,Blue
3799,ZEI-6-MM1386,Common,Citizen,Dog Hunter,White,Blue
3800,ZEI-6-MM1246,Common,Citizen,Monkey Ripley,Black,Blue
3801,ZEI-6-MM8052,Common,Citizen,Mouse Mackenzie,White,Blue
3802,ZEI-6-MM7161,Common,Citizen,Dog Morgan,Black,Blue
3803,ZEI-6-MM1023,Common,Citizen,Rabbit Tracy,White,Blue
3804,ZEI-6-MM3290,Common,Citizen,Cat Adrian,White,Blue
3805,ZEI-6-MM7241,Common,Citizen,Mouse Avery,White,Blue
3806,ZEI-6-MM2534,Common,Citizen,Monkey Charlie,Brown,Blue
3807,ZEI-6-MM9219,Common,Citizen,Rabbit Logan,White,Blue
3808,ZEI-6-MM7178,Common,Citizen,Cat Skyler,White,Blue
3809,ZEI-6-MM9746,Common,Citizen,Dog Cameron,Black,Blue
3810,ZEI-6-MM5896,Common,Citizen,Monkey Frankie,White,Blue
3811,ZEI-6-MM8527,Common,Citizen,Cat Jamie,White,Blue
3812,ZEI-6-MM5021,Common,Citizen,Rabbit Peyton,Black,Blue
3813,ZEI-6-MM6489,Common,Citizen,Monkey Parker,White,Blue
3814,ZEI-6-MM7373,Common,Citizen,Dog Pat,Black,Blue
3815,ZEI-6-MM8043,Common,Citizen,Monkey Arden,Brown,Blue
3816,ZEI-6-MM1840,Common,Citizen,Monkey Hayden,Black,Blue
3817,ZEI-6-MM4113,Common,Citizen,Dog Drew,White,Blue
3818,ZEI-6-MM5572,Common,Citizen,Dog Noel,White,Blue
3819,ZEI-6-MM5553,Common,Citizen,Bear Riley,Black,Blue
3820,ZEI-6-MM9363,Common,Citizen,Owl Devin,White,Blue
3821,ZEI-6-MM3112,Common,Citizen,Mouse Rory,Black,Blue
3822,ZEI-6-MM7273,Common,Citizen,Cat Jamie,White,Blue
3823,ZEI-6-MM4568,Common,Citizen,Mouse Mackenzie,White,Blue
3824,ZEI-6-MM8067,Common,Citizen,Monkey Parker,White,Blue
3825,ZEI-6-MM3069,Common,Citizen,Monkey Dakota,Black,Blue
3826,ZEI-6-MM1154,Common,Citizen,Mouse Spencer,White,Blue
3827,ZEI-6-MM2922,Common,Citizen,Monkey Arden,Brown,Blue
3828,ZEI-6-MM8638,Common,Citizen,Cat Ellis,White,Blue
3829,ZEI-6-MM4846,Common,Citizen,Mouse Kerry,Black,Blue
3830,ZEI-6-MM4501,Common,Citizen,Cat Dylan,Black,Blue
3831,ZEI-6-MM2736,Common,Citizen,Cat Marley,White,Blue
3832,ZEI-6-MM8238,Common,Citizen,Rabbit Peyton,Black,Blue
3833,ZEI-6-MM2586,Common,Citizen,Bear Riley,Black,Blue
3834,ZEI-6-MM2637,Common,Citizen,Monkey Frankie,White,Blue
3835,ZEI-6-MM6269,Common,Citizen,Dog Addison,Black,Blue
3836,ZEI-6-MM1198,Common,Citizen,Cat Skyler,White,Blue
3837,ZEI-6-MM4299,Common,Citizen,Monkey Hayden,Black,Blue
3838,ZEI-6-MM2985,Common,Citizen,Dog Hunter,White,Blue
3839,ZEI-6-MM5778,Common,Citizen,Dog Morgan,White,Blue
3840,ZEI-6-MM2355,Common,Citizen,Dog Kai,Black,Blue
3841,ZEI-6-MM6180,Common,Citizen,Dog Pat,Black,Blue
3842,ZEI-6-MM4417,Common,Citizen,Dog Bailey,White,Blue
3843,ZEI-6-MM4461,Common,Citizen,Dog Noel,White,Blue
3844,ZEI-6-MM7015,Common,Citizen,Mouse Avery,White,Blue
3845,ZEI-6-MM5091,Common,Citizen,Owl Taylor Brown,Brown,Blue
3846,ZEI-6-MM8828,Common,Citizen,Monkey Ripley,Black,Blue
3847,ZEI-6-MM9641,Common,Citizen,Dog Drew,White,Blue
3848,ZEI-6-MM5278,Common,Citizen,Cat Lane,Black,Blue
3849,ZEI-6-MM2238,Common,Citizen,Cat Harper,Black,Blue
3850,ZEI-6-MM6357,Common,Citizen,Rabbit Logan,White,Blue
3851,ZEI-6-MM2803,Common,Riot Police,Owl Devin,White,Blue
3852,ZEI-6-MM6748,Common,Riot Police,Mouse Spencer,White,Blue
3853,ZEI-6-MM6335,Common,Riot Police,Owl Taylor,Black,Blue
3854,ZEI-6-MM7635,Common,Riot Police,Rabbit Finley,Black,Blue
3855,ZEI-6-MM2749,Common,Riot Police,Monkey Hayden,Black,Blue
3856,ZEI-6-MM8053,Common,Riot Police,Cat Lane,Black,Blue
3857,ZEI-6-MM7223,Common,Riot Police,Monkey Frankie,White,Blue
3858,ZEI-6-MM4366,Common,Riot Police,Dog Pat,Black,Blue
3859,ZEI-6-MM4617,Common,Riot Police,Dog Drew,White,Blue
3860,ZEI-6-MM5432,Common,Riot Police,Rabbit Peyton,Black,Blue
3861,ZEI-6-MM9901,Common,Riot Police,Owl Aubrey,Black,Blue
3862,ZEI-6-MM2915,Common,Riot Police,Cat Dylan,Black,Blue
3863,ZEI-6-MM1653,Common,Riot Police,Rabbit Tracy,White,Blue
3864,ZEI-6-MM1092,Common,Riot Police,Monkey Arden,Brown,Blue
3865,ZEI-6-MM6898,Common,Riot Police,Rabbit Ashton,White,Blue
3866,ZEI-6-MM8985,Common,Riot Police,Cat Casey,White,Blue
3867,ZEI-6-MM8837,Common,Riot Police,Cat Skyler,White,Blue
3868,ZEI-6-MM2802,Common,Riot Police,Dog Noel,White,Blue
3869,ZEI-6-MM8412,Common,Riot Police,Cat Adrian,White,Blue
3870,ZEI-6-MM1872,Common,Riot Police,Cat Harper,Black,Blue
3871,ZEI-6-MM3314,Common,Riot Police,Dog Morgan,White,Blue
3872,ZEI-6-MM2175,Common,Riot Police,Mouse Avery,White,Blue
3873,ZEI-6-MM4010,Common,Riot Police,Bear Dana,White,Blue
3874,ZEI-6-MM3845,Common,Riot Police,Rabbit Kyle,Black,Blue
3875,ZEI-6-MM2411,Common,Riot Police,Monkey Dakota,Black,Blue
3876,ZEI-6-MM6907,Common,Riot Police,Dog Cameron,Black,Blue
3877,ZEI-6-MM6598,Common,Riot Police,Monkey Charlie,Brown,Blue
3878,ZEI-6-MM2709,Common,Student,Mouse Spencer,White,Blue
3879,ZEI-6-MM4249,Common,Student,Cat Skyler,White,Blue
3880,ZEI-6-MM9832,Common,Student,Rabbit Kyle,Black,Blue
3881,ZEI-6-MM1672,Common,Student,Mouse Mackenzie,White,Blue
3882,ZEI-6-MM2366,Common,Student,Cat Lane,Black,Blue
3883,ZEI-6-MM8738,Common,Student,Dog Pat,Black,Blue
3884,ZEI-6-MM7969,Common,Student,Cat Casey,White,Blue
3885,ZEI-6-MM2783,Common,Student,Dog Addison,Black,Blue
3886,ZEI-6-MM3582,Common,Student,Bear Dana,White,Blue
3887,ZEI-6-MM3677,Common,Student,Rabbit Peyton,Black,Blue
3888,ZEI-6-MM8914,Common,Student,Dog Kai,Black,Blue
3889,ZEI-6-MM2177,Common,Student,Cat Rowan,Black,Blue
3890,ZEI-6-MM9564,Common,Student,Monkey Parker,White,Blue
3891,ZEI-6-MM4206,Common,Student,Monkey Dakota,Black,Blue
3892,ZEI-6-MM8222,Common,Student,Dog Drew,White,Blue
3893,ZEI-6-MM5634,Common,Student,Monkey Frankie,White,Blue
3894,ZEI-6-MM9483,Common,Student,Dog Bailey,White,Blue
3895,ZEI-6-MM2470,Common,Student,Dog Cameron,Black,Blue
3896,ZEI-6-MM7880,Common,Student,Cat Blair,Black,Blue
3897,ZEI-6-MM2659,Common,Student,Cat Jamie,White,Blue
3898,ZEI-6-MM7670,Common,Student,Owl Taylor Brown,Brown,Blue
3899,ZEI-6-MM3058,Common,Student,Monkey Hayden,Black,Blue
3900,ZEI-6-MM8429,Common,Student,Rabbit Tracy,White,Blue
3901,ZEI-6-MM3398,Common,Student,Mouse Rory,Black,Blue
3902,ZEI-6-MM8021,Common,Student,Bear Riley,Black,Blue
3903,ZEI-6-MM9387,Common,Student,Cat Dylan,Black,Blue
3904,ZEI-6-MM5137,Common,Student,Dog Hunter,White,Blue
3905,ZEI-6-MM5878,Common,Student,Cat Marley,White,Blue
3906,ZEI-6-MM7001,Common,Student,Rabbit Ashton,White,Blue
3907,ZEI-6-MM5197,Common,Student,Rabbit Ashton,White,Blue
3908,ZEI-6-MM3049,Common,Student,Bear Riley,Black,Blue
3909,ZEI-6-MM8764,Common,Student,Rabbit Tracy,White,Blue
3910,ZEI-6-MM1346,Common,Student,Cat Dylan,Black,Blue
3911,ZEI-6-MM7561,Common,Student,Owl Devin,White,Blue
3912,ZEI-6-MM9121,Common,Student,Dog Kai,Black,Blue
3913,ZEI-6-MM6370,Common,Student,Mouse Mackenzie,White,Blue
3914,ZEI-6-MM6666,Common,Student,Rabbit Jesse,White,Blue
3915,ZEI-6-MM3340,Common,Student,Cat Lane,Black,Blue
3916,ZEI-6-MM6817,Common,Student,Cat Rowan,Black,Blue
3917,ZEI-6-MM1627,Common,Student,Dog Bailey,White,Blue
3918,ZEI-6-MM6703,Common,Student,Dog Pat,Black,Blue
3919,ZEI-6-MM3424,Common,Student,Owl Taylor Brown,Brown,Blue
3920,ZEI-6-MM7578,Common,Student,Dog Hunter,White,Blue
3921,ZEI-6-MM2589,Common,Student,Owl Aubrey,Black,Blue
3922,ZEI-6-MM7382,Common,Student,Dog Addison,Black,Blue
3923,ZEI-6-MM3483,Common,Student,Monkey Ripley,Black,Blue
3924,ZEI-6-MM6869,Common,Student,Monkey Frankie,White,Blue
3925,ZEI-6-MM1087,Common,Student,Mouse Spencer,White,Blue
3926,ZEI-6-MM9837,Common,Student,Cat Ellis,White,Blue
3927,ZEI-6-MM4636,Common,Student,Cat Blair,Black,Blue
3928,ZEI-6-MM4026,Common,Citizen,Cat Harper,Black,Blue
3929,ZEI-6-MM1519,Common,Citizen,Rabbit Peyton,Black,Blue
3930,ZEI-6-MM5552,Common,Citizen,Cat Adrian,White,Blue
3931,ZEI-6-MM4088,Common,Citizen,Mouse Kerry,Black,Blue
3932,ZEI-6-MM7104,Common,Citizen,Cat Skyler,White,Blue
3933,ZEI-6-MM2493,Common,Citizen,Owl Devin,White,Blue
3934,ZEI-6-MM3850,Common,Citizen,Mouse Spencer,White,Blue
3935,ZEI-6-MM3298,Common,Citizen,Cat Dylan,Black,Blue
3936,ZEI-6-MM1371,Common,Citizen,Cat Ellis,White,Blue
3937,ZEI-6-MM2669,Common,Citizen,Cat Lane,Black,Blue
3938,ZEI-6-MM1399,Common,Citizen,Dog Noel,White,Blue
3939,ZEI-6-MM1904,Common,Citizen,Monkey Hayden,Black,Blue
3940,ZEI-6-MM8827,Common,Citizen,Monkey Blake,Black,Blue
3941,ZEI-6-MM3781,Common,Citizen,Dog Emerson,Black,Blue
3942,ZEI-6-MM6873,Common,Citizen,Owl Aubrey,Black,Blue
3943,ZEI-6-MM7618,Common,Citizen,Monkey Frankie,White,Blue
3944,ZEI-6-MM9306,Common,Citizen,Dog Bailey,White,Blue
3945,ZEI-6-MM7095,Common,Citizen,Rabbit Jesse,White,Blue
3946,ZEI-6-MM6885,Common,Citizen,Rabbit Finley,Black,Blue
3947,ZEI-6-MM5342,Common,Citizen,Rabbit Kyle,Black,Blue
3948,ZEI-6-MM4000,Common,Citizen,Monkey Charlie,Brown,Blue
3949,ZEI-6-MM2528,Common,Citizen,Cat Blair,Black,Blue
3950,ZEI-6-MM7699,Common,Citizen,Monkey Arden,Brown,Blue
3951,ZEI-6-MM2680,Common,Citizen,Dog Drew,White,Blue
3952,ZEI-6-MM2253,Common,Citizen,Monkey Dakota,Black,Blue
3953,ZEI-6-MM4978,Common,Citizen,Rabbit Kyle,Black,Blue
3954,ZEI-6-MM6384,Common,Citizen,Cat Marley,White,Blue
3955,ZEI-6-MM4678,Common,Citizen,Cat Casey,White,Blue
3956,ZEI-6-MM7801,Common,Citizen,Monkey Ripley,Black,Blue
3957,ZEI-6-MM5637,Common,Citizen,Cat Blair,Black,Blue
3958,ZEI-6-MM9213,Common,Citizen,Bear Dana,White,Blue
3959,ZEI-6-MM8406,Common,Citizen,Monkey Blake,Black,Blue
3960,ZEI-6-MM7979,Common,Citizen,Monkey Dakota,Black,Blue
3961,ZEI-6-MM6490,Common,Citizen,Monkey Hayden,Black,Blue
3962,ZEI-6-MM6450,Common,Citizen,Rabbit Ashton,White,Blue
3963,ZEI-6-MM1790,Common,Citizen,Monkey Parker,White,Blue
3964,ZEI-6-MM4601,Common,Citizen,Monkey Frankie,White,Blue
3965,ZEI-6-MM7215,Common,Citizen,Cat Jamie,White,Blue
3966,ZEI-6-MM7813,Common,Citizen,Dog Addison,Black,Blue
3967,ZEI-6-MM2180,Common,Citizen,Rabbit Peyton,Black,Blue
3968,ZEI-6-MM4225,Common,Citizen,Mouse Mackenzie,White,Blue
3969,ZEI-6-MM1622,Common,Citizen,Bear Riley,Black,Blue
3970,ZEI-6-MM2341,Common,Citizen,Mouse Rory,Black,Blue
3971,ZEI-6-MM7418,Common,Citizen,Cat Lane,Black,Blue
3972,ZEI-6-MM5418,Common,Citizen,Cat Skyler,White,Blue
3973,ZEI-6-MM6727,Common,Citizen,Cat Adrian,White,Blue
3974,ZEI-6-MM1340,Common,Citizen,Dog Bailey,White,Blue
3975,ZEI-6-MM6136,Common,Citizen,Mouse Spencer,White,Blue
3976,ZEI-6-MM7931,Common,Citizen,Owl Aubrey,Black,Blue
3977,ZEI-6-MM4752,Common,Citizen,Dog Emerson,Black,Blue
3978,ZEI-6-MM4986,Common,Citizen,Rabbit Tracy,White,Blue
3979,ZEI-6-MM6043,Common,Citizen,Mouse Avery,White,Blue
3980,ZEI-6-MM6147,Common,Ganster,Cat Harper,Black,Blue
3981,ZEI-6-MM2998,Common,Ganster,Monkey Dakota,Black,Blue
3982,ZEI-6-MM1864,Common,Ganster,Cat Jamie,White,Blue
3983,ZEI-6-MM6669,Common,Ganster,Monkey Frankie,White,Blue
3984,ZEI-6-MM8565,Common,Ganster,Dog Morgan,White,Blue
3985,ZEI-6-MM1449,Common,Ganster,Owl Taylor Brown,Brown,Blue
3986,ZEI-6-MM4833,Common,Ganster,Cat Blair,Black,Blue
3987,ZEI-6-MM9321,Common,Ganster,Rabbit Kyle,Black,Blue
3988,ZEI-6-MM8206,Common,Ganster,Rabbit Finley,Black,Blue
3989,ZEI-6-MM1428,Common,Ganster,Dog Kai,Black,Blue
3990,ZEI-6-MM7991,Common,Ganster,Owl Aubrey,Black,Blue
3991,ZEI-6-MM8815,Common,Ganster,Dog Addison,Black,Blue
3992,ZEI-6-MM2755,Common,Ganster,Dog Drew,White,Blue
3993,ZEI-6-MM9818,Common,Ganster,Mouse Mackenzie,White,Blue
3994,ZEI-6-MM7891,Common,Ganster,Mouse Kerry,Black,Blue
3995,ZEI-6-MM3608,Common,Ganster,Cat Marley,White,Blue
3996,ZEI-6-MM9033,Common,Ganster,Dog Emerson,Black,Blue
3997,ZEI-6-MM7547,Common,Ganster,Dog Hunter,White,Blue
3998,ZEI-6-MM6353,Common,Ganster,Mouse Avery,White,Blue
3999,ZEI-6-MM4245,Common,Ganster,Dog Pat,Black,Blue
4000,ZEI-6-MM7313,Common,Ganster,Mouse Spencer,White,Blue
4001,ZEI-6-MM6411,Legendary,Sage,Rabbit Jesse,White,Public
4002,ZEI-6-MM3050,Legendary,Sage,Dog Drew,White,Public
4003,ZEI-6-MM4686,Legendary,Sage,Dog Kai,Black,Public
4004,ZEI-6-MM6211,Legendary,Sage,Rabbit Logan,White,Public
4005,ZEI-6-MM5339,Legendary,Sage,Monkey Ripley,Black,Public
4006,ZEI-6-MM2188,Legendary,Sage,Monkey Parker,White,Public
4007,ZEI-6-MM9403,Legendary,Sage,Monkey Arden,Black,Public
4008,ZEI-6-MM8194,Legendary,Sage,Owl Devin,White,Public
4009,ZEI-6-MM9062,Legendary,Sage,Cat Marley,White,Public
4010,ZEI-6-MM5027,Legendary,Sage,Dog Emerson,Black,Public
4011,ZEI-6-MM5958,Legendary,Sage,Dog Bailey,Black,Public
4012,ZEI-6-MM5345,Legendary,Sage,Rabbit Jesse,Black,Public
4013,ZEI-6-MM8030,Epic,Warrior,Monkey Charlie,Brown,Public
4014,ZEI-6-MM2726,Epic,Warrior,Mouse Mackenzie,White,Public
4015,ZEI-6-MM6077,Epic,Warrior,Dog Drew,Black,Public
4016,ZEI-6-MM8889,Epic,Warrior,Dog Bailey,Black,Public
4017,ZEI-6-MM3045,Epic,Warrior,Cat Skyler,Black,Public
4018,ZEI-6-MM1415,Epic,Warrior,Dog Kai,White,Public
4019,ZEI-6-MM3583,Epic,Warrior,Cat Jamie,Black,Public
4020,ZEI-6-MM4753,Epic,Warrior,Rabbit Jesse,White,Public
4021,ZEI-6-MM3485,Epic,Warrior,Cat Casey,Black,Public
4022,ZEI-6-MM9504,Epic,Warrior,Rabbit Kyle,Black,Public
4023,ZEI-6-MM6997,Epic,Future Warrior,Dog Emerson,White,Public
4024,ZEI-6-MM8100,Epic,Future Warrior,Monkey Dakota,Black,Public
4025,ZEI-6-MM2639,Epic,Future Warrior,Mouse Kerry,Black,Public
4026,ZEI-6-MM9881,Epic,Future Warrior,Monkey Parker,White,Public
4027,ZEI-6-MM3402,Epic,Future Warrior,Dog Bailey,Black,Public
4028,ZEI-6-MM6733,Epic,Future Warrior,Cat Skyler,Black,Public
4029,ZEI-6-MM9289,Epic,Future Warrior,Monkey Arden,Brown,Public
4030,ZEI-6-MM2654,Epic,Future Warrior,Dog Kai,White,Public
4031,ZEI-6-MM8257,Epic,Future Warrior,Cat Rowan,White,Public
4032,ZEI-6-MM2860,Epic,Future Warrior,Rabbit Finley,Black,Public
4033,ZEI-6-MM4119,Epic,Future Warrior,Dog Cameron,White,Public
4034,ZEI-6-MM5460,Epic,Mighty Warrior,Dog Addison,Black,Public
4035,ZEI-6-MM7675,Epic,Mighty Warrior,Dog Morgan,White,Public
4036,ZEI-6-MM6583,Epic,Mighty Warrior,Dog Bailey,White,Public
4037,ZEI-6-MM5022,Epic,Mighty Warrior,Monkey Frankie,Black,Public
4038,ZEI-6-MM3355,Epic,Mighty Warrior,Monkey Hayden,brown,Public
4039,ZEI-6-MM5260,Epic,Ronin,Dog Drew,White,Public
4040,ZEI-6-MM7485,Epic,Ronin,Mouse Kerry,White,Public
4041,ZEI-6-MM8197,Epic,Ronin,Cat Dylan,Black,Public
4042,ZEI-6-MM6600,Epic,Ronin,Cat Rowan,Black,Public
4043,ZEI-6-MM9303,Epic,Ronin,Monkey Arden,Black,Public
4044,ZEI-6-MM4682,Epic,Ronin,Bear Riley,Black,Public
4045,ZEI-6-MM2918,Epic,Swordsman,Cat Jamie,White,Public
4046,ZEI-6-MM3969,Epic,Swordsman,Monkey Blake,Brown,Public
4047,ZEI-6-MM9877,Epic,Swordsman,Cat Blair,Black,Public
4048,ZEI-6-MM8425,Epic,Swordsman,Rabbit Peyton,White,Public
4049,ZEI-6-MM3928,Epic,Swordsman,Monkey Frankie,Black,Public
4050,ZEI-6-MM6177,Epic,Swordsman,Monkey Ripley,Brown,Public
4051,ZEI-6-MM6684,Epic,Swordsman,Dog Pat,White,Public
4052,ZEI-6-MM7639,Epic,Swordsman,Rabbit Tracy,Black,Public
4053,ZEI-6-MM3196,Epic,Swordsman,Owl Devin Brown,Brown,Public
4054,ZEI-6-MM4250,Epic,Ninja,Cat Skyler,White,Public
4055,ZEI-6-MM8790,Epic,Ninja,Monkey Charlie,Black,Public
4056,ZEI-6-MM5589,Epic,Ninja,Dog Noel,Black,Public
4057,ZEI-6-MM1445,Epic,Ninja,Rabbit Kyle,White,Public
4058,ZEI-6-MM6150,Epic,Ninja,Monkey Parker,Black,Public
4059,ZEI-6-MM6571,Epic,Ninja,Monkey Dakota,White,Public
4060,ZEI-6-MM1848,Epic,Ninja,Rabbit Tracy,Black,Public
4061,ZEI-6-MM6462,Epic,Phantom,Cat Jamie,White,Public
4062,ZEI-6-MM6039,Epic,Phantom,Monkey Ripley,Brown,Public
4063,ZEI-6-MM3957,Epic,Phantom,Cat Adrian,White,Public
4064,ZEI-6-MM4101,Epic,Phantom,Mouse Mackenzie,Black,Public
4065,ZEI-6-MM7802,Epic,Phantom,Rabbit Peyton,White,Public
4066,ZEI-6-MM1048,Epic,Phantom,Monkey Charlie,Black,Public
4067,ZEI-6-MM5786,Epic,Phantom,Monkey Parker,Black,Public
4068,ZEI-6-MM2211,Epic,Phantom,Cat Rowan,Black,Public
4069,ZEI-6-MM3798,Epic,Phantom,Rabbit Tracy,Black,Public
4070,ZEI-6-MM9529,Epic,Phantom,Owl Aubrey,White,Public
4071,ZEI-6-MM8524,Epic,Phantom,Cat Lane,Black,Public
4072,ZEI-6-MM3250,Epic,Phantom,Rabbit Logan,Black,Public
4073,ZEI-6-MM4695,Epic,Phantom,Dog Kai,Black,Public
4074,ZEI-6-MM6519,Epic,Mage,Mouse Avery,Black,Public
4075,ZEI-6-MM3137,Epic,Mage,Cat Ellis,White,Public
4076,ZEI-6-MM8277,Epic,Mage,Bear Dana,White,Public
4077,ZEI-6-MM7641,Epic,Mage,Dog Pat,White,Public
4078,ZEI-6-MM3445,Epic,Mage,Cat Casey,White,Public
4079,ZEI-6-MM2771,Epic,Mage,Dog Drew,White,Public
4080,ZEI-6-MM8966,Epic,Mage,Dog Addison,Black,Public
4081,ZEI-6-MM8727,Epic,Mage,Rabbit Ashton,Black,Public
4082,ZEI-6-MM5193,Epic,Mage,Monkey Arden,Black,Public
4083,ZEI-6-MM7501,Epic,Prophet,Rabbit Ashton,Black,Public
4084,ZEI-6-MM7388,Epic,Prophet,Cat Adrian,White,Public
4085,ZEI-6-MM7808,Epic,Prophet,Mouse Avery,Black,Public
4086,ZEI-6-MM3559,Epic,Prophet,Dog Noel,Black,Public
4087,ZEI-6-MM1759,Epic,Prophet,Cat Rowan,Black,Public
4088,ZEI-6-MM8765,Epic,Prophet,Dog Bailey,White,Public
4089,ZEI-6-MM2750,Epic,Astrologist,Dog Drew,White,Public
4090,ZEI-6-MM1489,Epic,Astrologist,Rabbit Ashton,Black,Public
4091,ZEI-6-MM9365,Epic,Astrologist,Dog Emerson,Black,Public
4092,ZEI-6-MM4302,Epic,Astrologist,Rabbit Jesse,Black,Public
4093,ZEI-6-MM5594,Epic,Astrologist,Monkey Ripley,Brown,Public
4094,ZEI-6-MM6861,Epic,Astrologist,Mouse Kerry,White,Public
4095,ZEI-6-MM7203,Epic,Astrologist,Owl Aubrey,White,Public
4096,ZEI-6-MM6368,Epic,Astrologist,Cat Rowan,Black,Public
4097,ZEI-6-MM1540,Rare,Captain,Mouse Mackenzie,Black,Public
4098,ZEI-6-MM7269,Rare,Captain,Owl Aubrey,White,Public
4099,ZEI-6-MM8856,Rare,Captain,Rabbit Peyton,White,Public
4100,ZEI-6-MM8502,Rare,Captain,Monkey Parker,Black,Public
4101,ZEI-6-MM7023,Rare,Captain,Mouse Avery,Black,Public
4102,ZEI-6-MM7992,Rare,Captain,Cat Ellis,White,Public
4103,ZEI-6-MM3565,Rare,Captain,Monkey Hayden,Brown,Public
4104,ZEI-6-MM9507,Rare,Captain,Cat Marley,White,Public
4105,ZEI-6-MM4963,Rare,Captain,Dog Emerson,Black,Public
4106,ZEI-6-MM3094,Rare,Captain,Dog Noel,Black,Public
4107,ZEI-6-MM6476,Rare,Captain,Dog Hunter,White,Public
4108,ZEI-6-MM1167,Rare,Captain,Cat Rowan,Black,Public
4109,ZEI-6-MM6956,Rare,Captain,Rabbit Ashton,Black,Public
4110,ZEI-6-MM5684,Rare,Captain,Cat Lane,Black,Public
4111,ZEI-6-MM4924,Rare,Pirate,Rabbit Jesse,White,Public
4112,ZEI-6-MM4364,Rare,Pirate,Cat Lane,White,Public
4113,ZEI-6-MM1382,Rare,Pirate,Dog Hunter,Black,Public
4114,ZEI-6-MM7920,Rare,Pirate,Mouse Mackenzie,White,Public
4115,ZEI-6-MM8085,Rare,Pirate,Dog Drew,Black,Public
4116,ZEI-6-MM8218,Rare,Pirate,Cat Rowan,White,Public
4117,ZEI-6-MM3538,Rare,Pirate,Monkey Charlie,Brown,Public
4118,ZEI-6-MM9737,Rare,Pirate,Mouse Spencer,White,Public
4119,ZEI-6-MM1031,Rare,Pirate,Monkey Arden,Brown,Public
4120,ZEI-6-MM6447,Rare,Pirate,Mouse Kerry,Black,Public
4121,ZEI-6-MM4519,Rare,Pirate,Dog Addison,White,Public
4122,ZEI-6-MM1098,Rare,Pirate,Cat Marley,Black,Public
4123,ZEI-6-MM7186,Rare,Mighty Pirate,Dog Drew,White,Public
4124,ZEI-6-MM6708,Rare,Mighty Pirate,Bear Riley,Black,Public
4125,ZEI-6-MM4021,Rare,Mighty Pirate,Rabbit Peyton,White,Public
4126,ZEI-6-MM4483,Rare,Mighty Pirate,Monkey Dakota,White,Public
4127,ZEI-6-MM3530,Rare,Mighty Pirate,Monkey Arden,Black,Public
4128,ZEI-6-MM6110,Rare,Mighty Pirate,Dog Kai,Black,Public
4129,ZEI-6-MM2722,Rare,Mighty Pirate,Dog Emerson,Black,Public
4130,ZEI-6-MM5168,Rare,Mighty Pirate,Mouse Kerry,White,Public
4131,ZEI-6-MM9606,Rare,Mighty Pirate,Bear Dana,Black,Public
4132,ZEI-6-MM8770,Rare,Mighty Pirate,Cat Blair,Black,Public
4133,ZEI-6-MM2691,Rare,Mighty Pirate,Dog Bailey,White,Public
4134,ZEI-6-MM8467,Rare,Mighty Pirate,Cat Marley,White,Public
4135,ZEI-6-MM5769,Rare,Mighty Pirate,Monkey Hayden,brown,Public
4136,ZEI-6-MM7526,Rare,Mighty Pirate,Cat Skyler,White,Public
4137,ZEI-6-MM4288,Rare,Mighty Pirate,Cat Rowan,Black,Public
4138,ZEI-6-MM5011,Rare,Mighty Pirate,Rabbit Logan,Black,Public
4139,ZEI-6-MM7354,Rare,Mighty Pirate,Bear Kelly,White,Public
4140,ZEI-6-MM2890,Rare,Mighty Pirate,Cat Harper,Black,Public
4141,ZEI-6-MM7094,Rare,Archaeologist,Mouse Rory,Black,Public
4142,ZEI-6-MM5446,Rare,Archaeologist,Cat Ellis,Black,Public
4143,ZEI-6-MM5900,Rare,Archaeologist,Mouse Kerry,Black,Public
4144,ZEI-6-MM4798,Rare,Archaeologist,Dog Pat,Black,Public
4145,ZEI-6-MM3087,Rare,Archaeologist,Dog Morgan,Black,Public
4146,ZEI-6-MM2462,Rare,Archaeologist,Rabbit Finley,Black,Public
4147,ZEI-6-MM1615,Rare,Archaeologist,Monkey Dakota,Black,Public
4148,ZEI-6-MM4373,Rare,Archaeologist,Rabbit Logan,White,Public
4149,ZEI-6-MM2759,Rare,Archaeologist,Owl Taylor Brown,Brown,Public
4150,ZEI-6-MM5663,Rare,Archaeologist,Dog Bailey,Black,Public
4151,ZEI-6-MM1703,Rare,Archaeologist,Cat Harper,White,Public
4152,ZEI-6-MM8595,Rare,Archaeologist,Monkey Blake,Black,Public
4153,ZEI-6-MM2875,Rare,Archaeologist,Rabbit Kyle,Black,Public
4154,ZEI-6-MM9909,Rare,Archaeologist,Cat Rowan,White,Public
4155,ZEI-6-MM6566,Rare,Archaeologist,Cat Adrian,Black,Public
4156,ZEI-6-MM8051,Rare,Archaeologist,Dog Hunter,Black,Public
4157,ZEI-6-MM3144,Rare,Detective,Rabbit Finley,Black,Public
4158,ZEI-6-MM2017,Rare,Detective,Monkey Parker,White,Public
4159,ZEI-6-MM1432,Rare,Detective,Dog Bailey,Black,Public
4160,ZEI-6-MM2997,Rare,Detective,Mouse Mackenzie,White,Public
4161,ZEI-6-MM6251,Rare,Detective,Dog Hunter,Black,Public
4162,ZEI-6-MM7715,Rare,Detective,Rabbit Peyton,Black,Public
4163,ZEI-6-MM1172,Rare,Detective,Dog Morgan,Black,Public
4164,ZEI-6-MM1477,Rare,Detective,Dog Cameron,White,Public
4165,ZEI-6-MM2870,Rare,Detective,Monkey Ripley,Black,Public
4166,ZEI-6-MM2386,Rare,Detective,Cat Lane,White,Public
4167,ZEI-6-MM5936,Rare,Detective,Cat Blair,White,Public
4168,ZEI-6-MM4234,Rare,Detective,Monkey Dakota,Black,Public
4169,ZEI-6-MM1269,Rare,Detective,Rabbit Tracy,White,Public
4170,ZEI-6-MM2780,Rare,Detective,Rabbit Logan,White,Public
4171,ZEI-6-MM6196,Rare,Detective,Owl Devin,White,Public
4172,ZEI-6-MM4700,Rare,Detective,Dog Emerson,White,Public
4173,ZEI-6-MM7581,Rare,Detective,Rabbit Ashton,White,Public
4174,ZEI-6-MM3721,Rare,Detective,Cat Jamie,Black,Public
4175,ZEI-6-MM8392,Rare,Hacker,Cat Harper,White,Public
4176,ZEI-6-MM3091,Rare,Hacker,Cat Lane,White,Public
4177,ZEI-6-MM9811,Rare,Hacker,Owl Devin,White,Public
4178,ZEI-6-MM2816,Rare,Hacker,Bear Riley,brown,Public
4179,ZEI-6-MM2703,Rare,Hacker,Dog Drew,Black,Public
4180,ZEI-6-MM3365,Rare,Hacker,Dog Morgan,Black,Public
4181,ZEI-6-MM9548,Rare,Hacker,Bear Dana,Black,Public
4182,ZEI-6-MM4851,Rare,Hacker,Cat Adrian,Black,Public
4183,ZEI-6-MM5081,Rare,Hacker,Mouse Mackenzie,White,Public
4184,ZEI-6-MM5727,Rare,Hacker,Dog Addison,White,Public
4185,ZEI-6-MM1084,Rare,Hacker,Rabbit Jesse,White,Public
4186,ZEI-6-MM4647,Rare,Master,Monkey Hayden,Brown,Public
4187,ZEI-6-MM4517,Rare,Master,Monkey Parker,Black,Public
4188,ZEI-6-MM3629,Rare,Master,Monkey Blake,Brown,Public
4189,ZEI-6-MM3784,Rare,Master,Owl Devin Brown,Brown,Public
4190,ZEI-6-MM5337,Rare,Master,Cat Adrian,Black,Public
4191,ZEI-6-MM7522,Rare,Master,Cat Harper,White,Public
4192,ZEI-6-MM9952,Rare,Master,Mouse Rory,White,Public
4193,ZEI-6-MM5816,Rare,Master,Rabbit Tracy,Black,Public
4194,ZEI-6-MM6492,Rare,Master,Mouse Avery,Black,Public
4195,ZEI-6-MM6079,Rare,Martial Artist,Rabbit Tracy,Black,Public
4196,ZEI-6-MM5360,Rare,Martial Artist,Dog Emerson,White,Public
4197,ZEI-6-MM6178,Rare,Martial Artist,Cat Casey,Black,Public
4198,ZEI-6-MM3235,Rare,Martial Artist,Cat Rowan,White,Public
4199,ZEI-6-MM4384,Rare,Martial Artist,Monkey Parker,Black,Public
4200,ZEI-6-MM3147,Rare,Martial Artist,Bear Dana,Black,Public
4201,ZEI-6-MM9923,Rare,Martial Artist,Rabbit Logan,Black,Public
4202,ZEI-6-MM6772,Rare,Martial Artist,Rabbit Jesse,Black,Public
4203,ZEI-6-MM7706,Rare,Martial Artist,Monkey Hayden,Brown,Public
4204,ZEI-6-MM6296,Rare,Martial Artist,Mouse Mackenzie,Black,Public
4205,ZEI-6-MM5052,Rare,Martial Artist,Mouse Kerry,White,Public
4206,ZEI-6-MM9426,Rare,Martial Artist,Monkey Blake,Brown,Public
4207,ZEI-6-MM8751,Rare,Martial Artist,Rabbit Peyton,White,Public
4208,ZEI-6-MM8041,Rare,Martial Artist,Dog Drew,Black,Public
4209,ZEI-6-MM8670,Rare,Martial Artist,Mouse Avery,Black,Public
4210,ZEI-6-MM2465,Rare,Martial Artist,Dog Cameron,White,Public
4211,ZEI-6-MM6710,Rare,Martial Artist,Dog Hunter,Black,Public
4212,ZEI-6-MM2983,Rare,Mighty Master,Rabbit Logan,Black,Public
4213,ZEI-6-MM6369,Rare,Mighty Master,Rabbit Ashton,Black,Public
4214,ZEI-6-MM9635,Rare,Mighty Master,Dog Pat,White,Public
4215,ZEI-6-MM1254,Rare,Mighty Master,Dog Kai,Black,Public
4216,ZEI-6-MM9786,Rare,Mighty Master,Monkey Dakota,White,Public
4217,ZEI-6-MM5307,Rare,Mighty Master,Rabbit Peyton,White,Public
4218,ZEI-6-MM6208,Rare,Mighty Master,Dog Drew,White,Public
4219,ZEI-6-MM3772,Rare,Mighty Master,Monkey Ripley,Brown,Public
4220,ZEI-6-MM9560,Rare,Mighty Master,Mouse Mackenzie,Black,Public
4221,ZEI-6-MM6540,Rare,Mighty Master,Monkey Frankie,Black,Public
4222,ZEI-6-MM5263,Rare,Mighty Master,Dog Addison,Black,Public
4223,ZEI-6-MM8042,Rare,Mighty Master,Owl Aubrey,White,Public
4224,ZEI-6-MM7536,Rare,Mighty Master,Bear Riley,Black,Public
4225,ZEI-6-MM3674,Rare,Mighty Master,Dog Cameron,Black,Public
4226,ZEI-6-MM9285,Rare,Pilot,Cat Skyler,Black,Public
4227,ZEI-6-MM2284,Rare,Pilot,Rabbit Peyton,Black,Public
4228,ZEI-6-MM1812,Rare,Pilot,Monkey Parker,White,Public
4229,ZEI-6-MM6471,Rare,Pilot,Dog Addison,White,Public
4230,ZEI-6-MM4766,Rare,Pilot,Cat Adrian,Black,Public
4231,ZEI-6-MM7278,Rare,Pilot,Rabbit Ashton,White,Public
4232,ZEI-6-MM2988,Rare,Pilot,Cat Harper,White,Public
4233,ZEI-6-MM6509,Rare,Pilot,Monkey Frankie,White,Public
4234,ZEI-6-MM3606,Rare,Pilot,Bear Dana,Black,Public
4235,ZEI-6-MM6484,Rare,Pilot,Owl Aubrey,Black,Public
4236,ZEI-6-MM1566,Rare,Pilot,Mouse Mackenzie,White,Public
4237,ZEI-6-MM1531,Rare,Pilot,Cat Ellis,Black,Public
4238,ZEI-6-MM1508,Rare,Pilot,Rabbit Jesse,White,Public
4239,ZEI-6-MM8107,Rare,Pilot,Mouse Kerry,Black,Public
4240,ZEI-6-MM3478,Rare,Pilot,Cat Lane,White,Public
4241,ZEI-6-MM4091,Rare,Pilot,Dog Kai,White,Public
4242,ZEI-6-MM2051,Rare,Pilot,Cat Marley,Black,Public
4243,ZEI-6-MM9087,Rare,Sailor,Monkey Blake,Brown,Public
4244,ZEI-6-MM1637,Rare,Sailor,Monkey Arden,Black,Public
4245,ZEI-6-MM5943,Rare,Sailor,Rabbit Peyton,White,Public
4246,ZEI-6-MM5575,Rare,Sailor,Monkey Charlie,Black,Public
4247,ZEI-6-MM7483,Rare,Sailor,Owl Devin Brown,Brown,Public
4248,ZEI-6-MM5375,Rare,Sailor,Rabbit Logan,Black,Public
4249,ZEI-6-MM5754,Rare,Sailor,Dog Hunter,Black,Public
4250,ZEI-6-MM8008,Rare,Sailor,Cat Dylan,White,Public
4251,ZEI-6-MM1196,Rare,Sailor,Rabbit Tracy,Black,Public
4252,ZEI-6-MM4666,Rare,Sailor,Dog Kai,White,Public
4253,ZEI-6-MM1370,Rare,Priest,Monkey Charlie,Brown,Public
4254,ZEI-6-MM8096,Rare,Priest,Dog Kai,White,Public
4255,ZEI-6-MM7131,Rare,Priest,Cat Skyler,Black,Public
4256,ZEI-6-MM3333,Rare,Priest,Monkey Arden,Brown,Public
4257,ZEI-6-MM2338,Rare,Priest,Monkey Blake,Black,Public
4258,ZEI-6-MM7913,Rare,Priest,Mouse Rory,Black,Public
4259,ZEI-6-MM9055,Rare,Priest,Rabbit Finley,Black,Public
4260,ZEI-6-MM1032,Rare,Priest,Monkey Frankie,White,Public
4261,ZEI-6-MM6830,Rare,Priest,Bear Dana,Black,Public
4262,ZEI-6-MM2183,Rare,Priest,Dog Morgan,Black,Public
4263,ZEI-6-MM2986,Rare,Priest,Mouse Avery,White,Public
4264,ZEI-6-MM1883,Rare,Priest,Cat Dylan,White,Public
4265,ZEI-6-MM4100,Rare,Priest,Owl Taylor Brown,Brown,Public
4266,ZEI-6-MM6506,Rare,Priest,Rabbit Ashton,White,Public
4267,ZEI-6-MM6467,Rare,Priest,Rabbit Jesse,White,Public
4268,ZEI-6-MM4215,Rare,Priest,Monkey Dakota,Black,Public
4269,ZEI-6-MM1505,Rare,Priest,Dog Pat,Black,Public
4270,ZEI-6-MM8526,Rare,Priest,Cat Ellis,Black,Public
4271,ZEI-6-MM4861,Rare,Priest,Cat Adrian,Black,Public
4272,ZEI-6-MM1923,Rare,Priest,Dog Bailey,Black,Public
4273,ZEI-6-MM9383,Rare,Priest,Cat Lane,White,Public
4274,ZEI-6-MM2600,Rare,Priest,Bear Riley,brown,Public
4275,ZEI-6-MM9154,Rare,Priest,Dog Addison,White,Public
4276,ZEI-6-MM9619,Rare,Magician,Owl Taylor,Black,Public
4277,ZEI-6-MM2596,Rare,Magician,Rabbit Logan,Black,Public
4278,ZEI-6-MM5606,Rare,Magician,Dog Hunter,Black,Public
4279,ZEI-6-MM7392,Rare,Magician,Monkey Blake,Brown,Public
4280,ZEI-6-MM1149,Rare,Magician,Monkey Dakota,White,Public
4281,ZEI-6-MM8903,Rare,Magician,Monkey Charlie,Black,Public
4282,ZEI-6-MM7851,Rare,Magician,Bear Dana,Black,Public
4283,ZEI-6-MM9628,Rare,Magician,Mouse Kerry,White,Public
4284,ZEI-6-MM5776,Rare,Magician,Dog Kai,White,Public
4285,ZEI-6-MM2061,Rare,Magician,Cat Casey,Black,Public
4286,ZEI-6-MM6306,Rare,Magician,Dog Emerson,White,Public
4287,ZEI-6-MM1614,Rare,Magician,Cat Dylan,White,Public
4288,ZEI-6-MM3076,Rare,Magician,Rabbit Tracy,Black,Public
4289,ZEI-6-MM6219,Rare,Magician,Mouse Avery,Black,Public
4290,ZEI-6-MM4877,Rare,Clown,Cat Dylan,Black,Public
4291,ZEI-6-MM6263,Rare,Clown,Bear Riley,Black,Public
4292,ZEI-6-MM1959,Rare,Clown,Monkey Parker,Black,Public
4293,ZEI-6-MM3125,Rare,Clown,Mouse Avery,White,Public
4294,ZEI-6-MM9842,Rare,Clown,Rabbit Ashton,Black,Public
4295,ZEI-6-MM3932,Rare,Clown,Mouse Avery,Black,Public
4296,ZEI-6-MM4819,Rare,Clown,Rabbit Tracy,White,Public
4297,ZEI-6-MM4744,Rare,Clown,Mouse Mackenzie,White,Public
4298,ZEI-6-MM7473,Rare,Scientist,Dog Emerson,White,Public
4299,ZEI-6-MM7302,Rare,Scientist,Mouse Avery,White,Public
4300,ZEI-6-MM6714,Rare,Scientist,Owl Taylor Brown,Brown,Public
4301,ZEI-6-MM9844,Rare,Scientist,Monkey Frankie,White,Public
4302,ZEI-6-MM4233,Rare,Scientist,Bear Riley,brown,Public
4303,ZEI-6-MM1380,Rare,Scientist,Mouse Spencer,White,Public
4304,ZEI-6-MM8470,Rare,Scientist,Cat Rowan,Black,Public
4305,ZEI-6-MM3802,Rare,Scientist,Dog Cameron,Black,Public
4306,ZEI-6-MM7938,Rare,Scientist,Owl Devin,White,Public
4307,ZEI-6-MM1766,Rare,Scientist,Rabbit Logan,White,Public
4308,ZEI-6-MM4268,Rare,Scientist,Cat Dylan,White,Public
4309,ZEI-6-MM5293,Rare,Scientist,Dog Noel,White,Public
4310,ZEI-6-MM5208,Rare,Scientist,Dog Emerson,Black,Public
4311,ZEI-6-MM6473,Rare,Scientist,Monkey Arden,Brown,Public
4312,ZEI-6-MM5718,Rare,Scientist,Cat Lane,Black,Public
4313,ZEI-6-MM7906,Rare,Scientist,Owl Aubrey,Black,Public
4314,ZEI-6-MM6958,Rare,Singer,Monkey Arden,Black,Public
4315,ZEI-6-MM3908,Rare,Singer,Rabbit Ashton,Black,Public
4316,ZEI-6-MM4398,Rare,Singer,Cat Harper,White,Public
4317,ZEI-6-MM5617,Rare,Singer,Monkey Ripley,Brown,Public
4318,ZEI-6-MM4360,Rare,Singer,Mouse Rory,White,Public
4319,ZEI-6-MM2222,Rare,Singer,Rabbit Jesse,Black,Public
4320,ZEI-6-MM6133,Rare,Singer,Cat Rowan,White,Public
4321,ZEI-6-MM5532,Rare,Singer,Rabbit Tracy,Black,Public
4322,ZEI-6-MM9524,Rare,Singer,Dog Cameron,White,Public
4323,ZEI-6-MM3206,Rare,Singer,Owl Taylor,Black,Public
4324,ZEI-6-MM4950,Rare,Singer,Rabbit Kyle,White,Public
4325,ZEI-6-MM5570,Rare,Doctor,Dog Bailey,Black,Public
4326,ZEI-6-MM9957,Rare,Doctor,Mouse Rory,Black,Public
4327,ZEI-6-MM7552,Rare,Doctor,Owl Devin,White,Public
4328,ZEI-6-MM4751,Rare,Doctor,Cat Casey,Black,Public
4329,ZEI-6-MM9783,Rare,Doctor,Cat Harper,White,Public
4330,ZEI-6-MM8984,Rare,Doctor,Dog Cameron,White,Public
4331,ZEI-6-MM2345,Rare,Doctor,Monkey Hayden,Black,Public
4332,ZEI-6-MM6185,Rare,Doctor,Mouse Mackenzie,White,Public
4333,ZEI-6-MM4510,Rare,Doctor,Cat Ellis,Black,Public
4334,ZEI-6-MM4532,Rare,Doctor,Monkey Charlie,Brown,Public
4335,ZEI-6-MM3017,Rare,Doctor,Monkey Dakota,Black,Public
4336,ZEI-6-MM9762,Rare,Doctor,Dog Drew,Black,Public
4337,ZEI-6-MM5007,Rare,Doctor,Monkey Blake,Black,Public
4338,ZEI-6-MM6743,Rare,Doctor,Dog Morgan,Black,Public
4339,ZEI-6-MM1278,Rare,Doctor,Mouse Kerry,Black,Public
4340,ZEI-6-MM1058,Rare,Doctor,Cat Rowan,White,Public
4341,ZEI-6-MM1525,Common,Boxer,Monkey Dakota,Black,Public
4342,ZEI-6-MM7353,Common,Boxer,Owl Aubrey,Black,Public
4343,ZEI-6-MM2103,Common,Boxer,Mouse Rory,Black,Public
4344,ZEI-6-MM5628,Common,Boxer,Rabbit Peyton,Black,Public
4345,ZEI-6-MM8324,Common,Boxer,Cat Jamie,Black,Public
4346,ZEI-6-MM5441,Common,Boxer,Rabbit Finley,Black,Public
4347,ZEI-6-MM1414,Common,Boxer,Dog Addison,Black,Public
4348,ZEI-6-MM4836,Common,Boxer,Monkey Hayden,Brown,Public
4349,ZEI-6-MM6401,Common,Boxer,Monkey Blake,Brown,Public
4350,ZEI-6-MM7425,Common,Boxer,Rabbit Tracy,White,Public
4351,ZEI-6-MM1388,Common,Boxer,Dog Cameron,White,Public
4352,ZEI-6-MM1726,Common,Boxer,Dog Addison,White,Public
4353,ZEI-6-MM3208,Common,Boxer,Mouse Rory,White,Public
4354,ZEI-6-MM3747,Common,Boxer,Dog Pat,White,Public
4355,ZEI-6-MM1639,Common,Mighty Boxer,Owl Taylor,Brown,Public
4356,ZEI-6-MM3638,Common,Mighty Boxer,Dog Addison,Black,Public
4357,ZEI-6-MM8807,Common,Mighty Boxer,Rabbit Peyton,White,Public
4358,ZEI-6-MM1740,Common,Mighty Boxer,Dog Emerson,Black,Public
4359,ZEI-6-MM2595,Common,Mighty Boxer,Cat Casey,White,Public
4360,ZEI-6-MM5849,Common,Mighty Boxer,Monkey Hayden,brown,Public
4361,ZEI-6-MM1705,Common,Mighty Boxer,Rabbit Logan,Black,Public
4362,ZEI-6-MM4739,Common,Mighty Boxer,Mouse Kerry,White,Public
4363,ZEI-6-MM8786,Common,Mighty Boxer,Dog Pat,White,Public
4364,ZEI-6-MM4275,Common,Mighty Boxer,Mouse Mackenzie,Black,Public
4365,ZEI-6-MM9596,Common,Mighty Boxer,Monkey Dakota,White,Public
4366,ZEI-6-MM2458,Common,Mighty Boxer,Cat Skyler,White,Public
4367,ZEI-6-MM4876,Common,Mighty Boxer,Monkey Ripley,Brown,Public
4368,ZEI-6-MM5738,Common,Mighty Boxer,Monkey Frankie,Black,Public
4369,ZEI-6-MM3936,Common,Mighty Boxer,Dog Drew,White,Public
4370,ZEI-6-MM2325,Common,Mighty Boxer,Cat Rowan,Black,Public
4371,ZEI-6-MM6022,Common,Mighty Boxer,Monkey Arden,Black,Public
4372,ZEI-6-MM2445,Common,Mighty Boxer,Cat Adrian,White,Public
4373,ZEI-6-MM4627,Common,Mighty Boxer,Rabbit Kyle,White,Public
4374,ZEI-6-MM1443,Common,Mighty Boxer,Rabbit Jesse,Black,Public
4375,ZEI-6-MM4139,Common,Mighty Boxer,Cat Harper,Black,Public
4376,ZEI-6-MM4439,Common,Mighty Boxer,Bear Dana,Black,Public
4377,ZEI-6-MM7351,Common,Mighty Boxer,Mouse Avery,Black,Public
4378,ZEI-6-MM3428,Common,Artist,Dog Kai,White,Public
4379,ZEI-6-MM7006,Common,Artist,Mouse Spencer,Black,Public
4380,ZEI-6-MM7294,Common,Artist,Rabbit Logan,Black,Public
4381,ZEI-6-MM5290,Common,Artist,Cat Skyler,Black,Public
4382,ZEI-6-MM9753,Common,Artist,Rabbit Ashton,Black,Public
4383,ZEI-6-MM3529,Common,Artist,Bear Riley,brown,Public
4384,ZEI-6-MM1488,Common,Artist,Cat Harper,White,Public
4385,ZEI-6-MM6338,Common,Artist,Monkey Parker,Black,Public
4386,ZEI-6-MM7854,Common,Artist,Cat Marley,Black,Public
4387,ZEI-6-MM2167,Common,Artist,Dog Hunter,Black,Public
4388,ZEI-6-MM8693,Common,Artist,Dog Emerson,White,Public
4389,ZEI-6-MM8432,Common,Artist,Cat Dylan,White,Public
4390,ZEI-6-MM6840,Common,Artist,Monkey Charlie,Black,Public
4391,ZEI-6-MM3123,Common,Artist,Monkey Ripley,Brown,Public
4392,ZEI-6-MM2893,Common,Artist,Owl Aubrey,White,Public
4393,ZEI-6-MM5964,Common,Artist,Cat Lane,White,Public
4394,ZEI-6-MM4376,Common,Artist,Monkey Frankie,Black,Public
4395,ZEI-6-MM1285,Common,Musician,Cat Casey,Black,Public
4396,ZEI-6-MM6461,Common,Musician,Cat Lane,White,Public
4397,ZEI-6-MM1289,Common,Musician,Rabbit Ashton,Black,Public
4398,ZEI-6-MM1955,Common,Musician,Cat Ellis,Black,Public
4399,ZEI-6-MM5931,Common,Musician,Dog Noel,Black,Public
4400,ZEI-6-MM1437,Common,Musician,Monkey Blake,Brown,Public
4401,ZEI-6-MM9778,Common,Musician,Dog Cameron,White,Public
4402,ZEI-6-MM6512,Common,Musician,Monkey Charlie,Black,Public
4403,ZEI-6-MM8850,Common,Musician,Cat Blair,White,Public
4404,ZEI-6-MM4959,Common,Musician,Dog Addison,White,Public
4405,ZEI-6-MM9141,Common,Musician,Rabbit Peyton,White,Public
4406,ZEI-6-MM6821,Common,Musician,Cat Dylan,White,Public
4407,ZEI-6-MM5609,Common,Musician,Cat Marley,Black,Public
4408,ZEI-6-MM9587,Common,Musician,Mouse Kerry,White,Public
4409,ZEI-6-MM6214,Common,Musician,Dog Emerson,White,Public
4410,ZEI-6-MM1871,Common,Musician,Dog Bailey,Black,Public
4411,ZEI-6-MM8979,Common,Chef,Dog Kai,White,Public
4412,ZEI-6-MM1365,Common,Chef,Monkey Hayden,Brown,Public
4413,ZEI-6-MM8355,Common,Chef,Cat Lane,White,Public
4414,ZEI-6-MM3797,Common,Chef,Cat Harper,White,Public
4415,ZEI-6-MM5568,Common,Chef,Monkey Frankie,Black,Public
4416,ZEI-6-MM6620,Common,Chef,Mouse Spencer,Black,Public
4417,ZEI-6-MM4053,Common,Chef,Dog Addison,White,Public
4418,ZEI-6-MM9380,Common,Chef,Cat Jamie,Black,Public
4419,ZEI-6-MM7057,Common,Chef,Monkey Dakota,White,Public
4420,ZEI-6-MM5026,Common,Chef,Rabbit Finley,White,Public
4421,ZEI-6-MM8848,Common,Chef,Cat Blair,White,Public
4422,ZEI-6-MM7956,Common,Chef,Monkey Blake,Brown,Public
4423,ZEI-6-MM4540,Common,Chef,Rabbit Ashton,Black,Public
4424,ZEI-6-MM5716,Common,Chef,Owl Devin Brown,Brown,Public
4425,ZEI-6-MM1144,Common,Chef,Cat Marley,Black,Public
4426,ZEI-6-MM3307,Common,Chef,Bear Riley,brown,Public
4427,ZEI-6-MM5420,Common,Chef,Monkey Charlie,Black,Public
4428,ZEI-6-MM4789,Common,Chef,Rabbit Peyton,White,Public
4429,ZEI-6-MM1782,Common,Chef,Dog Emerson,White,Public
4430,ZEI-6-MM8048,Common,Chef,Monkey Parker,Black,Public
4431,ZEI-6-MM9858,Common,Chef,Rabbit Jesse,Black,Public
4432,ZEI-6-MM3236,Common,Server,Cat Dylan,White,Public
4433,ZEI-6-MM9241,Common,Server,Mouse Mackenzie,Black,Public
4434,ZEI-6-MM6391,Common,Server,Mouse Spencer,Black,Public
4435,ZEI-6-MM6640,Common,Server,Mouse Avery,Black,Public
4436,ZEI-6-MM8497,Common,Server,Owl Devin Brown,Brown,Public
4437,ZEI-6-MM5331,Common,Server,Rabbit Tracy,Black,Public
4438,ZEI-6-MM4597,Common,Server,Rabbit Jesse,Black,Public
4439,ZEI-6-MM4201,Common,Server,Dog Bailey,Black,Public
4440,ZEI-6-MM5403,Common,Server,Monkey Blake,Brown,Public
4441,ZEI-6-MM8695,Common,Server,Owl Taylor,Black,Public
4442,ZEI-6-MM9018,Common,Server,Rabbit Kyle,White,Public
4443,ZEI-6-MM6434,Common,Server,Rabbit Peyton,White,Public
4444,ZEI-6-MM1827,Common,Server,Cat Casey,Black,Public
4445,ZEI-6-MM5953,Common,Server,Mouse Rory,White,Public
4446,ZEI-6-MM5899,Common,Server,Dog Emerson,White,Public
4447,ZEI-6-MM5305,Common,Server,Cat Harper,White,Public
4448,ZEI-6-MM1930,Common,Server,Dog Noel,Black,Public
4449,ZEI-6-MM3278,Common,Server,Owl Aubrey,White,Public
4450,ZEI-6-MM7914,Firefighter,,Monkey Frankie,Black,Public
4451,ZEI-6-MM4996,Firefighter,,Rabbit Peyton,White,Public
4452,ZEI-6-MM8843,Firefighter,,Rabbit Tracy,Black,Public
4453,ZEI-6-MM3740,Firefighter,,Cat Harper,White,Public
4454,ZEI-6-MM2186,Firefighter,,Cat Casey,Black,Public
4455,ZEI-6-MM8617,Firefighter,,Cat Marley,Black,Public
4456,ZEI-6-MM9296,Firefighter,,Dog Pat,White,Public
4457,ZEI-6-MM4578,Firefighter,,Dog Noel,Black,Public
4458,ZEI-6-MM5543,Firefighter,,Dog Hunter,Black,Public
4459,ZEI-6-MM7107,Firefighter,,Dog Drew,Black,Public
4460,ZEI-6-MM4749,Firefighter,,Mouse Spencer,Black,Public
4461,ZEI-6-MM9404,Firefighter,,Dog Kai,White,Public
4462,ZEI-6-MM4313,Firefighter,,Rabbit Ashton,Black,Public
4463,ZEI-6-MM6832,Firefighter,,Mouse Rory,White,Public
4464,ZEI-6-MM5696,Firefighter,,Cat Dylan,White,Public
4465,ZEI-6-MM4383,Firefighter,,Cat Lane,White,Public
4466,ZEI-6-MM9097,Firefighter,,Cat Ellis,Black,Public
4467,ZEI-6-MM1630,Common,Diver,Dog Emerson,White,Public
4468,ZEI-6-MM8417,Common,Diver,Dog Drew,Black,Public
4469,ZEI-6-MM6800,Common,Diver,Dog Pat,White,Public
4470,ZEI-6-MM9379,Common,Diver,Cat Lane,White,Public
4471,ZEI-6-MM6181,Common,Diver,Rabbit Logan,Black,Public
4472,ZEI-6-MM3106,Common,Diver,Rabbit Ashton,Black,Public
4473,ZEI-6-MM2247,Common,Diver,Cat Jamie,Black,Public
4474,ZEI-6-MM8050,Common,Diver,Mouse Rory,White,Public
4475,ZEI-6-MM2737,Common,Diver,Rabbit Tracy,Black,Public
4476,ZEI-6-MM7614,Common,Diver,Monkey Frankie,Black,Public
4477,ZEI-6-MM1074,Common,Diver,Rabbit Finley,White,Public
4478,ZEI-6-MM5656,Common,Diver,Rabbit Peyton,White,Public
4479,ZEI-6-MM7121,Common,Diver,Dog Cameron,White,Public
4480,ZEI-6-MM5285,Common,Diver,Rabbit Jesse,Black,Public
4481,ZEI-6-MM8268,Common,Diver,Cat Blair,White,Public
4482,ZEI-6-MM5640,Common,Diver,Owl Aubrey,White,Public
4483,ZEI-6-MM8714,Common,Diver,Mouse Spencer,Black,Public
4484,ZEI-6-MM2239,Common,Diver,Monkey Dakota,White,Public
4485,ZEI-6-MM3241,Common,Diver,Mouse Kerry,White,Public
4486,ZEI-6-MM2495,Common,Diver,Monkey Blake,Brown,Public
4487,ZEI-6-MM2246,Common,Plumber,Monkey Hayden,Brown,Public
4488,ZEI-6-MM9938,Common,Plumber,Dog Hunter,Black,Public
4489,ZEI-6-MM7360,Common,Plumber,Rabbit Kyle,White,Public
4490,ZEI-6-MM7040,Common,Plumber,Dog Emerson,White,Public
4491,ZEI-6-MM4084,Common,Plumber,Owl Devin,Brown,Public
4492,ZEI-6-MM4507,Common,Plumber,Cat Ellis,Black,Public
4493,ZEI-6-MM7943,Common,Plumber,Cat Harper,White,Public
4494,ZEI-6-MM5934,Common,Plumber,Rabbit Ashton,Black,Public
4495,ZEI-6-MM6151,Common,Plumber,Cat Rowan,White,Public
4496,ZEI-6-MM8145,Common,Plumber,Mouse Mackenzie,Black,Public
4497,ZEI-6-MM9432,Common,Plumber,Mouse Avery,Black,Public
4498,ZEI-6-MM5680,Common,Plumber,Cat Blair,White,Public
4499,ZEI-6-MM4665,Common,Plumber,Monkey Dakota,White,Public
4500,ZEI-6-MM8582,Common,Plumber,Rabbit Logan,Black,Public
4501,ZEI-6-MM3261,Common,Plumber,Monkey Arden,Black,Public
4502,ZEI-6-MM6805,Common,Plumber,Mouse Spencer,Black,Public
4503,ZEI-6-MM7664,Common,Plumber,Dog Noel,Black,Public
4504,ZEI-6-MM4241,Common,Plumber,Dog Kai,White,Public
4505,ZEI-6-MM5779,Common,Police Officer,Cat Ellis,Black,Public
4506,ZEI-6-MM1407,Common,Police Officer,Dog Drew,Black,Public
4507,ZEI-6-MM8356,Common,Police Officer,Cat Skyler,Black,Public
4508,ZEI-6-MM3449,Common,Police Officer,Monkey Ripley,Brown,Public
4509,ZEI-6-MM9522,Common,Police Officer,Cat Marley,Black,Public
4510,ZEI-6-MM3601,Common,Police Officer,Monkey Arden,Black,Public
4511,ZEI-6-MM4805,Common,Police Officer,Cat Adrian,Black,Public
4512,ZEI-6-MM3116,Common,Police Officer,Cat Blair,White,Public
4513,ZEI-6-MM2043,Common,Police Officer,Cat Jamie,Black,Public
4514,ZEI-6-MM3719,Common,Police Officer,Dog Addison,White,Public
4515,ZEI-6-MM7181,Common,Police Officer,Mouse Spencer,Black,Public
4516,ZEI-6-MM7497,Common,Mighty Police,Cat Lane,Black,Public
4517,ZEI-6-MM5820,Common,Mighty Police,Mouse Rory,White,Public
4518,ZEI-6-MM5975,Common,Mighty Police,Cat Ellis,White,Public
4519,ZEI-6-MM4071,Common,Mighty Police,Owl Taylor,Brown,Public
4520,ZEI-6-MM9859,Common,Mighty Police,Rabbit Ashton,Black,Public
4521,ZEI-6-MM6857,Common,Mighty Police,Dog Kai,Black,Public
4522,ZEI-6-MM7025,Common,Mighty Police,Mouse Mackenzie,Black,Public
4523,ZEI-6-MM3198,Common,Mighty Police,Rabbit Finley,White,Public
4524,ZEI-6-MM8768,Common,Mighty Police,Monkey Ripley,Brown,Public
4525,ZEI-6-MM1562,Common,Mighty Police,Rabbit Peyton,White,Public
4526,ZEI-6-MM9149,Common,Mighty Police,Mouse Kerry,White,Public
4527,ZEI-6-MM2013,Common,Mighty Police,Dog Addison,Black,Public
4528,ZEI-6-MM9413,Common,Mighty Police,Rabbit Logan,Black,Public
4529,ZEI-6-MM4891,Common,Mighty Police,Dog Pat,White,Public
4530,ZEI-6-MM6911,Common,Mighty Police,Dog Morgan,White,Public
4531,ZEI-6-MM1666,Common,Mighty Police,Monkey Hayden,brown,Public
4532,ZEI-6-MM1453,Common,Mountaineer,Dog Bailey,Black,Public
4533,ZEI-6-MM3739,Common,Mountaineer,Dog Hunter,Black,Public
4534,ZEI-6-MM6852,Common,Mountaineer,Cat Jamie,Black,Public
4535,ZEI-6-MM2593,Common,Mountaineer,Monkey Charlie,Black,Public
4536,ZEI-6-MM7776,Common,Mountaineer,Rabbit Ashton,Black,Public
4537,ZEI-6-MM7781,Common,Mountaineer,Monkey Parker,Black,Public
4538,ZEI-6-MM8978,Common,Mountaineer,Cat Rowan,White,Public
4539,ZEI-6-MM4631,Common,Mountaineer,Monkey Hayden,Brown,Public
4540,ZEI-6-MM4940,Common,Mountaineer,Rabbit Tracy,Black,Public
4541,ZEI-6-MM4308,Common,Mountaineer,Rabbit Logan,Black,Public
4542,ZEI-6-MM2207,Common,Mountaineer,Cat Marley,Black,Public
4543,ZEI-6-MM8880,Common,Mountaineer,Dog Drew,Black,Public
4544,ZEI-6-MM7926,Common,Mountaineer,Owl Aubrey,White,Public
4545,ZEI-6-MM4698,Common,Mountaineer,Rabbit Kyle,White,Public
4546,ZEI-6-MM7490,Common,Mountaineer,Cat Casey,Black,Public
4547,ZEI-6-MM9371,Common,Mountaineer,Monkey Dakota,White,Public
4548,ZEI-6-MM7507,Common,Mountaineer,Cat Harper,White,Public
4549,ZEI-6-MM1503,Common,Basketball Player,Rabbit Jesse,Black,Public
4550,ZEI-6-MM5164,Common,Basketball Player,Rabbit Ashton,Black,Public
4551,ZEI-6-MM8601,Common,Basketball Player,Mouse Avery,Black,Public
4552,ZEI-6-MM8743,Common,Basketball Player,Mouse Kerry,White,Public
4553,ZEI-6-MM7616,Common,Basketball Player,Monkey Arden,Black,Public
4554,ZEI-6-MM3734,Common,Basketball Player,Dog Cameron,White,Public
4555,ZEI-6-MM3826,Common,Basketball Player,Monkey Blake,Brown,Public
4556,ZEI-6-MM5666,Common,Basketball Player,Monkey Frankie,Black,Public
4557,ZEI-6-MM5009,Common,Basketball Player,Rabbit Kyle,White,Public
4558,ZEI-6-MM8568,Common,Basketball Player,Dog Emerson,White,Public
4559,ZEI-6-MM9518,Common,Basketball Player,Rabbit Finley,White,Public
4560,ZEI-6-MM7136,Common,Basketball Player,Bear Dana,Black,Public
4561,ZEI-6-MM4172,Common,Basketball Player,Cat Skyler,Black,Public
4562,ZEI-6-MM9009,Common,Basketball Player,Cat Dylan,White,Public
4563,ZEI-6-MM6217,Common,Basketball Player,Dog Addison,White,Public
4564,ZEI-6-MM5448,Common,Basketball Player,Rabbit Peyton,White,Public
4565,ZEI-6-MM7754,Common,Basketball Player,Monkey Ripley,Brown,Public
4566,ZEI-6-MM5558,Common,Basketball Player,Rabbit Tracy,Black,Public
4567,ZEI-6-MM7438,Common,Basketball Player,Owl Devin Brown,Brown,Public
4568,ZEI-6-MM5478,Common,Basketball Player,Dog Cameron,White,Public
4569,ZEI-6-MM6942,Common,Basketball Player,Cat Skyler,Black,Public
4570,ZEI-6-MM5735,Common,Basketball Player,Cat Lane,White,Public
4571,ZEI-6-MM6329,Common,Basketball Player,Monkey Frankie,Black,Public
4572,ZEI-6-MM3135,Common,Basketball Player,Mouse Kerry,White,Public
4573,ZEI-6-MM8876,Common,Basketball Player,Mouse Spencer,Black,Public
4574,ZEI-6-MM8420,Common,Basketball Player,Cat Blair,White,Public
4575,ZEI-6-MM4553,Common,Basketball Player,Mouse Mackenzie,Black,Public
4576,ZEI-6-MM8274,Common,Basketball Player,Owl Taylor,Black,Public
4577,ZEI-6-MM4934,Common,Basketball Player,Owl Aubrey,White,Public
4578,ZEI-6-MM9624,Common,Basketball Player,Cat Adrian,Black,Public
4579,ZEI-6-MM6119,Common,Basketball Player,Owl Devin Brown,Brown,Public
4580,ZEI-6-MM4297,Common,Basketball Player,Rabbit Jesse,Black,Public
4581,ZEI-6-MM6213,Common,Basketball Player,Monkey Ripley,Brown,Public
4582,ZEI-6-MM2552,Common,Basketball Player,Cat Casey,Black,Public
4583,ZEI-6-MM8344,Common,Basketball Player,Monkey Charlie,Black,Public
4584,ZEI-6-MM7055,Common,Basketball Player,Monkey Blake,Brown,Public
4585,ZEI-6-MM8577,Common,Basketball Player,Cat Rowan,White,Public
4586,ZEI-6-MM9588,Common,Soccer Player,Mouse Rory,White,Public
4587,ZEI-6-MM6409,Common,Soccer Player,Rabbit Finley,White,Public
4588,ZEI-6-MM9475,Common,Soccer Player,Dog Cameron,White,Public
4589,ZEI-6-MM9342,Common,Soccer Player,Mouse Avery,Black,Public
4590,ZEI-6-MM1309,Common,Soccer Player,Dog Emerson,White,Public
4591,ZEI-6-MM3474,Common,Soccer Player,Bear Dana,Black,Public
4592,ZEI-6-MM2604,Common,Soccer Player,Cat Casey,Black,Public
4593,ZEI-6-MM1306,Common,Soccer Player,Owl Aubrey,White,Public
4594,ZEI-6-MM2558,Common,Soccer Player,Rabbit Jesse,Black,Public
4595,ZEI-6-MM1810,Common,Soccer Player,Rabbit Kyle,White,Public
4596,ZEI-6-MM3364,Common,Soccer Player,Dog Bailey,Black,Public
4597,ZEI-6-MM7955,Common,Soccer Player,Dog Hunter,Black,Public
4598,ZEI-6-MM2717,Common,Soccer Player,Monkey Charlie,Black,Public
4599,ZEI-6-MM1599,Common,Soccer Player,Cat Lane,White,Public
4600,ZEI-6-MM4646,Common,Soccer Player,Bear Riley,brown,Public
4601,ZEI-6-MM8598,Common,Soccer Player,Dog Noel,Black,Public
4602,ZEI-6-MM2295,Common,Soccer Player,Cat Ellis,Black,Public
4603,ZEI-6-MM5840,Common,Soccer Player,Rabbit Logan,Black,Public
4604,ZEI-6-MM3446,Common,Soccer Player,Cat Harper,White,Public
4605,ZEI-6-MM3970,Common,Soccer Player,Rabbit Tracy,Black,Public
4606,ZEI-6-MM1373,Common,Soccer Player,Cat Dylan,White,Public
4607,ZEI-6-MM4476,Common,Soccer Player,Monkey Dakota,White,Public
4608,ZEI-6-MM8164,Common,Soccer Player,Dog Addison,White,Public
4609,ZEI-6-MM6398,Common,Soccer Player,Monkey Hayden,Brown,Public
4610,ZEI-6-MM6660,Common,Soccer Player,Owl Aubrey,White,Public
4611,ZEI-6-MM1391,Common,Soccer Player,Rabbit Jesse,Black,Public
4612,ZEI-6-MM2394,Common,Soccer Player,Rabbit Ashton,Black,Public
4613,ZEI-6-MM3426,Common,Soccer Player,Cat Jamie,Black,Public
4614,ZEI-6-MM3210,Common,Soccer Player,Cat Rowan,White,Public
4615,ZEI-6-MM3830,Common,Soccer Player,Cat Lane,White,Public
4616,ZEI-6-MM5660,Common,Soccer Player,Mouse Mackenzie,Black,Public
4617,ZEI-6-MM5032,Common,Soccer Player,Cat Skyler,Black,Public
4618,ZEI-6-MM9020,Common,Soccer Player,Monkey Frankie,Black,Public
4619,ZEI-6-MM4188,Common,Soccer Player,Dog Bailey,Black,Public
4620,ZEI-6-MM6395,Common,Tennis Player,Dog Noel,Black,Public
4621,ZEI-6-MM2451,Common,Tennis Player,Rabbit Peyton,White,Public
4622,ZEI-6-MM3182,Common,Tennis Player,Bear Dana,Black,Public
4623,ZEI-6-MM7728,Common,Tennis Player,Mouse Mackenzie,Black,Public
4624,ZEI-6-MM3624,Common,Tennis Player,Cat Adrian,Black,Public
4625,ZEI-6-MM8627,Common,Tennis Player,Cat Marley,Black,Public
4626,ZEI-6-MM1188,Common,Tennis Player,Monkey Parker,Black,Public
4627,ZEI-6-MM6528,Common,Tennis Player,Cat Lane,White,Public
4628,ZEI-6-MM8503,Common,Tennis Player,Cat Ellis,Black,Public
4629,ZEI-6-MM8346,Common,Tennis Player,Owl Aubrey,White,Public
4630,ZEI-6-MM1990,Common,Tennis Player,Monkey Hayden,Brown,Public
4631,ZEI-6-MM1396,Common,Tennis Player,Rabbit Jesse,Black,Public
4632,ZEI-6-MM8214,Common,Tennis Player,Monkey Blake,Brown,Public
4633,ZEI-6-MM1659,Common,Tennis Player,Mouse Spencer,Black,Public
4634,ZEI-6-MM2643,Common,Tennis Player,Cat Skyler,Black,Public
4635,ZEI-6-MM2652,Common,Tennis Player,Monkey Arden,Black,Public
4636,ZEI-6-MM6027,Common,Tennis Player,Cat Rowan,White,Public
4637,ZEI-6-MM9318,Common,Tennis Player,Rabbit Kyle,White,Public
4638,ZEI-6-MM4720,Common,Tennis Player,Dog Kai,White,Public
4639,ZEI-6-MM3921,Common,Tennis Player,Cat Harper,White,Public
4640,ZEI-6-MM3186,Common,Tennis Player,Rabbit Tracy,Black,Public
4641,ZEI-6-MM6516,Common,Tennis Player,Mouse Avery,Black,Public
4642,ZEI-6-MM8440,Common,Tennis Player,Dog Emerson,White,Public
4643,ZEI-6-MM6850,Common,Tennis Player,Cat Jamie,Black,Public
4644,ZEI-6-MM5194,Common,Tennis Player,Rabbit Peyton,White,Public
4645,ZEI-6-MM2261,Common,Tennis Player,Mouse Kerry,White,Public
4646,ZEI-6-MM3442,Common,Tennis Player,Dog Addison,White,Public
4647,ZEI-6-MM6555,Common,Tennis Player,Cat Casey,Black,Public
4648,ZEI-6-MM4868,Common,Gangster,Cat Lane,White,Public
4649,ZEI-6-MM9913,Common,Gangster,Mouse Mackenzie,Black,Public
4650,ZEI-6-MM9565,Common,Gangster,Owl Devin,Brown,Public
4651,ZEI-6-MM6494,Common,Gangster,Cat Jamie,Black,Public
4652,ZEI-6-MM9738,Common,Gangster,Mouse Rory,White,Public
4653,ZEI-6-MM8754,Common,Gangster,Mouse Kerry,White,Public
4654,ZEI-6-MM1239,Common,Gangster,Cat Harper,White,Public
4655,ZEI-6-MM2674,Common,Gangster,Dog Addison,White,Public
4656,ZEI-6-MM6006,Common,Gangster,Rabbit Kyle,White,Public
4657,ZEI-6-MM7967,Common,Gangster,Monkey Dakota,White,Public
4658,ZEI-6-MM9453,Common,Gangster,Cat Blair,White,Public
4659,ZEI-6-MM6957,Common,Gangster,Monkey Parker,Black,Public
4660,ZEI-6-MM1907,Common,Gangster,Dog Pat,White,Public
4661,ZEI-6-MM3306,Common,Gangster,Monkey Arden,Black,Public
4662,ZEI-6-MM8453,Common,Gangster,Cat Marley,Black,Public
4663,ZEI-6-MM8419,Common,Thief,Dog Kai,White,Public
4664,ZEI-6-MM5998,Common,Thief,Mouse Mackenzie,Black,Public
4665,ZEI-6-MM6993,Common,Thief,Monkey Ripley,Brown,Public
4666,ZEI-6-MM6470,Common,Thief,Mouse Kerry,White,Public
4667,ZEI-6-MM5705,Common,Thief,Monkey Charlie,Black,Public
4668,ZEI-6-MM9346,Common,Thief,Dog Pat,White,Public
4669,ZEI-6-MM6465,Common,Thief,Cat Ellis,Black,Public
4670,ZEI-6-MM7820,Common,Thief,Owl Devin Brown,Brown,Public
4671,ZEI-6-MM3941,Common,Thief,Rabbit Tracy,Black,Public
4672,ZEI-6-MM6255,Common,Thief,Mouse Rory,White,Public
4673,ZEI-6-MM5442,Common,Thief,Cat Adrian,Black,Public
4674,ZEI-6-MM7570,Common,Thief,Cat Jamie,Black,Public
4675,ZEI-6-MM6718,Common,Thief,Cat Skyler,Black,Public
4676,ZEI-6-MM1893,Common,Thief,Rabbit Kyle,White,Public
4677,ZEI-6-MM9602,Common,Citizen,Dog Bailey,Black,Public
4678,ZEI-6-MM4447,Common,Citizen,Owl Devin Brown,Brown,Public
4679,ZEI-6-MM2801,Common,Citizen,Dog Kai,White,Public
4680,ZEI-6-MM1073,Common,Citizen,Cat Skyler,Black,Public
4681,ZEI-6-MM1953,Common,Citizen,Dog Pat,White,Public
4682,ZEI-6-MM6347,Common,Citizen,Monkey Blake,Brown,Public
4683,ZEI-6-MM1093,Common,Citizen,Monkey Parker,Black,Public
4684,ZEI-6-MM4987,Common,Citizen,Rabbit Tracy,Black,Public
4685,ZEI-6-MM5273,Common,Citizen,Rabbit Peyton,White,Public
4686,ZEI-6-MM1521,Common,Citizen,Cat Jamie,Black,Public
4687,ZEI-6-MM4632,Common,Citizen,Cat Marley,Black,Public
4688,ZEI-6-MM2967,Common,Citizen,Cat Lane,White,Public
4689,ZEI-6-MM2798,Common,Citizen,Rabbit Finley,White,Public
4690,ZEI-6-MM8314,Common,Citizen,Monkey Arden,Black,Public
4691,ZEI-6-MM3880,Common,Citizen,Cat Ellis,Black,Public
4692,ZEI-6-MM7085,Common,Citizen,Monkey Dakota,White,Public
4693,ZEI-6-MM7965,Common,Citizen,Cat Harper,White,Public
4694,ZEI-6-MM3948,Common,Citizen,Cat Dylan,White,Public
4695,ZEI-6-MM6802,Common,Citizen,Mouse Avery,Black,Public
4696,ZEI-6-MM5826,Common,Citizen,Dog Pat,White,Public
4697,ZEI-6-MM2232,Common,Citizen,Monkey Dakota,White,Public
4698,ZEI-6-MM3545,Common,Citizen,Cat Harper,White,Public
4699,ZEI-6-MM4583,Common,Citizen,Rabbit Peyton,White,Public
4700,ZEI-6-MM5748,Common,Citizen,Rabbit Jesse,Black,Public
4701,ZEI-6-MM9990,Common,Citizen,Cat Casey,Black,Public
4702,ZEI-6-MM9236,Common,Citizen,Dog Emerson,White,Public
4703,ZEI-6-MM3534,Common,Citizen,Mouse Spencer,Black,Public
4704,ZEI-6-MM4092,Common,Citizen,Monkey Parker,Black,Public
4705,ZEI-6-MM7311,Common,Citizen,Monkey Charlie,Black,Public
4706,ZEI-6-MM2818,Common,Citizen,Mouse Mackenzie,Black,Public
4707,ZEI-6-MM9407,Common,Citizen,Cat Skyler,Black,Public
4708,ZEI-6-MM8621,Common,Citizen,Cat Adrian,Black,Public
4709,ZEI-6-MM8481,Common,Citizen,Rabbit Finley,White,Public
4710,ZEI-6-MM7475,Common,Citizen,Monkey Ripley,Brown,Public
4711,ZEI-6-MM8980,Common,Citizen,Bear Riley,brown,Public
4712,ZEI-6-MM9232,Common,Citizen,Cat Jamie,Black,Public
4713,ZEI-6-MM8061,Common,Citizen,Owl Devin Brown,Brown,Public
4714,ZEI-6-MM3665,Common,Citizen,Dog Cameron,White,Public
4715,ZEI-6-MM7122,Common,Citizen,Cat Dylan,White,Public
4716,ZEI-6-MM6738,Common,Citizen,Rabbit Kyle,White,Public
4717,ZEI-6-MM5352,Common,Citizen,Cat Adrian,White,Public
4718,ZEI-6-MM9251,Common,Citizen,Owl Aubrey,White,Public
4719,ZEI-6-MM1263,Common,Citizen,Cat Lane,Black,Public
4720,ZEI-6-MM1635,Common,Citizen,Rabbit Peyton,White,Public
4721,ZEI-6-MM4328,Common,Citizen,Rabbit Tracy,Black,Public
4722,ZEI-6-MM5851,Common,Citizen,Cat Skyler,White,Public
4723,ZEI-6-MM1933,Common,Citizen,Mouse Spencer,Black,Public
4724,ZEI-6-MM6078,Common,Citizen,Rabbit Logan,Black,Public
4725,ZEI-6-MM4797,Common,Citizen,Dog Kai,Black,Public
4726,ZEI-6-MM2522,Common,Citizen,Dog Addison,Black,Public
4727,ZEI-6-MM4866,Common,Citizen,Cat Marley,White,Public
4728,ZEI-6-MM7972,Common,Citizen,Owl Taylor,Brown,Public
4729,ZEI-6-MM8501,Common,Citizen,Cat Jamie,White,Public
4730,ZEI-6-MM6324,Common,Citizen,Dog Pat,White,Public
4731,ZEI-6-MM5789,Common,Citizen,Monkey Frankie,Black,Public
4732,ZEI-6-MM2970,Common,Citizen,Dog Cameron,Black,Public
4733,ZEI-6-MM8694,Common,Citizen,Monkey Hayden,Brown,Public
4734,ZEI-6-MM7407,Common,Citizen,Monkey Arden,Black,Public
4735,ZEI-6-MM8604,Common,Citizen,Bear Riley,Black,Public
4736,ZEI-6-MM1259,Common,Citizen,Dog Addison,White,Public
4737,ZEI-6-MM7265,Common,Citizen,Monkey Ripley,Brown,Public
4738,ZEI-6-MM4157,Common,Citizen,Monkey Hayden,Brown,Public
4739,ZEI-6-MM5217,Common,Citizen,Rabbit Finley,White,Public
4740,ZEI-6-MM4120,Common,Citizen,Cat Lane,White,Public
4741,ZEI-6-MM8359,Common,Citizen,Cat Rowan,White,Public
4742,ZEI-6-MM9536,Common,Citizen,Cat Adrian,Black,Public
4743,ZEI-6-MM6415,Common,Citizen,Monkey Frankie,Black,Public
4744,ZEI-6-MM8588,Common,Citizen,Monkey Blake,Brown,Public
4745,ZEI-6-MM5845,Common,Citizen,Rabbit Peyton,White,Public
4746,ZEI-6-MM5407,Common,Citizen,Cat Blair,White,Public
4747,ZEI-6-MM9566,Common,Citizen,Cat Skyler,Black,Public
4748,ZEI-6-MM2923,Common,Citizen,Cat Jamie,Black,Public
4749,ZEI-6-MM7822,Common,Citizen,Rabbit Ashton,Black,Public
4750,ZEI-6-MM5613,Common,Citizen,Dog Noel,Black,Public
4751,ZEI-6-MM9428,Common,Citizen,Owl Devin Brown,Brown,Public
4752,ZEI-6-MM7146,Common,Citizen,Mouse Rory,White,Public
4753,ZEI-6-MM4976,Common,Citizen,Rabbit Logan,Black,Public
4754,ZEI-6-MM7555,Common,Citizen,Bear Riley,brown,Public
4755,ZEI-6-MM2434,Common,Citizen,Cat Harper,White,Public
4756,ZEI-6-MM2096,Common,Citizen,Monkey Parker,Black,Public
4757,ZEI-6-MM5850,Common,Citizen,Dog Cameron,White,Public
4758,ZEI-6-MM2105,Common,Citizen,Dog Bailey,Black,Public
4759,ZEI-6-MM1169,Common,Citizen,Monkey Frankie,Black,Public
4760,ZEI-6-MM1538,Common,Citizen,Rabbit Logan,Black,Public
4761,ZEI-6-MM7276,Common,Citizen,Dog Noel,Black,Public
4762,ZEI-6-MM5565,Common,Citizen,Monkey Arden,Black,Public
4763,ZEI-6-MM8558,Common,Citizen,Monkey Charlie,Black,Public
4764,ZEI-6-MM1222,Common,Citizen,Mouse Kerry,White,Public
4765,ZEI-6-MM7205,Common,Citizen,Mouse Mackenzie,Black,Public
4766,ZEI-6-MM3246,Common,Citizen,Dog Hunter,Black,Public
4767,ZEI-6-MM1070,Common,Citizen,Dog Drew,Black,Public
4768,ZEI-6-MM9617,Common,Citizen,Monkey Ripley,Brown,Public
4769,ZEI-6-MM3553,Common,Citizen,Owl Taylor,Black,Public
4770,ZEI-6-MM9331,Common,Citizen,Rabbit Ashton,Black,Public
4771,ZEI-6-MM3607,Common,Citizen,Cat Lane,White,Public
4772,ZEI-6-MM7971,Common,Citizen,Bear Riley,brown,Public
4773,ZEI-6-MM2697,Common,Citizen,Dog Emerson,White,Public
4774,ZEI-6-MM7929,Common,Citizen,Owl Devin Brown,Brown,Public
4775,ZEI-6-MM4356,Common,Citizen,Cat Ellis,Black,Public
4776,ZEI-6-MM5661,Common,Citizen,Cat Jamie,Black,Public
4777,ZEI-6-MM3158,Common,Riot Police,Rabbit Finley,White,Public
4778,ZEI-6-MM5107,Common,Riot Police,Cat Blair,White,Public
4779,ZEI-6-MM1674,Common,Riot Police,Rabbit Jesse,Black,Public
4780,ZEI-6-MM4161,Common,Riot Police,Mouse Spencer,Black,Public
4781,ZEI-6-MM7420,Common,Riot Police,Dog Addison,White,Public
4782,ZEI-6-MM9514,Common,Riot Police,Rabbit Peyton,White,Public
4783,ZEI-6-MM4690,Common,Riot Police,Cat Jamie,Black,Public
4784,ZEI-6-MM4605,Common,Riot Police,Dog Pat,White,Public
4785,ZEI-6-MM6070,Common,Riot Police,Mouse Kerry,White,Public
4786,ZEI-6-MM8106,Common,Riot Police,Monkey Hayden,Brown,Public
4787,ZEI-6-MM4554,Common,Riot Police,Monkey Charlie,Black,Public
4788,ZEI-6-MM1078,Common,Riot Police,Cat Harper,White,Public
4789,ZEI-6-MM2883,Common,Riot Police,Bear Dana,Black,Public
4790,ZEI-6-MM5175,Common,Riot Police,Mouse Rory,White,Public
4791,ZEI-6-MM3204,Common,Riot Police,Rabbit Tracy,Black,Public
4792,ZEI-6-MM6682,Common,Riot Police,Dog Drew,Black,Public
4793,ZEI-6-MM7554,Common,Student,Mouse Avery,Black,Public
4794,ZEI-6-MM5170,Common,Student,Cat Blair,White,Public
4795,ZEI-6-MM2223,Common,Student,Rabbit Finley,White,Public
4796,ZEI-6-MM8319,Common,Student,Owl Devin Brown,Brown,Public
4797,ZEI-6-MM1454,Common,Student,Mouse Spencer,Black,Public
4798,ZEI-6-MM8191,Common,Student,Dog Kai,White,Public
4799,ZEI-6-MM8974,Common,Student,Bear Riley,brown,Public
4800,ZEI-6-MM3544,Common,Student,Dog Noel,Black,Public
4801,ZEI-6-MM4859,Common,Student,Mouse Rory,White,Public
4802,ZEI-6-MM5835,Common,Student,Rabbit Tracy,Black,Public
4803,ZEI-6-MM9610,Common,Student,Rabbit Logan,Black,Public
4804,ZEI-6-MM8316,Common,Student,Owl Taylor,Black,Public
4805,ZEI-6-MM4272,Common,Student,Cat Jamie,Black,Public
4806,ZEI-6-MM2023,Common,Student,Dog Drew,Black,Public
4807,ZEI-6-MM7282,Common,Student,Monkey Frankie,Black,Public
4808,ZEI-6-MM1976,Common,Student,Rabbit Peyton,White,Public
4809,ZEI-6-MM3679,Common,Student,Rabbit Jesse,Black,Public
4810,ZEI-6-MM9903,Common,Student,Cat Dylan,White,Public
4811,ZEI-6-MM3054,Common,Student,Monkey Ripley,Brown,Public
4812,ZEI-6-MM9416,Common,Student,Dog Cameron,White,Public
4813,ZEI-6-MM6319,Common,Student,Cat Marley,Black,Public
4814,ZEI-6-MM6050,Common,Mighty Citizen,Cat Lane,Black,Public
4815,ZEI-6-MM4939,Common,Mighty Citizen,Dog Addison,Black,Public
4816,ZEI-6-MM7435,Common,Mighty Citizen,Rabbit Jesse,Black,Public
4817,ZEI-6-MM4081,Common,Mighty Citizen,Owl Devin,Brown,Public
4818,ZEI-6-MM3981,Common,Mighty Citizen,Monkey Blake,brown,Public
4819,ZEI-6-MM5513,Common,Mighty Citizen,Monkey Frankie,Black,Public
4820,ZEI-6-MM4932,Common,Mighty Citizen,Dog Morgan,White,Public
4821,ZEI-6-MM1103,Common,Mighty Citizen,Rabbit Finley,White,Public
4822,ZEI-6-MM7167,Common,Mighty Citizen,Rabbit Logan,Black,Public
4823,ZEI-6-MM5251,Common,Mighty Citizen,Rabbit Ashton,Black,Public
4824,ZEI-6-MM1035,Common,Mighty Citizen,Dog Hunter,White,Public
4825,ZEI-6-MM5262,Common,Student,Bear Dana,Black,Public
4826,ZEI-6-MM4773,Common,Student,Mouse Kerry,White,Public
4827,ZEI-6-MM2553,Common,Student,Cat Jamie,Black,Public
4828,ZEI-6-MM7809,Common,Student,Rabbit Peyton,White,Public
4829,ZEI-6-MM9385,Common,Student,Mouse Spencer,Black,Public
4830,ZEI-6-MM7735,Common,Student,Cat Blair,White,Public
4831,ZEI-6-MM9260,Common,Student,Owl Devin Brown,Brown,Public
4832,ZEI-6-MM1139,Common,Student,Cat Lane,White,Public
4833,ZEI-6-MM7305,Common,Student,Dog Hunter,Black,Public
4834,ZEI-6-MM2929,Common,Student,Cat Marley,Black,Public
4835,ZEI-6-MM5986,Common,Student,Mouse Avery,Black,Public
4836,ZEI-6-MM4771,Common,Student,Monkey Blake,Brown,Public
4837,ZEI-6-MM2009,Common,Student,Rabbit Ashton,Black,Public
4838,ZEI-6-MM5790,Common,Student,Monkey Dakota,White,Public
4839,ZEI-6-MM7393,Common,Student,Monkey Ripley,Brown,Public
4840,ZEI-6-MM8151,Common,Student,Rabbit Kyle,White,Public
4841,ZEI-6-MM2740,Common,Student,Dog Bailey,Black,Public
4842,ZEI-6-MM5294,Common,Student,Dog Kai,White,Public
4843,ZEI-6-MM1996,Common,Student,Monkey Arden,Black,Public
4844,ZEI-6-MM9716,Common,Student,Rabbit Jesse,Black,Public
4845,ZEI-6-MM2272,Common,Student,Rabbit Peyton,White,Public
4846,ZEI-6-MM3774,Common,Student,Rabbit Kyle,White,Public
4847,ZEI-6-MM7447,Common,Student,Cat Jamie,Black,Public
4848,ZEI-6-MM9364,Common,Student,Mouse Spencer,Black,Public
4849,ZEI-6-MM9054,Common,Student,Monkey Hayden,Brown,Public
4850,ZEI-6-MM9502,Common,Student,Dog Kai,White,Public
4851,ZEI-6-MM1884,Common,Student,Cat Rowan,White,Public
4852,ZEI-6-MM6769,Common,Student,Dog Drew,Black,Public
4853,ZEI-6-MM2203,Common,Student,Monkey Dakota,White,Public
4854,ZEI-6-MM6607,Common,Student,Cat Harper,White,Public
4855,ZEI-6-MM8569,Common,Student,Rabbit Finley,White,Public
4856,ZEI-6-MM2964,Common,Student,Monkey Ripley,Brown,Public
4857,ZEI-6-MM3533,Common,Student,Monkey Charlie,Black,Public
4858,ZEI-6-MM7921,Common,Student,Owl Aubrey,White,Public
4859,ZEI-6-MM5412,Common,Student,Monkey Frankie,Black,Public
4860,ZEI-6-MM6939,Common,Student,Mouse Kerry,White,Public
4861,ZEI-6-MM4334,Common,Student,Cat Dylan,White,Public
4862,ZEI-6-MM5242,Common,Student,Dog Emerson,White,Public
4863,ZEI-6-MM9937,Common,Citizen,Rabbit Tracy,Black,Public
4864,ZEI-6-MM8875,Common,Citizen,Dog Pat,White,Public
4865,ZEI-6-MM1795,Common,Citizen,Monkey Charlie,Black,Public
4866,ZEI-6-MM1944,Common,Citizen,Cat Rowan,White,Public
4867,ZEI-6-MM8019,Common,Citizen,Mouse Kerry,White,Public
4868,ZEI-6-MM5948,Common,Citizen,Owl Devin,Brown,Public
4869,ZEI-6-MM7234,Common,Citizen,Cat Adrian,Black,Public
4870,ZEI-6-MM9105,Common,Citizen,Cat Dylan,White,Public
4871,ZEI-6-MM2508,Common,Citizen,Dog Addison,White,Public
4872,ZEI-6-MM5280,Common,Citizen,Mouse Mackenzie,Black,Public
4873,ZEI-6-MM2137,Common,Citizen,Rabbit Peyton,White,Public
4874,ZEI-6-MM9556,Common,Citizen,Cat Ellis,Black,Public
4875,ZEI-6-MM5083,Common,Citizen,Dog Cameron,White,Public
4876,ZEI-6-MM3042,Common,Citizen,Rabbit Ashton,Black,Public
4877,ZEI-6-MM5390,Common,Citizen,Cat Casey,Black,Public
4878,ZEI-6-MM9171,Common,Citizen,Dog Drew,Black,Public
4879,ZEI-6-MM3613,Common,Citizen,Bear Riley,brown,Public
4880,ZEI-6-MM2632,Common,Citizen,Bear Dana,Black,Public
4881,ZEI-6-MM9534,Common,Citizen,Cat Lane,White,Public
4882,ZEI-6-MM5377,Common,Citizen,Monkey Blake,Brown,Public
4883,ZEI-6-MM6619,Common,Citizen,Rabbit Finley,White,Public
4884,ZEI-6-MM3170,Common,Citizen,Dog Pat,White,Public
4885,ZEI-6-MM3330,Common,Citizen,Monkey Hayden,Brown,Public
4886,ZEI-6-MM9794,Common,Citizen,Dog Emerson,White,Public
4887,ZEI-6-MM5654,Common,Citizen,Cat Marley,Black,Public
4888,ZEI-6-MM3320,Common,Citizen,Cat Casey,Black,Public
4889,ZEI-6-MM4844,Common,Citizen,Dog Noel,Black,Public
4890,ZEI-6-MM5025,Common,Citizen,Monkey Hayden,Brown,Public
4891,ZEI-6-MM3044,Common,Citizen,Dog Hunter,Black,Public
4892,ZEI-6-MM2476,Common,Citizen,Monkey Dakota,White,Public
4893,ZEI-6-MM3209,Common,Citizen,Monkey Blake,Brown,Public
4894,ZEI-6-MM8609,Common,Citizen,Cat Jamie,Black,Public
4895,ZEI-6-MM9757,Common,Citizen,Dog Addison,White,Public
4896,ZEI-6-MM2079,Common,Citizen,Monkey Parker,Black,Public
4897,ZEI-6-MM2391,Common,Citizen,Bear Riley,brown,Public
4898,ZEI-6-MM5282,Common,Citizen,Rabbit Ashton,Black,Public
4899,ZEI-6-MM8794,Common,Citizen,Dog Drew,Black,Public
4900,ZEI-6-MM7098,Common,Citizen,Rabbit Peyton,White,Public
4901,ZEI-6-MM4129,Common,Citizen,Rabbit Tracy,Black,Public
4902,ZEI-6-MM3604,Common,Citizen,Monkey Ripley,Brown,Public
4903,ZEI-6-MM7912,Common,Citizen,Cat Rowan,White,Public
4904,ZEI-6-MM5028,Common,Citizen,Cat Adrian,Black,Public
4905,ZEI-6-MM4515,Common,Citizen,Owl Devin,Brown,Public
4906,ZEI-6-MM7112,Common,Citizen,Mouse Mackenzie,Black,Public
4907,ZEI-6-MM6250,Common,Citizen,Dog Bailey,Black,Public
4908,ZEI-6-MM5990,Common,Citizen,Dog Hunter,Black,Public
4909,ZEI-6-MM3075,Common,Citizen,Cat Blair,White,Public
4910,ZEI-6-MM1862,Common,Citizen,Monkey Parker,Black,Public
4911,ZEI-6-MM5833,Common,Citizen,Monkey Blake,Brown,Public
4912,ZEI-6-MM7721,Common,Citizen,Cat Adrian,Black,Public
4913,ZEI-6-MM4705,Common,Citizen,Bear Riley,brown,Public
4914,ZEI-6-MM6463,Common,Citizen,Cat Marley,Black,Public
4915,ZEI-6-MM1866,Common,Citizen,Cat Harper,White,Public
4916,ZEI-6-MM5218,Common,Citizen,Rabbit Peyton,White,Public
4917,ZEI-6-MM5167,Common,Citizen,Monkey Arden,Black,Public
4918,ZEI-6-MM4105,Common,Citizen,Mouse Spencer,Black,Public
4919,ZEI-6-MM6601,Common,Citizen,Cat Jamie,Black,Public
4920,ZEI-6-MM3479,Common,Citizen,Cat Blair,White,Public
4921,ZEI-6-MM5548,Common,Citizen,Dog Kai,White,Public
4922,ZEI-6-MM7050,Common,Citizen,Cat Skyler,Black,Public
4923,ZEI-6-MM7702,Common,Citizen,Cat Harper,White,Public
4924,ZEI-6-MM8584,Common,Citizen,Monkey Charlie,Black,Public
4925,ZEI-6-MM7767,Common,Citizen,Cat Dylan,White,Public
4926,ZEI-6-MM8298,Common,Citizen,Cat Adrian,Black,Public
4927,ZEI-6-MM4809,Common,Citizen,Bear Dana,Black,Public
4928,ZEI-6-MM7682,Common,Citizen,Monkey Hayden,Brown,Public
4929,ZEI-6-MM1720,Common,Citizen,Owl Taylor,Brown,Public
4930,ZEI-6-MM8821,Common,Citizen,Dog Noel,Black,Public
4931,ZEI-6-MM8971,Common,Citizen,Mouse Avery,Black,Public
4932,ZEI-6-MM1052,Common,Citizen,Mouse Spencer,Black,Public
4933,ZEI-6-MM4144,Common,Citizen,Dog Emerson,White,Public
4934,ZEI-6-MM9144,Common,Citizen,Mouse Mackenzie,Black,Public
4935,ZEI-6-MM8908,Common,Citizen,Rabbit Tracy,Black,Public
4936,ZEI-6-MM3037,Common,Citizen,Dog Bailey,Black,Public
4937,ZEI-6-MM5556,Common,Citizen,Dog Cameron,White,Public
4938,ZEI-6-MM6750,Common,Citizen,Owl Devin Brown,Brown,Public
4939,ZEI-6-MM3249,Common,Citizen,Rabbit Logan,Black,Public
4940,ZEI-6-MM3645,Common,Citizen,Cat Skyler,Black,Public
4941,ZEI-6-MM3214,Common,Citizen,Mouse Kerry,White,Public
4942,ZEI-6-MM8479,Common,Citizen,Mouse Mackenzie,Black,Public
4943,ZEI-6-MM6974,Common,Citizen,Mouse Spencer,Black,Public
4944,ZEI-6-MM1743,Common,Citizen,Dog Addison,White,Public
4945,ZEI-6-MM3318,Common,Citizen,Monkey Parker,Black,Public
4946,ZEI-6-MM4585,Common,Citizen,Cat Casey,Black,Public
4947,ZEI-6-MM5645,Common,Citizen,Cat Adrian,Black,Public
4948,ZEI-6-MM2800,Common,Citizen,Rabbit Finley,White,Public
4949,ZEI-6-MM7367,Common,Citizen,Bear Riley,brown,Public
4950,ZEI-6-MM3991,Common,Citizen,Mouse Rory,White,Public
4951,ZEI-6-MM6548,Common,Citizen,Monkey Arden,Black,Public
4952,ZEI-6-MM2784,Common,Ganster,Cat Dylan,White,Public
4953,ZEI-6-MM2423,Common,Ganster,Cat Blair,White,Public
4954,ZEI-6-MM7280,Common,Ganster,Rabbit Peyton,White,Public
4955,ZEI-6-MM2944,Common,Ganster,Cat Jamie,Black,Public
4956,ZEI-6-MM1400,Common,Ganster,Cat Adrian,Black,Public
4957,ZEI-6-MM8111,Common,Ganster,Monkey Frankie,Black,Public
4958,ZEI-6-MM9239,Common,Ganster,Monkey Hayden,Brown,Public
4959,ZEI-6-MM3594,Common,Ganster,Bear Dana,Black,Public
4960,ZEI-6-MM4872,Common,Ganster,Monkey Parker,Black,Public
4961,ZEI-6-MM2978,Common,Ganster,Dog Addison,White,Public
4962,ZEI-6-MM2877,Common,Ganster,Monkey Ripley,Brown,Public
4963,ZEI-6-MM9715,Common,Ganster,Mouse Rory,White,Public
4964,ZEI-6-MM8119,Common,Ganster,Cat Marley,Black,Public
4965,ZEI-6-MM1571,Common,Ganster,Monkey Dakota,White,Public
4966,ZEI-6-MM8952,Common,Ganster,Cat Skyler,Black,Public
4967,ZEI-6-MM8026,Common,Ganster,Cat Ellis,Black,Public
4968,ZEI-6-MM3503,Common,Mighty Gangster,Dog Emerson,Black,Public
4969,ZEI-6-MM7047,Common,Mighty Gangster,Monkey Frankie,Black,Public
4970,ZEI-6-MM7989,Common,Mighty Gangster,Rabbit Ashton,Black,Public
4971,ZEI-6-MM6343,Common,Mighty Gangster,Bear Kelly,White,Public
4972,ZEI-6-MM7562,Common,Mighty Gangster,Monkey Hayden,brown,Public
4973,ZEI-6-MM7168,Common,Mighty Gangster,Cat Dylan,Black,Public
4974,ZEI-6-MM8954,Common,Mighty Gangster,Rabbit Jesse,Black,Public
4975,ZEI-6-MM7692,Common,Mighty Gangster,Owl Devin,Brown,Public
4976,ZEI-6-MM5541,Common,Mighty Gangster,Cat Adrian,White,Public
4977,ZEI-6-MM2080,Common,Mighty Gangster,Dog Noel,Black,Public
4978,ZEI-6-MM9184,Common,Mighty Gangster,Mouse Avery,Black,Public
4979,ZEI-6-MM7318,Common,Mighty Gangster,Dog Hunter,White,Public
4980,ZEI-6-MM8698,Common,Mighty Gangster,Dog Addison,Black,Public
4981,ZEI-6-MM7500,Common,Mighty Gangster,Dog Drew,White,Public
4982,ZEI-6-MM1010,Common,Mighty Gangster,Bear Dana,Black,Public
4983,ZEI-6-MM8153,Common,Mighty Gangster,Rabbit Kyle,White,Public
4984,ZEI-6-MM3034,Common,Mighty Gangster,Cat Marley,White,Public
4985,ZEI-6-MM4727,Common,Mighty Gangster,Cat Jamie,White,Public
4986,ZEI-6-MM7229,Common,Mighty Gangster,Mouse Rory,White,Public
4987,ZEI-6-MM6030,Common,Mighty Gangster,Dog Cameron,Black,Public
4988,ZEI-6-MM2727,Epic,Warrior,Rabbit Finley,White,Public
4989,ZEI-6-MM4985,Epic,Warrior,Dog Drew,White,Public
4990,ZEI-6-MM8789,Epic,Warrior,Dog Hunter,White,Public
4991,ZEI-6-MM6410,Epic,Warrior,Cat Lane,Black,Public
4992,ZEI-6-MM9220,Epic,Warrior,Monkey Blake,Brown,Public
4993,ZEI-6-MM1983,Epic,Warrior,Rabbit Peyton,White,Public
4994,ZEI-6-MM6904,Epic,Warrior,Cat Harper,Black,Public
4995,ZEI-6-MM8773,Epic,Warrior,Owl Taylor,Black,Public
4996,ZEI-6-MM5173,Epic,Warrior,Rabbit Tracy,Black,Public
4997,ZEI-6-MM2713,Epic,Warrior,Mouse Mackenzie,Black,Public
4998,ZEI-6-MM3958,Epic,Warrior,Monkey Dakota,White,Public
4999,ZEI-6-MM6023,Epic,Warrior,Owl Devin Brown,Brown,Public
5000,ZEI-6-MM5064,Epic,Warrior,Mouse Spencer,Black,Public
5001,ZEI-6-MM5110,Epic,Warrior,Monkey Arden,Black,Public
5002,ZEI-6-MM4961,Epic,Warrior,Dog Bailey,White,Public
5003,ZEI-6-MM9531,Epic,Future Warrior,Dog Addison,Black,Public
5004,ZEI-6-MM1230,Epic,Future Warrior,Rabbit Peyton,White,Public
5005,ZEI-6-MM3296,Epic,Future Warrior,Mouse Kerry,White,Public
5006,ZEI-6-MM5270,Epic,Future Warrior,Cat Jamie,White,Public
5007,ZEI-6-MM9696,Epic,Future Warrior,Dog Drew,White,Public
5008,ZEI-6-MM9865,Epic,Future Warrior,Monkey Frankie,Black,Public
5009,ZEI-6-MM1739,Epic,Future Warrior,Cat Lane,Black,Public
5010,ZEI-6-MM4150,Epic,Future Warrior,Mouse Avery,Black,Public
5011,ZEI-6-MM1258,Epic,Future Warrior,Monkey Dakota,White,Public
5012,ZEI-6-MM5054,Epic,Mighty Warrior,Cat Skyler,Black,Public
5013,ZEI-6-MM9834,Epic,Mighty Warrior,Monkey Parker,White,Public
5014,ZEI-6-MM2003,Epic,Mighty Warrior,Bear Riley,Brown,Public
5015,ZEI-6-MM4170,Epic,Mighty Warrior,Dog Morgan,Black,Public
5016,ZEI-6-MM5692,Epic,Mighty Warrior,Rabbit Peyton,Black,Public
5017,ZEI-6-MM6621,Epic,Mighty Warrior,Cat Casey,Black,Public
5018,ZEI-6-MM1662,Epic,Mighty Warrior,Dog Pat,Black,Public
5019,ZEI-6-MM9498,Epic,Mighty Warrior,Rabbit Tracy,White,Public
5020,ZEI-6-MM4841,Epic,Mighty Warrior,Owl Taylor,Black,Public
5021,ZEI-6-MM9248,Epic,Mighty Warrior,Rabbit Finley,Black,Public
5022,ZEI-6-MM4265,Epic,Mighty Warrior,Cat Dylan,White,Public
5023,ZEI-6-MM5932,Epic,Mighty Warrior,Mouse Mackenzie,White,Public
5024,ZEI-6-MM5146,Epic,Mighty Warrior,Cat Rowan,White,Public
5025,ZEI-6-MM4923,Epic,Ronin,Mouse Avery,White,Public
5026,ZEI-6-MM9263,Epic,Ronin,Mouse Rory,Black,Public
5027,ZEI-6-MM2138,Epic,Ronin,Rabbit Jesse,White,Public
5028,ZEI-6-MM6807,Epic,Ronin,Dog Cameron,White,Public
5029,ZEI-6-MM4426,Epic,Ronin,Owl Devin,White,Public
5030,ZEI-6-MM5702,Epic,Ronin,Rabbit Ashton,White,Public
5031,ZEI-6-MM6649,Epic,Ronin,Dog Morgan,Black,Public
5032,ZEI-6-MM1298,Epic,Ronin,Bear Dana,Black,Public
5033,ZEI-6-MM8594,Epic,Ronin,Mouse Mackenzie,White,Public
5034,ZEI-6-MM8068,Epic,Ronin,Owl Taylor,Black,Public
5035,ZEI-6-MM9835,Epic,Swordsman,Rabbit Logan,White,Public
5036,ZEI-6-MM4782,Epic,Swordsman,Cat Marley,Black,Public
5037,ZEI-6-MM6367,Epic,Swordsman,Rabbit Tracy,White,Public
5038,ZEI-6-MM7985,Epic,Swordsman,Rabbit Kyle,Black,Public
5039,ZEI-6-MM5275,Epic,Swordsman,Cat Dylan,White,Public
5040,ZEI-6-MM8854,Epic,Swordsman,Mouse Avery,White,Public
5041,ZEI-6-MM7052,Epic,Swordsman,Monkey Charlie,Brown,Public
5042,ZEI-6-MM2149,Epic,Swordsman,Dog Cameron,White,Public
5043,ZEI-6-MM1988,Epic,Swordsman,Owl Taylor Brown,Brown,Public
5044,ZEI-6-MM3848,Epic,Swordsman,Dog Drew,Black,Public
5045,ZEI-6-MM4428,Epic,Swordsman,Dog Addison,White,Public
5046,ZEI-6-MM9067,Epic,Swordsman,Monkey Dakota,Black,Public
5047,ZEI-6-MM1397,Epic,Swordsman,Dog Morgan,Black,Public
5048,ZEI-6-MM5965,Epic,Swordsman,Cat Adrian,Black,Public
5049,ZEI-6-MM4058,Epic,Swordsman,Cat Lane,White,Public
5050,ZEI-6-MM4158,Epic,Swordsman,Monkey Ripley,Black,Public
5051,ZEI-6-MM3081,Epic,Ninja,Cat Jamie,Black,Public
5052,ZEI-6-MM4832,Epic,Ninja,Rabbit Ashton,White,Public
5053,ZEI-6-MM2849,Epic,Ninja,Monkey Hayden,Black,Public
5054,ZEI-6-MM6504,Epic,Ninja,Monkey Parker,White,Public
5055,ZEI-6-MM2671,Epic,Ninja,Monkey Charlie,Brown,Public
5056,ZEI-6-MM1234,Epic,Ninja,Monkey Frankie,White,Public
5057,ZEI-6-MM6513,Epic,Ninja,Rabbit Jesse,White,Public
5058,ZEI-6-MM7990,Epic,Phantom,Mouse Avery,White,Public
5059,ZEI-6-MM9509,Epic,Phantom,Cat Ellis,Black,Public
5060,ZEI-6-MM5255,Epic,Phantom,Monkey Ripley,Black,Public
5061,ZEI-6-MM5355,Epic,Phantom,Mouse Kerry,Black,Public
5062,ZEI-6-MM5616,Epic,Phantom,Dog Bailey,Black,Public
5063,ZEI-6-MM3864,Epic,Phantom,Cat Marley,Black,Public
5064,ZEI-6-MM3514,Epic,Phantom,Bear Dana,Black,Public
5065,ZEI-6-MM9768,Epic,Phantom,Dog Noel,White,Public
5066,ZEI-6-MM5852,Epic,Phantom,Rabbit Ashton,White,Public
5067,ZEI-6-MM1091,Epic,Phantom,Monkey Parker,White,Public
5068,ZEI-6-MM3155,Epic,Phantom,Dog Drew,Black,Public
5069,ZEI-6-MM3373,Epic,Phantom,Owl Taylor Brown,Brown,Public
5070,ZEI-6-MM5106,Epic,Phantom,Mouse Mackenzie,White,Public
5071,ZEI-6-MM8171,Epic,Phantom,Monkey Hayden,Black,Public
5072,ZEI-6-MM8494,Epic,Phantom,Rabbit Tracy,White,Public
5073,ZEI-6-MM6057,Epic,Phantom,Cat Dylan,White,Public
5074,ZEI-6-MM1094,Epic,Mage,Owl Devin,White,Public
5075,ZEI-6-MM2777,Epic,Mage,Mouse Rory,Black,Public
5076,ZEI-6-MM6836,Epic,Mage,Cat Rowan,White,Public
5077,ZEI-6-MM9660,Epic,Mage,Cat Jamie,Black,Public
5078,ZEI-6-MM3854,Epic,Mage,Dog Hunter,Black,Public
5079,ZEI-6-MM3230,Epic,Mage,Cat Skyler,Black,Public
5080,ZEI-6-MM1549,Epic,Mage,Cat Blair,White,Public
5081,ZEI-6-MM1837,Epic,Mage,Dog Addison,White,Public
5082,ZEI-6-MM6663,Epic,Mage,Dog Drew,Black,Public
5083,ZEI-6-MM9987,Epic,Mage,Mouse Spencer,White,Public
5084,ZEI-6-MM3836,Epic,Prophet,Dog Cameron,White,Public
5085,ZEI-6-MM7630,Epic,Prophet,Monkey Dakota,Black,Public
5086,ZEI-6-MM3990,Epic,Prophet,Owl Taylor Brown,Brown,Public
5087,ZEI-6-MM2770,Epic,Prophet,Mouse Kerry,Black,Public
5088,ZEI-6-MM9295,Epic,Prophet,Cat Ellis,Black,Public
5089,ZEI-6-MM4435,Epic,Prophet,Cat Adrian,Black,Public
5090,ZEI-6-MM3863,Epic,Prophet,Cat Marley,Black,Public
5091,ZEI-6-MM5966,Epic,Prophet,Mouse Rory,Black,Public
5092,ZEI-6-MM2064,Epic,Prophet,Rabbit Finley,Black,Public
5093,ZEI-6-MM1747,Epic,Prophet,Monkey Ripley,Black,Public
5094,ZEI-6-MM5340,Epic,Prophet,Bear Riley,brown,Public
5095,ZEI-6-MM3270,Epic,Prophet,Cat Blair,White,Public
5096,ZEI-6-MM8901,Epic,Prophet,Monkey Parker,White,Public
5097,ZEI-6-MM1987,Epic,Prophet,Cat Skyler,Black,Public
5098,ZEI-6-MM4260,Epic,Prophet,Dog Pat,Black,Public
5099,ZEI-6-MM5631,Epic,Prophet,Rabbit Peyton,Black,Public
5100,ZEI-6-MM2933,Epic,Astrologist,Rabbit Jesse,White,Public
5101,ZEI-6-MM8025,Epic,Astrologist,Mouse Spencer,White,Public
5102,ZEI-6-MM1757,Epic,Astrologist,Cat Jamie,Black,Public
5103,ZEI-6-MM6623,Epic,Astrologist,Cat Harper,White,Public
5104,ZEI-6-MM8829,Epic,Astrologist,Mouse Rory,Black,Public
5105,ZEI-6-MM6580,Epic,Astrologist,Monkey Arden,Brown,Public
5106,ZEI-6-MM7379,Epic,Astrologist,Dog Drew,Black,Public
5107,ZEI-6-MM5343,Epic,Astrologist,Dog Bailey,Black,Public
5108,ZEI-6-MM1541,Epic,Astrologist,Rabbit Kyle,Black,Public
5109,ZEI-6-MM6757,Epic,Astrologist,Dog Emerson,White,Public
5110,ZEI-6-MM9186,Epic,Astrologist,Cat Rowan,White,Public
5111,ZEI-6-MM5622,Epic,Astrologist,Rabbit Ashton,White,Public
5112,ZEI-6-MM7324,Epic,Astrologist,Dog Addison,White,Public
5113,ZEI-6-MM8517,Epic,Astrologist,Cat Blair,White,Public
5114,ZEI-6-MM3846,Epic,Astrologist,Rabbit Logan,White,Public
5115,ZEI-6-MM7874,Epic,Astrologist,Dog Cameron,White,Public
5116,ZEI-6-MM9710,Epic,Astrologist,Rabbit Finley,Black,Public
5117,ZEI-6-MM5984,Epic,Astrologist,Mouse Kerry,Black,Public
5118,ZEI-6-MM8681,Epic,Astrologist,Dog Noel,White,Public
5119,ZEI-6-MM1276,Epic,Astrologist,Owl Devin,White,Public
5120,ZEI-6-MM1366,Epic,Astrologist,Cat Marley,Black,Public
5121,ZEI-6-MM3947,Epic,Astrologist,Cat Dylan,White,Public
5122,ZEI-6-MM4258,Rare,Captain,Monkey Parker,White,Public
5123,ZEI-6-MM8713,Rare,Captain,Mouse Kerry,Black,Public
5124,ZEI-6-MM4659,Rare,Captain,Monkey Arden,Brown,Public
5125,ZEI-6-MM1792,Rare,Captain,Rabbit Jesse,White,Public
5126,ZEI-6-MM6806,Rare,Captain,Mouse Mackenzie,White,Public
5127,ZEI-6-MM9132,Rare,Captain,Bear Dana,Black,Public
5128,ZEI-6-MM9224,Rare,Captain,Dog Bailey,Black,Public
5129,ZEI-6-MM8706,Rare,Captain,Cat Jamie,Black,Public
5130,ZEI-6-MM9678,Rare,Captain,Mouse Avery,White,Public
5131,ZEI-6-MM2472,Rare,Captain,Mouse Spencer,White,Public
5132,ZEI-6-MM1046,Rare,Captain,Cat Harper,White,Public
5133,ZEI-6-MM4127,Rare,Captain,Dog Kai,White,Public
5134,ZEI-6-MM2400,Rare,Captain,Cat Rowan,White,Public
5135,ZEI-6-MM9862,Rare,Captain,Bear Riley,brown,Public
5136,ZEI-6-MM9223,Rare,Captain,Rabbit Peyton,Black,Public
5137,ZEI-6-MM9521,Rare,Captain,Owl Taylor,Black,Public
5138,ZEI-6-MM5639,Rare,Captain,Dog Emerson,White,Public
5139,ZEI-6-MM7674,Rare,Captain,Dog Drew,Black,Public
5140,ZEI-6-MM9539,Rare,Captain,Dog Noel,White,Public
5141,ZEI-6-MM2390,Rare,Mighty Pirate,Rabbit Peyton,Black,Public
5142,ZEI-6-MM8680,Rare,Mighty Pirate,Cat Casey,Black,Public
5143,ZEI-6-MM1290,Rare,Mighty Pirate,Monkey Parker,White,Public
5144,ZEI-6-MM7163,Rare,Mighty Pirate,Rabbit Kyle,Black,Public
5145,ZEI-6-MM8547,Rare,Mighty Pirate,Mouse Kerry,Black,Public
5146,ZEI-6-MM2315,Rare,Mighty Pirate,Rabbit Jesse,White,Public
5147,ZEI-6-MM5492,Rare,Mighty Pirate,Dog Cameron,White,Public
5148,ZEI-6-MM7183,Rare,Mighty Pirate,Dog Drew,Black,Public
5149,ZEI-6-MM5151,Rare,Mighty Pirate,Rabbit Logan,White,Public
5150,ZEI-6-MM9517,Rare,Mighty Pirate,Dog Bailey,Black,Public
5151,ZEI-6-MM3712,Rare,Mighty Pirate,Bear Riley,brown,Public
5152,ZEI-6-MM1645,Rare,Mighty Pirate,Mouse Rory,Black,Public
5153,ZEI-6-MM5739,Rare,Mighty Pirate,Rabbit Finley,Black,Public
5154,ZEI-6-MM4425,Rare,Mighty Pirate,Dog Pat,Black,Public
5155,ZEI-6-MM4974,Rare,Mighty Pirate,Rabbit Ashton,White,Public
5156,ZEI-6-MM9867,Rare,Mighty Pirate,Monkey Ripley,Black,Public
5157,ZEI-6-MM3630,Rare,Mighty Pirate,Owl Devin,White,Public
5158,ZEI-6-MM8877,Rare,Mighty Pirate,Mouse Avery,White,Public
5159,ZEI-6-MM3497,Rare,Detective,Monkey Parker,Black,Public
5160,ZEI-6-MM5330,Rare,Detective,Cat Rowan,Black,Public
5161,ZEI-6-MM4470,Rare,Detective,Owl Taylor,Brown,Public
5162,ZEI-6-MM6323,Rare,Detective,Monkey Hayden,Brown,Public
5163,ZEI-6-MM9719,Rare,Detective,Monkey Dakota,White,Public
5164,ZEI-6-MM4198,Rare,Detective,Dog Kai,Black,Public
5165,ZEI-6-MM2547,Rare,Detective,Rabbit Finley,White,Public
5166,ZEI-6-MM9294,Rare,Detective,Monkey Ripley,Brown,Public
5167,ZEI-6-MM9434,Rare,Detective,Rabbit Logan,Black,Public
5168,ZEI-6-MM9250,Rare,Detective,Dog Addison,Black,Public
5169,ZEI-6-MM7118,Rare,Detective,Dog Hunter,White,Public
5170,ZEI-6-MM6977,Rare,Detective,Bear Riley,Black,Public
5171,ZEI-6-MM4948,Rare,Detective,Rabbit Jesse,Black,Public
5172,ZEI-6-MM9104,Rare,Detective,Mouse Avery,Black,Public
5173,ZEI-6-MM8012,Rare,Detective,Dog Pat,White,Public
5174,ZEI-6-MM8962,Rare,Detective,Dog Morgan,White,Public
5175,ZEI-6-MM1012,Rare,Detective,Cat Ellis,White,Public
5176,ZEI-6-MM9256,Rare,Detective,Mouse Spencer,Black,Public
5177,ZEI-6-MM3335,Rare,Detective,Cat Blair,Black,Public
5178,ZEI-6-MM8349,Rare,Detective,Monkey Blake,Brown,Public
5179,ZEI-6-MM9667,Rare,Hacker,Cat Skyler,White,Public
5180,ZEI-6-MM9720,Rare,Hacker,Owl Devin,Brown,Public
5181,ZEI-6-MM5267,Rare,Hacker,Monkey Charlie,Black,Public
5182,ZEI-6-MM2401,Rare,Hacker,Cat Casey,White,Public
5183,ZEI-6-MM7719,Rare,Hacker,Rabbit Logan,Black,Public
5184,ZEI-6-MM4874,Rare,Hacker,Cat Harper,Black,Public
5185,ZEI-6-MM7710,Rare,Hacker,Dog Bailey,White,Public
5186,ZEI-6-MM6728,Rare,Hacker,Rabbit Peyton,White,Public
5187,ZEI-6-MM1823,Rare,Hacker,Bear Riley,Black,Public
5188,ZEI-6-MM8975,Rare,Hacker,Mouse Spencer,Black,Public
5189,ZEI-6-MM2826,Rare,Hacker,Mouse Avery,Black,Public
5190,ZEI-6-MM8087,Rare,Hacker,Monkey Blake,Brown,Public
5191,ZEI-6-MM4419,Rare,Hacker,Monkey Dakota,White,Public
5192,ZEI-6-MM8142,Rare,Hacker,Rabbit Jesse,Black,Public
5193,ZEI-6-MM9115,Rare,Hacker,Dog Cameron,Black,Public
5194,ZEI-6-MM3699,Rare,Hacker,Cat Lane,Black,Public
5195,ZEI-6-MM3962,Rare,Mighty Master,Monkey Arden,brown,Public
5196,ZEI-6-MM4785,Rare,Mighty Master,Cat Rowan,White,Public
5197,ZEI-6-MM5400,Rare,Mighty Master,Cat Harper,White,Public
5198,ZEI-6-MM1238,Rare,Mighty Master,Monkey Blake,Black,Public
5199,ZEI-6-MM9124,Rare,Mighty Master,Monkey Dakota,Black,Public
5200,ZEI-6-MM8060,Rare,Mighty Master,Cat Casey,Black,Public
5201,ZEI-6-MM5132,Rare,Mighty Master,Cat Blair,White,Public
5202,ZEI-6-MM8846,Rare,Mighty Master,Monkey Charlie,Brown,Public
5203,ZEI-6-MM9799,Rare,Mighty Master,Dog Kai,White,Public
5204,ZEI-6-MM3595,Rare,Mighty Master,Dog Hunter,Black,Public
5205,ZEI-6-MM1089,Rare,Mighty Master,Dog Pat,Black,Public
5206,ZEI-6-MM4838,Rare,Mighty Master,Dog Addison,White,Public
5207,ZEI-6-MM5145,Rare,Mighty Master,Rabbit Logan,White,Public
5208,ZEI-6-MM3596,Rare,Mighty Master,Rabbit Jesse,White,Public
5209,ZEI-6-MM9254,Rare,Mighty Master,Bear Riley,brown,Public
5210,ZEI-6-MM9215,Rare,Mighty Master,Monkey Frankie,White,Public
5211,ZEI-6-MM9579,Rare,Mighty Master,Dog Morgan,Black,Public
5212,ZEI-6-MM9356,Rare,Mighty Master,Cat Lane,White,Public
5213,ZEI-6-MM1364,Rare,Mighty Master,Rabbit Ashton,White,Public
5214,ZEI-6-MM3901,Rare,Mighty Master,Rabbit Kyle,Black,Public
5215,ZEI-6-MM8216,Rare,Priest,Dog Kai,Black,Public
5216,ZEI-6-MM4442,Rare,Priest,Rabbit Jesse,Black,Public
5217,ZEI-6-MM6268,Rare,Priest,Monkey Hayden,Brown,Public
5218,ZEI-6-MM8983,Rare,Priest,Mouse Rory,White,Public
5219,ZEI-6-MM9801,Rare,Priest,Dog Addison,Black,Public
5220,ZEI-6-MM4395,Rare,Priest,Rabbit Tracy,Black,Public
5221,ZEI-6-MM4551,Rare,Priest,Monkey Ripley,Brown,Public
5222,ZEI-6-MM3379,Rare,Priest,Dog Cameron,Black,Public
5223,ZEI-6-MM5527,Rare,Priest,Bear Dana,White,Public
5224,ZEI-6-MM6300,Rare,Priest,Dog Hunter,White,Public
5225,ZEI-6-MM7655,Rare,Priest,Mouse Avery,Black,Public
5226,ZEI-6-MM7072,Rare,Magician,Rabbit Logan,White,Public
5227,ZEI-6-MM8968,Rare,Magician,Monkey Ripley,Black,Public
5228,ZEI-6-MM8831,Rare,Magician,Dog Kai,Black,Public
5229,ZEI-6-MM2024,Rare,Magician,Owl Aubrey,Black,Public
5230,ZEI-6-MM1816,Rare,Magician,Monkey Arden,Brown,Public
5231,ZEI-6-MM3692,Rare,Magician,Cat Harper,Black,Public
5232,ZEI-6-MM9700,Rare,Magician,Cat Skyler,White,Public
5233,ZEI-6-MM7785,Rare,Magician,Mouse Avery,White,Public
5234,ZEI-6-MM9671,Rare,Magician,Mouse Spencer,White,Public
5235,ZEI-6-MM8684,Rare,Magician,Rabbit Jesse,White,Public
5236,ZEI-6-MM1156,Rare,Magician,Monkey Blake,Black,Public
5237,ZEI-6-MM7826,Rare,Magician,Owl Taylor Brown,Brown,Public
5238,ZEI-6-MM9725,Rare,Clown,Cat Lane,White,Public
5239,ZEI-6-MM8997,Rare,Clown,Mouse Rory,White,Public
5240,ZEI-6-MM5751,Rare,Clown,Monkey Hayden,Black,Public
5241,ZEI-6-MM1887,Rare,Clown,Bear Dana,Black,Public
5242,ZEI-6-MM3300,Rare,Clown,Monkey Hayden,Brown,Public
5243,ZEI-6-MM6711,Rare,Clown,Mouse Kerry,White,Public
5244,ZEI-6-MM7807,Rare,Clown,Dog Pat,Black,Public
5245,ZEI-6-MM9599,Rare,Clown,Cat Casey,Black,Public
5246,ZEI-6-MM3954,Rare,Clown,Cat Skyler,Black,Public
5247,ZEI-6-MM2910,Rare,Clown,Monkey Ripley,Brown,Public
5248,ZEI-6-MM3217,Rare,Clown,Cat Harper,White,Public
5249,ZEI-6-MM8607,Rare,Clown,Monkey Ripley,Black,Public
5250,ZEI-6-MM8341,Rare,Clown,Dog Kai,White,Public
5251,ZEI-6-MM9378,Rare,Clown,Dog Bailey,Black,Public
5252,ZEI-6-MM9645,Rare,Clown,Dog Emerson,White,Public
5253,ZEI-6-MM3108,Rare,Clown,Rabbit Kyle,White,Public
5254,ZEI-6-MM8287,Rare,Scientist,Mouse Kerry,White,Public
5255,ZEI-6-MM5001,Rare,Scientist,Monkey Charlie,Black,Public
5256,ZEI-6-MM2420,Rare,Scientist,Rabbit Logan,Black,Public
5257,ZEI-6-MM4052,Rare,Scientist,Cat Casey,White,Public
5258,ZEI-6-MM1187,Rare,Scientist,Dog Bailey,Black,Public
5259,ZEI-6-MM5686,Rare,Scientist,Owl Taylor,Black,Public
5260,ZEI-6-MM8305,Rare,Scientist,Cat Marley,White,Public
5261,ZEI-6-MM9578,Rare,Scientist,Mouse Mackenzie,Black,Public
5262,ZEI-6-MM1461,Rare,Scientist,Monkey Parker,Black,Public
5263,ZEI-6-MM2432,Rare,Scientist,Dog Hunter,White,Public
5264,ZEI-6-MM4573,Rare,Scientist,Cat Ellis,Black,Public
5265,ZEI-6-MM4691,Rare,Scientist,Dog Drew,Black,Public
5266,ZEI-6-MM3001,Rare,Scientist,Cat Skyler,White,Public
5267,ZEI-6-MM6115,Rare,Scientist,Monkey Blake,Brown,Public
5268,ZEI-6-MM4825,Rare,Scientist,Bear Dana,Black,Public
5269,ZEI-6-MM8542,Rare,Scientist,Monkey Ripley,Brown,Public
5270,ZEI-6-MM2066,Rare,Scientist,Monkey Frankie,Black,Public
5271,ZEI-6-MM6123,Rare,Doctor,Cat Jamie,White,Public
5272,ZEI-6-MM3663,Rare,Doctor,Dog Kai,Black,Public
5273,ZEI-6-MM6130,Rare,Doctor,Bear Riley,Black,Public
5274,ZEI-6-MM6152,Rare,Doctor,Rabbit Logan,Black,Public
5275,ZEI-6-MM8655,Rare,Doctor,Owl Aubrey,White,Public
5276,ZEI-6-MM5638,Rare,Doctor,Cat Skyler,White,Public
5277,ZEI-6-MM9231,Rare,Doctor,Mouse Kerry,White,Public
5278,ZEI-6-MM5644,Rare,Doctor,Mouse Rory,White,Public
5279,ZEI-6-MM3731,Rare,Doctor,Cat Blair,Black,Public
5280,ZEI-6-MM3697,Rare,Doctor,Rabbit Kyle,White,Public
5281,ZEI-6-MM4634,Rare,Doctor,Monkey Hayden,Brown,Public
5282,ZEI-6-MM1722,Rare,Doctor,Mouse Avery,Black,Public
5283,ZEI-6-MM5865,Rare,Doctor,Dog Hunter,White,Public
5284,ZEI-6-MM2135,Rare,Doctor,Cat Marley,White,Public
5285,ZEI-6-MM9008,Rare,Doctor,Owl Devin Brown,Brown,Public
5286,ZEI-6-MM6435,Common,Mighty Boxer,Cat Adrian,Black,Public
5287,ZEI-6-MM3145,Common,Mighty Boxer,Monkey Hayden,Black,Public
5288,ZEI-6-MM4544,Common,Mighty Boxer,Owl Devin,White,Public
5289,ZEI-6-MM1286,Common,Mighty Boxer,Dog Kai,White,Public
5290,ZEI-6-MM6959,Common,Mighty Boxer,Dog Morgan,Black,Public
5291,ZEI-6-MM2519,Common,Mighty Boxer,Mouse Rory,Black,Public
5292,ZEI-6-MM9037,Common,Mighty Boxer,Mouse Kerry,Black,Public
5293,ZEI-6-MM4067,Common,Mighty Boxer,Cat Marley,Black,Public
5294,ZEI-6-MM7173,Common,Mighty Boxer,Owl Aubrey,Black,Public
5295,ZEI-6-MM4745,Common,Mighty Boxer,Dog Noel,White,Public
5296,ZEI-6-MM5214,Common,Mighty Boxer,Dog Bailey,Black,Public
5297,ZEI-6-MM4901,Common,Mighty Boxer,Dog Drew,Black,Public
5298,ZEI-6-MM9790,Common,Mighty Boxer,Mouse Mackenzie,White,Public
5299,ZEI-6-MM8563,Common,Mighty Boxer,Monkey Parker,White,Public
5300,ZEI-6-MM9446,Common,Mighty Boxer,Rabbit Kyle,Black,Public
5301,ZEI-6-MM8592,Common,Mighty Boxer,Cat Skyler,Black,Public
5302,ZEI-6-MM3898,Common,Mighty Boxer,Dog Hunter,Black,Public
5303,ZEI-6-MM2361,Common,Mighty Police,Dog Kai,White,Public
5304,ZEI-6-MM8173,Common,Mighty Police,Cat Harper,White,Public
5305,ZEI-6-MM1909,Common,Mighty Police,Monkey Arden,brown,Public
5306,ZEI-6-MM1146,Common,Mighty Police,Monkey Ripley,Black,Public
5307,ZEI-6-MM5740,Common,Mighty Police,Monkey Dakota,Black,Public
5308,ZEI-6-MM9984,Common,Mighty Police,Bear Riley,Brown,Public
5309,ZEI-6-MM4018,Common,Mighty Police,Cat Rowan,White,Public
5310,ZEI-6-MM1267,Common,Mighty Police,Rabbit Finley,Black,Public
5311,ZEI-6-MM1947,Common,Mighty Police,Dog Noel,White,Public
5312,ZEI-6-MM4307,Common,Mighty Police,Cat Blair,White,Public
5313,ZEI-6-MM6468,Common,Mighty Police,Cat Casey,Black,Public
5314,ZEI-6-MM6604,Common,Mighty Police,Mouse Spencer,White,Public
5315,ZEI-6-MM3168,Common,Mighty Police,Mouse Kerry,Black,Public
5316,ZEI-6-MM5919,Common,Mighty Police,Owl Aubrey,Black,Public
5317,ZEI-6-MM9240,Common,Mighty Police,Dog Addison,White,Public
5318,ZEI-6-MM2435,Common,Mighty Police,Rabbit Logan,White,Public
5319,ZEI-6-MM3922,Common,Mighty Police,Monkey Parker,White,Public
5320,ZEI-6-MM5590,Common,Mighty Police,Dog Hunter,Black,Public
5321,ZEI-6-MM2602,Common,Mighty Police,Dog Bailey,Black,Public
5322,ZEI-6-MM2089,Common,Mighty Police,Rabbit Jesse,White,Public
5323,ZEI-6-MM7652,Common,Mighty Police,Dog Morgan,Black,Public
5324,ZEI-6-MM9450,Common,Mighty Police,Rabbit Ashton,White,Public
5325,ZEI-6-MM8276,Common,Citizen,Cat Ellis,White,Public
5326,ZEI-6-MM3434,Common,Citizen,Monkey Frankie,White,Public
5327,ZEI-6-MM1005,Common,Citizen,Owl Taylor Brown,Brown,Public
5328,ZEI-6-MM4123,Common,Citizen,Dog Noel,White,Public
5329,ZEI-6-MM8271,Common,Citizen,Bear Dana,White,Public
5330,ZEI-6-MM9912,Common,Citizen,Dog Kai,Black,Public
5331,ZEI-6-MM6636,Common,Citizen,Owl Aubrey,Black,Public
5332,ZEI-6-MM3438,Common,Citizen,Dog Cameron,Black,Public
5333,ZEI-6-MM8668,Common,Citizen,Dog Bailey,White,Public
5334,ZEI-6-MM5430,Common,Citizen,Dog Pat,Black,Public
5335,ZEI-6-MM3722,Common,Citizen,Rabbit Finley,Black,Public
5336,ZEI-6-MM7385,Common,Citizen,Cat Casey,White,Public
5337,ZEI-6-MM2403,Common,Citizen,Dog Drew,White,Public
5338,ZEI-6-MM3084,Common,Citizen,Cat Skyler,White,Public
5339,ZEI-6-MM4374,Common,Citizen,Dog Morgan,White,Public
5340,ZEI-6-MM4931,Common,Citizen,Rabbit Tracy,White,Public
5341,ZEI-6-MM7850,Common,Citizen,Cat Adrian,White,Public
5342,ZEI-6-MM8890,Common,Citizen,Mouse Rory,Black,Public
5343,ZEI-6-MM6116,Common,Citizen,Cat Rowan,Black,Public
5344,ZEI-6-MM8818,Common,Citizen,Bear Riley,Black,Public
5345,ZEI-6-MM5757,Common,Citizen,Cat Jamie,White,Public
5346,ZEI-6-MM9932,Common,Citizen,Rabbit Finley,Black,Public
5347,ZEI-6-MM1931,Common,Citizen,Monkey Frankie,White,Public
5348,ZEI-6-MM3023,Common,Citizen,Cat Harper,White,Public
5349,ZEI-6-MM9414,Common,Citizen,Dog Noel,White,Public
5350,ZEI-6-MM7673,Common,Citizen,Monkey Charlie,Brown,Public
5351,ZEI-6-MM6315,Common,Citizen,Rabbit Kyle,Black,Public
5352,ZEI-6-MM5043,Common,Citizen,Dog Bailey,Black,Public
5353,ZEI-6-MM8673,Common,Citizen,Rabbit Jesse,White,Public
5354,ZEI-6-MM7038,Common,Citizen,Monkey Dakota,Black,Public
5355,ZEI-6-MM9258,Common,Citizen,Mouse Kerry,Black,Public
5356,ZEI-6-MM5213,Common,Citizen,Bear Riley,brown,Public
5357,ZEI-6-MM1385,Common,Citizen,Cat Skyler,Black,Public
5358,ZEI-6-MM8500,Common,Citizen,Dog Pat,Black,Public
5359,ZEI-6-MM6611,Common,Citizen,Cat Rowan,White,Public
5360,ZEI-6-MM3397,Common,Citizen,Cat Adrian,Black,Public
5361,ZEI-6-MM1530,Common,Citizen,Dog Kai,White,Public
5362,ZEI-6-MM8826,Common,Citizen,Monkey Hayden,Black,Public
5363,ZEI-6-MM6052,Common,Citizen,Mouse Rory,Black,Public
5364,ZEI-6-MM6498,Common,Citizen,Mouse Mackenzie,White,Public
5365,ZEI-6-MM7451,Common,Citizen,Monkey Blake,Black,Public
5366,ZEI-6-MM2515,Common,Citizen,Owl Devin,White,Public
5367,ZEI-6-MM1220,Common,Citizen,Owl Aubrey,Black,Public
5368,ZEI-6-MM2184,Common,Citizen,Monkey Ripley,Black,Public
5369,ZEI-6-MM6008,Common,Citizen,Cat Adrian,White,Public
5370,ZEI-6-MM6543,Common,Citizen,Cat Ellis,White,Public
5371,ZEI-6-MM4765,Common,Citizen,Monkey Charlie,Brown,Public
5372,ZEI-6-MM1266,Common,Citizen,Mouse Kerry,Black,Public
5373,ZEI-6-MM6429,Common,Citizen,Dog Noel,White,Public
5374,ZEI-6-MM5960,Common,Citizen,Cat Dylan,Black,Public
5375,ZEI-6-MM1894,Common,Citizen,Dog Bailey,White,Public
5376,ZEI-6-MM8326,Common,Citizen,Owl Devin,White,Public
5377,ZEI-6-MM3889,Common,Citizen,Rabbit Jesse,White,Public
5378,ZEI-6-MM3696,Common,Citizen,Rabbit Ashton,White,Public
5379,ZEI-6-MM7755,Common,Citizen,Rabbit Tracy,White,Public
5380,ZEI-6-MM8783,Common,Citizen,Rabbit Logan,White,Public
5381,ZEI-6-MM3014,Common,Citizen,Rabbit Kyle,Black,Public
5382,ZEI-6-MM5349,Common,Citizen,Bear Riley,Black,Public
5383,ZEI-6-MM9277,Common,Citizen,Cat Lane,Black,Public
5384,ZEI-6-MM5937,Common,Citizen,Bear Dana,White,Public
5385,ZEI-6-MM1226,Common,Citizen,Cat Casey,White,Public
5386,ZEI-6-MM1687,Common,Student,Dog Emerson,Black,Public
5387,ZEI-6-MM8986,Common,Student,Dog Drew,White,Public
5388,ZEI-6-MM5318,Common,Student,Rabbit Ashton,White,Public
5389,ZEI-6-MM7657,Common,Student,Monkey Arden,Brown,Public
5390,ZEI-6-MM4756,Common,Student,Dog Hunter,White,Public
5391,ZEI-6-MM9481,Common,Student,Monkey Parker,White,Public
5392,ZEI-6-MM6801,Common,Student,Dog Noel,White,Public
5393,ZEI-6-MM6515,Common,Student,Cat Blair,Black,Public
5394,ZEI-6-MM2701,Common,Student,Mouse Avery,White,Public
5395,ZEI-6-MM7819,Common,Student,Owl Devin,White,Public
5396,ZEI-6-MM7694,Common,Student,Mouse Spencer,White,Public
5397,ZEI-6-MM4542,Common,Student,Mouse Rory,Black,Public
5398,ZEI-6-MM7975,Common,Student,Dog Pat,Black,Public
5399,ZEI-6-MM5873,Common,Student,Cat Casey,White,Public
5400,ZEI-6-MM1598,Common,Student,Monkey Blake,Black,Public
5401,ZEI-6-MM6170,Common,Student,Cat Marley,White,Public
5402,ZEI-6-MM9543,Common,Student,Dog Kai,Black,Public
5403,ZEI-6-MM7909,Common,Mighty Citizen,Cat Jamie,Black,Public
5404,ZEI-6-MM3524,Common,Mighty Citizen,Mouse Spencer,White,Public
5405,ZEI-6-MM2686,Common,Mighty Citizen,Monkey Frankie,White,Public
5406,ZEI-6-MM9050,Common,Mighty Citizen,Monkey Charlie,Brown,Public
5407,ZEI-6-MM4054,Common,Mighty Citizen,Dog Drew,Black,Public
5408,ZEI-6-MM7740,Common,Mighty Citizen,Dog Kai,White,Public
5409,ZEI-6-MM4867,Common,Mighty Citizen,Rabbit Ashton,White,Public
5410,ZEI-6-MM5580,Common,Mighty Citizen,Owl Devin,White,Public
5411,ZEI-6-MM1861,Common,Mighty Citizen,Rabbit Tracy,White,Public
5412,ZEI-6-MM8523,Common,Mighty Citizen,Monkey Blake,Black,Public
5413,ZEI-6-MM4914,Common,Mighty Citizen,Monkey Parker,White,Public
5414,ZEI-6-MM8461,Common,Mighty Citizen,Dog Pat,Black,Public
5415,ZEI-6-MM7865,Common,Mighty Citizen,Dog Cameron,White,Public
5416,ZEI-6-MM7988,Common,Mighty Citizen,Rabbit Logan,White,Public
5417,ZEI-6-MM9771,Common,Mighty Citizen,Cat Harper,White,Public
5418,ZEI-6-MM3909,Common,Mighty Citizen,Monkey Hayden,Black,Public
5419,ZEI-6-MM9533,Common,Mighty Citizen,Bear Dana,White,Public
5420,ZEI-6-MM1777,Common,Mighty Citizen,Rabbit Finley,Black,Public
5421,ZEI-6-MM7350,Common,Mighty Citizen,Bear Riley,Brown,Public
5422,ZEI-6-MM1175,Common,Mighty Citizen,Monkey Dakota,Black,Public
5423,ZEI-6-MM5676,Common,Citizen,Monkey Blake,Black,Public
5424,ZEI-6-MM2977,Common,Citizen,Monkey Ripley,Black,Public
5425,ZEI-6-MM5012,Common,Citizen,Monkey Charlie,Brown,Public
5426,ZEI-6-MM4830,Common,Citizen,Owl Taylor,Black,Public
5427,ZEI-6-MM1835,Common,Citizen,Dog Cameron,Black,Public
5428,ZEI-6-MM5545,Common,Citizen,Monkey Parker,White,Public
5429,ZEI-6-MM3218,Common,Citizen,Cat Lane,Black,Public
5430,ZEI-6-MM2217,Common,Citizen,Rabbit Peyton,Black,Public
5431,ZEI-6-MM6216,Common,Citizen,Rabbit Ashton,White,Public
5432,ZEI-6-MM8380,Common,Citizen,Cat Marley,White,Public
5433,ZEI-6-MM4267,Common,Citizen,Monkey Frankie,White,Public
5434,ZEI-6-MM6228,Common,Citizen,Cat Adrian,White,Public
5435,ZEI-6-MM6672,Common,Citizen,Rabbit Jesse,White,Public
5436,ZEI-6-MM5082,Common,Citizen,Dog Morgan,White,Public
5437,ZEI-6-MM2706,Common,Citizen,Cat Ellis,White,Public
5438,ZEI-6-MM3006,Common,Citizen,Mouse Avery,White,Public
5439,ZEI-6-MM1735,Common,Citizen,Monkey Arden,Brown,Public
5440,ZEI-6-MM7466,Common,Citizen,Dog Noel,White,Public
5441,ZEI-6-MM9301,Common,Citizen,Mouse Avery,White,Public
5442,ZEI-6-MM9541,Common,Citizen,Cat Marley,White,Public
5443,ZEI-6-MM8632,Common,Citizen,Monkey Parker,White,Public
5444,ZEI-6-MM1504,Common,Citizen,Cat Harper,Black,Public
5445,ZEI-6-MM2616,Common,Citizen,Cat Adrian,White,Public
5446,ZEI-6-MM6605,Common,Citizen,Monkey Ripley,Black,Public
5447,ZEI-6-MM9885,Common,Citizen,Owl Taylor,Black,Public
5448,ZEI-6-MM8723,Common,Citizen,Cat Blair,Black,Public
5449,ZEI-6-MM8687,Common,Citizen,Dog Kai,Black,Public
5450,ZEI-6-MM7164,Common,Citizen,Cat Skyler,White,Public
5451,ZEI-6-MM4639,Common,Citizen,Bear Dana,White,Public
5452,ZEI-6-MM4772,Common,Citizen,Dog Emerson,Black,Public
5453,ZEI-6-MM2670,Common,Citizen,Dog Pat,Black,Public
5454,ZEI-6-MM3828,Common,Citizen,Cat Dylan,Black,Public
5455,ZEI-6-MM8447,Common,Citizen,Monkey Dakota,Black,Public
5456,ZEI-6-MM9964,Common,Citizen,Dog Noel,White,Public
5457,ZEI-6-MM1781,Common,Citizen,Monkey Arden,Brown,Public
5458,ZEI-6-MM3431,Common,Citizen,Dog Drew,White,Public
5459,ZEI-6-MM8303,Common,Citizen,Mouse Spencer,White,Public
5460,ZEI-6-MM9611,Common,Citizen,Mouse Mackenzie,White,Public
5461,ZEI-6-MM5062,Common,Citizen,Owl Taylor,Black,Public
5462,ZEI-6-MM7288,Common,Citizen,Rabbit Jesse,White,Public
5463,ZEI-6-MM6653,Common,Citizen,Dog Cameron,Black,Public
5464,ZEI-6-MM1829,Common,Citizen,Bear Riley,Black,Public
5465,ZEI-6-MM1248,Common,Citizen,Cat Jamie,White,Public
5466,ZEI-6-MM4839,Common,Citizen,Monkey Arden,Brown,Public
5467,ZEI-6-MM5327,Common,Citizen,Mouse Rory,Black,Public
5468,ZEI-6-MM4902,Common,Citizen,Bear Dana,White,Public
5469,ZEI-6-MM5333,Common,Citizen,Rabbit Tracy,White,Public
5470,ZEI-6-MM3816,Common,Citizen,Cat Lane,Black,Public
5471,ZEI-6-MM7316,Common,Citizen,Monkey Hayden,Black,Public
5472,ZEI-6-MM3283,Common,Citizen,Owl Aubrey,Black,Public
5473,ZEI-6-MM5800,Common,Citizen,Cat Rowan,Black,Public
5474,ZEI-6-MM5481,Common,Citizen,Mouse Avery,White,Public
5475,ZEI-6-MM6107,Common,Citizen,Cat Ellis,White,Public
5476,ZEI-6-MM3843,Common,Citizen,Dog Pat,Black,Public
5477,ZEI-6-MM4790,Common,Citizen,Rabbit Kyle,Black,Public
5478,ZEI-6-MM9687,Common,Citizen,Rabbit Kyle,Black,Public
5479,ZEI-6-MM7113,Common,Citizen,Dog Hunter,White,Public
5480,ZEI-6-MM1076,Common,Citizen,Mouse Kerry,Black,Public
5481,ZEI-6-MM3051,Common,Citizen,Cat Skyler,White,Public
5482,ZEI-6-MM1080,Common,Citizen,Rabbit Finley,Black,Public
5483,ZEI-6-MM4658,Common,Citizen,Dog Drew,White,Public
5484,ZEI-6-MM5071,Common,Citizen,Dog Emerson,Black,Public
5485,ZEI-6-MM7951,Common,Citizen,Mouse Avery,White,Public
5486,ZEI-6-MM2357,Common,Citizen,Dog Bailey,White,Public
5487,ZEI-6-MM4527,Common,Citizen,Monkey Ripley,Black,Public
5488,ZEI-6-MM5236,Common,Citizen,Rabbit Logan,White,Public
5489,ZEI-6-MM8475,Common,Citizen,Cat Marley,White,Public
5490,ZEI-6-MM1492,Common,Citizen,Dog Kai,Black,Public
5491,ZEI-6-MM3720,Common,Citizen,Cat Casey,White,Public
5492,ZEI-6-MM3403,Common,Citizen,Monkey Frankie,White,Public
5493,ZEI-6-MM4725,Common,Citizen,Dog Morgan,Black,Public
5494,ZEI-6-MM3840,Common,Citizen,Mouse Spencer,White,Public
5495,ZEI-6-MM4635,Common,Mighty Gangster,Cat Casey,Black,Public
5496,ZEI-6-MM9351,Common,Mighty Gangster,Cat Jamie,Black,Public
5497,ZEI-6-MM3468,Common,Mighty Gangster,Cat Dylan,White,Public
5498,ZEI-6-MM7996,Common,Mighty Gangster,Cat Marley,Black,Public
5499,ZEI-6-MM6012,Common,Mighty Gangster,Dog Bailey,Black,Public
5500,ZEI-6-MM2505,Common,Mighty Gangster,Cat Adrian,Black,Public
5501,ZEI-6-MM5421,Common,Mighty Gangster,Rabbit Ashton,White,Public
5502,ZEI-6-MM9907,Common,Mighty Gangster,Mouse Rory,Black,Public
5503,ZEI-6-MM8867,Common,Mighty Gangster,Monkey Dakota,Black,Public
5504,ZEI-6-MM6647,Common,Mighty Gangster,Dog Pat,Black,Public
5505,ZEI-6-MM1496,Common,Mighty Gangster,Dog Morgan,Black,Public
5506,ZEI-6-MM5763,Common,Mighty Gangster,Owl Aubrey,Black,Public
5507,ZEI-6-MM9135,Common,Mighty Gangster,Dog Drew,Black,Public
5508,ZEI-6-MM3301,Common,Mighty Gangster,Owl Taylor,Black,Public
5509,ZEI-6-MM5431,Common,Mighty Gangster,Rabbit Logan,White,Public
5510,ZEI-6-MM8688,Common,Mighty Gangster,Cat Lane,White,Public
5511,ZEI-6-MM7724,Common,Mighty Gangster,Mouse Mackenzie,White,Public
5512,ZEI-6-MM2456,Common,Mighty Gangster,Cat Harper,White,Public
5513,ZEI-6-MM8646,Common,Mighty Gangster,Monkey Frankie,White,Public
5514,ZEI-6-MM5153,Common,Mighty Gangster,Monkey Charlie,Brown,Public
5515,ZEI-6-MM4202,Common,Mighty Gangster,Bear Kelly,Black,Public
5516,ZEI-6-MM2050,Rare,Pirate,Mouse Kerry,White,Public
5517,ZEI-6-MM1879,Rare,Pirate,Cat Blair,Black,Public
5518,ZEI-6-MM4933,Rare,Pirate,Dog Drew,White,Public
5519,ZEI-6-MM3995,Rare,Pirate,Rabbit Kyle,White,Public
5520,ZEI-6-MM3960,Rare,Pirate,Rabbit Jesse,Black,Public
5521,ZEI-6-MM5470,Rare,Pirate,Mouse Spencer,Black,Public
5522,ZEI-6-MM1368,Rare,Pirate,Cat Casey,White,Public
5523,ZEI-6-MM3273,Rare,Pirate,Mouse Mackenzie,Black,Public
5524,ZEI-6-MM1168,Rare,Pirate,Dog Hunter,White,Public
5525,ZEI-6-MM4696,Rare,Archaeologist,Rabbit Finley,White,Public
5526,ZEI-6-MM9924,Rare,Archaeologist,Mouse Rory,White,Public
5527,ZEI-6-MM9198,Rare,Archaeologist,Dog Kai,Black,Public
5528,ZEI-6-MM7805,Rare,Archaeologist,Dog Addison,Black,Public
5529,ZEI-6-MM1223,Rare,Archaeologist,Cat Skyler,White,Public
5530,ZEI-6-MM8941,Rare,Archaeologist,Cat Lane,Black,Public
5531,ZEI-6-MM3000,Rare,Archaeologist,Owl Aubrey,White,Public
5532,ZEI-6-MM7036,Rare,Archaeologist,Rabbit Ashton,Black,Public
5533,ZEI-6-MM2115,Rare,Archaeologist,Dog Drew,White,Public
5534,ZEI-6-MM7247,Rare,Archaeologist,Mouse Kerry,White,Public
5535,ZEI-6-MM8690,Rare,Archaeologist,Cat Ellis,White,Public
5536,ZEI-6-MM4687,Rare,Master,Cat Blair,Black,Public
5537,ZEI-6-MM8083,Rare,Master,Bear Dana,White,Public
5538,ZEI-6-MM1214,Rare,Master,Owl Aubrey,Black,Public
5539,ZEI-6-MM1257,Rare,Master,Monkey Ripley,Black,Public
5540,ZEI-6-MM9839,Rare,Master,Cat Dylan,Black,Public
5541,ZEI-6-MM4594,Rare,Master,Mouse Rory,Black,Public
5542,ZEI-6-MM7030,Rare,Master,Monkey Parker,White,Public
5543,ZEI-6-MM4413,Rare,Master,Dog Bailey,White,Public
5544,ZEI-6-MM9312,Rare,Master,Dog Pat,Black,Public
5545,ZEI-6-MM6815,Rare,Master,Cat Rowan,Black,Public
5546,ZEI-6-MM5045,Rare,Master,Monkey Dakota,Black,Public
5547,ZEI-6-MM5665,Rare,Master,Mouse Avery,White,Public
5548,ZEI-6-MM8070,Rare,Martial Artist,Dog Pat,Black,Public
5549,ZEI-6-MM3242,Rare,Martial Artist,Mouse Spencer,White,Public
5550,ZEI-6-MM2585,Rare,Martial Artist,Dog Hunter,White,Public
5551,ZEI-6-MM1925,Rare,Martial Artist,Cat Blair,Black,Public
5552,ZEI-6-MM3980,Rare,Martial Artist,Dog Bailey,White,Public
5553,ZEI-6-MM2282,Rare,Martial Artist,Rabbit Tracy,White,Public
5554,ZEI-6-MM3667,Rare,Martial Artist,Cat Ellis,White,Public
5555,ZEI-6-MM3248,Rare,Martial Artist,Rabbit Logan,White,Public
5556,ZEI-6-MM8545,Rare,Pilot,Monkey Frankie,Black,Public
5557,ZEI-6-MM4110,Rare,Pilot,Monkey Charlie,Black,Public
5558,ZEI-6-MM7940,Rare,Pilot,Mouse Avery,Black,Public
5559,ZEI-6-MM2243,Rare,Pilot,Monkey Hayden,Brown,Public
5560,ZEI-6-MM5516,Rare,Pilot,Monkey Arden,Black,Public
5561,ZEI-6-MM1613,Rare,Pilot,Rabbit Kyle,White,Public
5562,ZEI-6-MM6792,Rare,Pilot,Rabbit Logan,Black,Public
5563,ZEI-6-MM5581,Rare,Pilot,Mouse Rory,White,Public
5564,ZEI-6-MM1339,Rare,Pilot,Dog Bailey,White,Public
5565,ZEI-6-MM5436,Rare,Sailor,Dog Cameron,Black,Public
5566,ZEI-6-MM9869,Rare,Sailor,Cat Adrian,White,Public
5567,ZEI-6-MM7701,Rare,Sailor,Monkey Hayden,Black,Public
5568,ZEI-6-MM5496,Rare,Sailor,Dog Drew,White,Public
5569,ZEI-6-MM5710,Rare,Sailor,Mouse Rory,Black,Public
5570,ZEI-6-MM3521,Rare,Sailor,Monkey Ripley,Black,Public
5571,ZEI-6-MM7225,Rare,Sailor,Mouse Spencer,White,Public
5572,ZEI-6-MM1045,Rare,Sailor,Owl Devin,White,Public
5573,ZEI-6-MM8847,Rare,Sailor,Rabbit Tracy,White,Public
5574,ZEI-6-MM4279,Rare,Sailor,Dog Bailey,White,Public
5575,ZEI-6-MM8112,Rare,Sailor,Cat Skyler,White,Public
5576,ZEI-6-MM9840,Rare,Singer,Cat Skyler,White,Public
5577,ZEI-6-MM1760,Rare,Singer,Rabbit Kyle,Black,Public
5578,ZEI-6-MM8504,Rare,Singer,Rabbit Jesse,White,Public
5579,ZEI-6-MM7096,Rare,Singer,Cat Ellis,White,Public
5580,ZEI-6-MM5704,Rare,Singer,Dog Noel,White,Public
5581,ZEI-6-MM4707,Rare,Singer,Dog Hunter,White,Public
5582,ZEI-6-MM7274,Rare,Singer,Monkey Hayden,Black,Public
5583,ZEI-6-MM3120,Rare,Singer,Bear Dana,White,Public
5584,ZEI-6-MM6690,Rare,Singer,Cat Marley,White,Public
5585,ZEI-6-MM7129,Rare,Singer,Cat Casey,White,Public
5586,ZEI-6-MM7794,Rare,Singer,Rabbit Peyton,Black,Public
5587,ZEI-6-MM5325,Rare,Singer,Dog Cameron,Black,Public
5588,ZEI-6-MM5829,Rare,Singer,Cat Harper,Black,Public
5589,ZEI-6-MM9153,Rare,Singer,Mouse Kerry,Black,Public
5590,ZEI-6-MM9060,Rare,Singer,Dog Kai,Black,Public
5591,ZEI-6-MM2431,Rare,Singer,Mouse Mackenzie,White,Public
5592,ZEI-6-MM1609,Rare,Singer,Mouse Spencer,White,Public
5593,ZEI-6-MM9108,Rare,Singer,Monkey Dakota,Black,Public
5594,ZEI-6-MM4207,Rare,Singer,Rabbit Finley,Black,Public
5595,ZEI-6-MM9573,Rare,Singer,Dog Drew,White,Public
5596,ZEI-6-MM1771,Rare,Singer,Rabbit Logan,White,Public
5597,ZEI-6-MM2201,Common,Boxer,Cat Blair,Black,Public
5598,ZEI-6-MM4506,Common,Boxer,Cat Skyler,Black,Public
5599,ZEI-6-MM3934,Common,Boxer,Rabbit Ashton,Black,Public
5600,ZEI-6-MM9904,Common,Boxer,Rabbit Logan,Black,Public
5601,ZEI-6-MM3566,Common,Boxer,Dog Drew,Black,Public
5602,ZEI-6-MM4311,Common,Boxer,Cat Lane,Black,Public
5603,ZEI-6-MM7902,Common,Boxer,Cat Casey,White,Public
5604,ZEI-6-MM1831,Common,Boxer,Mouse Spencer,White,Public
5605,ZEI-6-MM4863,Common,Boxer,Rabbit Ashton,White,Public
5606,ZEI-6-MM2882,Common,Boxer,Cat Jamie,White,Public
5607,ZEI-6-MM4795,Common,Boxer,Monkey Arden,Brown,Public
5608,ZEI-6-MM2738,Common,Boxer,Cat Skyler,White,Public
5609,ZEI-6-MM8442,Common,Artist,Cat Casey,White,Public
5610,ZEI-6-MM2488,Common,Artist,Dog Hunter,White,Public
5611,ZEI-6-MM3968,Common,Artist,Rabbit Logan,White,Public
5612,ZEI-6-MM6174,Common,Artist,Monkey Ripley,Black,Public
5613,ZEI-6-MM6466,Common,Artist,Dog Morgan,White,Public
5614,ZEI-6-MM5752,Common,Artist,Dog Emerson,Black,Public
5615,ZEI-6-MM5902,Common,Artist,Mouse Mackenzie,White,Public
5616,ZEI-6-MM2073,Common,Artist,Cat Adrian,White,Public
5617,ZEI-6-MM3351,Common,Artist,Cat Marley,White,Public
5618,ZEI-6-MM8803,Common,Artist,Dog Cameron,Black,Public
5619,ZEI-6-MM2302,Common,Artist,Monkey Frankie,White,Public
5620,ZEI-6-MM4723,Common,Artist,Mouse Avery,White,Public
5621,ZEI-6-MM3245,Common,Artist,Monkey Hayden,Black,Public
5622,ZEI-6-MM9659,Common,Artist,Bear Dana,White,Public
5623,ZEI-6-MM8995,Common,Artist,Mouse Spencer,White,Public
5624,ZEI-6-MM3967,Common,Artist,Dog Kai,Black,Public
5625,ZEI-6-MM5067,Common,Musician,Monkey Arden,Brown,Public
5626,ZEI-6-MM9117,Common,Musician,Cat Dylan,Black,Public
5627,ZEI-6-MM8009,Common,Musician,Dog Bailey,White,Public
5628,ZEI-6-MM3646,Common,Musician,Cat Jamie,White,Public
5629,ZEI-6-MM6930,Common,Musician,Monkey Hayden,Black,Public
5630,ZEI-6-MM8660,Common,Musician,Monkey Frankie,White,Public
5631,ZEI-6-MM8309,Common,Musician,Rabbit Ashton,White,Public
5632,ZEI-6-MM4993,Common,Musician,Dog Addison,Black,Public
5633,ZEI-6-MM7888,Common,Musician,Cat Rowan,Black,Public
5634,ZEI-6-MM4246,Common,Musician,Owl Devin,White,Public
5635,ZEI-6-MM7722,Common,Musician,Monkey Dakota,Black,Public
5636,ZEI-6-MM6527,Common,Musician,Monkey Ripley,Black,Public
5637,ZEI-6-MM3002,Common,Musician,Dog Pat,Black,Public
5638,ZEI-6-MM3619,Common,Musician,Cat Marley,White,Public
5639,ZEI-6-MM7683,Common,Musician,Cat Casey,White,Public
5640,ZEI-6-MM2899,Common,Chef,Rabbit Peyton,Black,Public
5641,ZEI-6-MM9714,Common,Chef,Rabbit Logan,White,Public
5642,ZEI-6-MM7323,Common,Chef,Cat Lane,Black,Public
5643,ZEI-6-MM8437,Common,Chef,Owl Aubrey,Black,Public
5644,ZEI-6-MM6287,Common,Chef,Monkey Parker,White,Public
5645,ZEI-6-MM9515,Common,Chef,Dog Emerson,Black,Public
5646,ZEI-6-MM1608,Common,Chef,Dog Noel,White,Public
5647,ZEI-6-MM9110,Common,Chef,Rabbit Tracy,White,Public
5648,ZEI-6-MM3498,Common,Chef,Dog Drew,White,Public
5649,ZEI-6-MM4203,Common,Chef,Mouse Kerry,Black,Public
5650,ZEI-6-MM7484,Common,Chef,Dog Kai,Black,Public
5651,ZEI-6-MM1656,Common,Chef,Cat Dylan,Black,Public
5652,ZEI-6-MM2914,Common,Chef,Cat Casey,White,Public
5653,ZEI-6-MM7065,Common,Chef,Cat Jamie,White,Public
5654,ZEI-6-MM3567,Common,Chef,Rabbit Finley,Black,Public
5655,ZEI-6-MM5690,Common,Chef,Monkey Charlie,Brown,Public
5656,ZEI-6-MM3759,Common,Chef,Monkey Arden,Brown,Public
5657,ZEI-6-MM1394,Common,Chef,Cat Blair,Black,Public
5658,ZEI-6-MM1303,Common,Chef,Owl Devin,White,Public
5659,ZEI-6-MM1634,Common,Chef,Dog Bailey,White,Public
5660,ZEI-6-MM5499,Common,Chef,Monkey Frankie,White,Public
5661,ZEI-6-MM9061,Common,Server,Monkey Ripley,Black,Public
5662,ZEI-6-MM8561,Common,Server,Dog Drew,White,Public
5663,ZEI-6-MM5821,Common,Server,Cat Dylan,Black,Public
5664,ZEI-6-MM9961,Common,Server,Rabbit Peyton,Black,Public
5665,ZEI-6-MM8385,Common,Server,Cat Harper,Black,Public
5666,ZEI-6-MM2657,Common,Server,Mouse Avery,White,Public
5667,ZEI-6-MM4979,Common,Server,Dog Addison,Black,Public
5668,ZEI-6-MM9915,Common,Server,Monkey Arden,Brown,Public
5669,ZEI-6-MM6837,Common,Server,Cat Ellis,White,Public
5670,ZEI-6-MM9866,Common,Server,Owl Devin,White,Public
5671,ZEI-6-MM4847,Common,Server,Dog Kai,Black,Public
5672,ZEI-6-MM8354,Common,Server,Rabbit Finley,Black,Public
5673,ZEI-6-MM5363,Common,Server,Monkey Charlie,Brown,Public
5674,ZEI-6-MM5824,Common,Server,Cat Adrian,White,Public
5675,ZEI-6-MM5954,Common,Server,Cat Blair,Black,Public
5676,ZEI-6-MM2084,Common,Server,Dog Noel,White,Public
5677,ZEI-6-MM1802,Firefighter,,Owl Aubrey,Black,Public
5678,ZEI-6-MM9813,Firefighter,,Mouse Kerry,Black,Public
5679,ZEI-6-MM8631,Firefighter,,Rabbit Peyton,Black,Public
5680,ZEI-6-MM5198,Firefighter,,Dog Bailey,White,Public
5681,ZEI-6-MM6766,Firefighter,,Monkey Blake,Black,Public
5682,ZEI-6-MM5336,Firefighter,,Mouse Mackenzie,White,Public
5683,ZEI-6-MM9769,Firefighter,,Dog Drew,White,Public
5684,ZEI-6-MM5299,Firefighter,,Monkey Parker,White,Public
5685,ZEI-6-MM5060,Firefighter,,Rabbit Jesse,White,Public
5686,ZEI-6-MM5477,Firefighter,,Cat Lane,Black,Public
5687,ZEI-6-MM5049,Firefighter,,Cat Blair,Black,Public
5688,ZEI-6-MM8931,Firefighter,,Mouse Avery,White,Public
5689,ZEI-6-MM3912,Firefighter,,Monkey Frankie,White,Public
5690,ZEI-6-MM3702,Firefighter,,Cat Casey,White,Public
5691,ZEI-6-MM5618,Firefighter,,Dog Noel,White,Public
5692,ZEI-6-MM6366,Firefighter,,Cat Rowan,Black,Public
5693,ZEI-6-MM8864,Firefighter,,Bear Dana,White,Public
5694,ZEI-6-MM2269,Firefighter,,Monkey Dakota,Black,Public
5695,ZEI-6-MM6125,Firefighter,,Rabbit Logan,White,Public
5696,ZEI-6-MM8278,Common,Diver,Mouse Mackenzie,White,Public
5697,ZEI-6-MM7020,Common,Diver,Dog Cameron,Black,Public
5698,ZEI-6-MM3099,Common,Diver,Rabbit Kyle,Black,Public
5699,ZEI-6-MM4750,Common,Diver,Owl Aubrey,Black,Public
5700,ZEI-6-MM4834,Common,Diver,Cat Rowan,Black,Public
5701,ZEI-6-MM5050,Common,Diver,Mouse Kerry,Black,Public
5702,ZEI-6-MM5809,Common,Diver,Monkey Blake,Black,Public
5703,ZEI-6-MM8072,Common,Diver,Dog Addison,Black,Public
5704,ZEI-6-MM5408,Common,Diver,Dog Kai,Black,Public
5705,ZEI-6-MM9662,Common,Diver,Cat Adrian,White,Public
5706,ZEI-6-MM8175,Common,Diver,Rabbit Tracy,White,Public
5707,ZEI-6-MM4354,Common,Diver,Dog Morgan,Black,Public
5708,ZEI-6-MM3809,Common,Diver,Rabbit Logan,White,Public
5709,ZEI-6-MM2356,Common,Plumber,Dog Bailey,White,Public
5710,ZEI-6-MM5766,Common,Plumber,Rabbit Tracy,White,Public
5711,ZEI-6-MM7115,Common,Plumber,Dog Hunter,White,Public
5712,ZEI-6-MM3376,Common,Plumber,Dog Noel,White,Public
5713,ZEI-6-MM9249,Common,Plumber,Monkey Arden,Brown,Public
5714,ZEI-6-MM1850,Common,Plumber,Cat Dylan,Black,Public
5715,ZEI-6-MM6042,Common,Plumber,Monkey Dakota,Black,Public
5716,ZEI-6-MM2447,Common,Plumber,Rabbit Ashton,White,Public
5717,ZEI-6-MM7293,Common,Plumber,Monkey Hayden,Black,Public
5718,ZEI-6-MM8056,Common,Plumber,Cat Adrian,White,Public
5719,ZEI-6-MM2227,Common,Plumber,Monkey Frankie,White,Public
5720,ZEI-6-MM5192,Common,Plumber,Monkey Parker,White,Public
5721,ZEI-6-MM8787,Common,Plumber,Dog Pat,Black,Public
5722,ZEI-6-MM5246,Common,Plumber,Dog Addison,Black,Public
5723,ZEI-6-MM3473,Common,Plumber,Mouse Kerry,Black,Public
5724,ZEI-6-MM4195,Common,Plumber,Mouse Rory,Black,Public
5725,ZEI-6-MM6944,Common,Police Officer,Cat Harper,Black,Public
5726,ZEI-6-MM9736,Common,Police Officer,Dog Noel,White,Public
5727,ZEI-6-MM3348,Common,Police Officer,Monkey Ripley,Black,Public
5728,ZEI-6-MM1768,Common,Police Officer,Dog Addison,Black,Public
5729,ZEI-6-MM2474,Common,Police Officer,Monkey Dakota,Black,Public
5730,ZEI-6-MM5357,Common,Police Officer,Dog Morgan,Black,Public
5731,ZEI-6-MM7976,Common,Police Officer,Dog Pat,Black,Public
5732,ZEI-6-MM9345,Common,Police Officer,Mouse Spencer,White,Public
5733,ZEI-6-MM7924,Common,Police Officer,Monkey Hayden,Black,Public
5734,ZEI-6-MM3262,Common,Police Officer,Monkey Blake,Black,Public
5735,ZEI-6-MM2996,Common,Police Officer,Cat Adrian,White,Public
5736,ZEI-6-MM4465,Common,Police Officer,Mouse Avery,White,Public
5737,ZEI-6-MM4552,Common,Police Officer,Rabbit Finley,Black,Public
5738,ZEI-6-MM9538,Common,Police Officer,Dog Drew,White,Public
5739,ZEI-6-MM6948,Common,Police Officer,Rabbit Peyton,Black,Public
5740,ZEI-6-MM2190,Common,Police Officer,Owl Devin,White,Public
5741,ZEI-6-MM5982,Common,Police Officer,Owl Aubrey,Black,Public
5742,ZEI-6-MM4685,Common,Mountaineer,Rabbit Finley,Black,Public
5743,ZEI-6-MM8548,Common,Mountaineer,Mouse Avery,White,Public
5744,ZEI-6-MM1625,Common,Mountaineer,Rabbit Ashton,White,Public
5745,ZEI-6-MM4824,Common,Mountaineer,Mouse Mackenzie,White,Public
5746,ZEI-6-MM2989,Common,Mountaineer,Dog Morgan,White,Public
5747,ZEI-6-MM3689,Common,Mountaineer,Monkey Parker,White,Public
5748,ZEI-6-MM6788,Common,Mountaineer,Cat Harper,Black,Public
5749,ZEI-6-MM7315,Common,Mountaineer,Dog Drew,White,Public
5750,ZEI-6-MM4409,Common,Mountaineer,Cat Dylan,Black,Public
5751,ZEI-6-MM6839,Common,Mountaineer,Dog Bailey,White,Public
5752,ZEI-6-MM2209,Common,Mountaineer,Cat Blair,Black,Public
5753,ZEI-6-MM7359,Common,Mountaineer,Rabbit Logan,White,Public
5754,ZEI-6-MM3104,Common,Mountaineer,Monkey Arden,Brown,Public
5755,ZEI-6-MM2288,Common,Mountaineer,Cat Adrian,White,Public
5756,ZEI-6-MM1265,Common,Mountaineer,Monkey Frankie,White,Public
5757,ZEI-6-MM7516,Common,Mountaineer,Monkey Dakota,Black,Public
5758,ZEI-6-MM4238,Common,Basketball Player,Dog Emerson,Black,Public
5759,ZEI-6-MM8637,Common,Basketball Player,Monkey Parker,White,Public
5760,ZEI-6-MM9476,Common,Basketball Player,Mouse Rory,Black,Public
5761,ZEI-6-MM2896,Common,Basketball Player,Owl Devin,White,Public
5762,ZEI-6-MM5117,Common,Basketball Player,Monkey Dakota,Black,Public
5763,ZEI-6-MM1347,Common,Basketball Player,Dog Kai,Black,Public
5764,ZEI-6-MM2429,Common,Basketball Player,Owl Aubrey,Black,Public
5765,ZEI-6-MM7054,Common,Basketball Player,Owl Taylor Brown,Brown,Public
5766,ZEI-6-MM1329,Common,Basketball Player,Cat Lane,Black,Public
5767,ZEI-6-MM9298,Common,Basketball Player,Rabbit Peyton,Black,Public
5768,ZEI-6-MM4944,Common,Basketball Player,Cat Adrian,White,Public
5769,ZEI-6-MM5398,Common,Basketball Player,Rabbit Logan,White,Public
5770,ZEI-6-MM9648,Common,Basketball Player,Monkey Frankie,White,Public
5771,ZEI-6-MM2292,Common,Basketball Player,Monkey Charlie,Brown,Public
5772,ZEI-6-MM6416,Common,Basketball Player,Cat Ellis,White,Public
5773,ZEI-6-MM9528,Common,Basketball Player,Cat Dylan,Black,Public
5774,ZEI-6-MM3610,Common,Basketball Player,Dog Pat,Black,Public
5775,ZEI-6-MM5940,Common,Basketball Player,Rabbit Kyle,Black,Public
5776,ZEI-6-MM7462,Common,Basketball Player,Cat Ellis,White,Public
5777,ZEI-6-MM2427,Common,Basketball Player,Monkey Ripley,Black,Public
5778,ZEI-6-MM8907,Common,Basketball Player,Mouse Avery,White,Public
5779,ZEI-6-MM7310,Common,Basketball Player,Cat Lane,Black,Public
5780,ZEI-6-MM1066,Common,Basketball Player,Cat Rowan,Black,Public
5781,ZEI-6-MM8040,Common,Basketball Player,Mouse Rory,Black,Public
5782,ZEI-6-MM2421,Common,Basketball Player,Mouse Mackenzie,White,Public
5783,ZEI-6-MM8571,Common,Basketball Player,Owl Aubrey,Black,Public
5784,ZEI-6-MM7460,Common,Basketball Player,Monkey Hayden,Black,Public
5785,ZEI-6-MM5808,Common,Basketball Player,Bear Riley,Black,Public
5786,ZEI-6-MM6786,Common,Basketball Player,Dog Kai,Black,Public
5787,ZEI-6-MM3394,Common,Basketball Player,Cat Skyler,White,Public
5788,ZEI-6-MM6578,Common,Basketball Player,Rabbit Jesse,White,Public
5789,ZEI-6-MM7340,Common,Basketball Player,Owl Taylor Brown,Brown,Public
5790,ZEI-6-MM6755,Common,Soccer Player,Monkey Charlie,Brown,Public
5791,ZEI-6-MM3352,Common,Soccer Player,Dog Drew,White,Public
5792,ZEI-6-MM8089,Common,Soccer Player,Cat Adrian,White,Public
5793,ZEI-6-MM7960,Common,Soccer Player,Monkey Hayden,Black,Public
5794,ZEI-6-MM4645,Common,Soccer Player,Dog Pat,Black,Public
5795,ZEI-6-MM7689,Common,Soccer Player,Rabbit Kyle,Black,Public
5796,ZEI-6-MM6777,Common,Soccer Player,Mouse Rory,Black,Public
5797,ZEI-6-MM1312,Common,Soccer Player,Cat Dylan,Black,Public
5798,ZEI-6-MM8705,Common,Soccer Player,Cat Blair,Black,Public
5799,ZEI-6-MM5016,Common,Soccer Player,Monkey Parker,White,Public
5800,ZEI-6-MM8886,Common,Soccer Player,Dog Kai,Black,Public
5801,ZEI-6-MM2752,Common,Soccer Player,Monkey Arden,Brown,Public
5802,ZEI-6-MM2322,Common,Soccer Player,Cat Skyler,White,Public
5803,ZEI-6-MM8466,Common,Soccer Player,Bear Riley,Black,Public
5804,ZEI-6-MM6859,Common,Soccer Player,Dog Addison,Black,Public
5805,ZEI-6-MM5834,Common,Soccer Player,Cat Blair,Black,Public
5806,ZEI-6-MM9470,Common,Soccer Player,Cat Harper,Black,Public
5807,ZEI-6-MM5798,Common,Soccer Player,Cat Marley,White,Public
5808,ZEI-6-MM2789,Common,Soccer Player,Rabbit Peyton,Black,Public
5809,ZEI-6-MM3714,Common,Soccer Player,Owl Devin,White,Public
5810,ZEI-6-MM9940,Common,Soccer Player,Dog Pat,Black,Public
5811,ZEI-6-MM3026,Common,Soccer Player,Monkey Blake,Black,Public
5812,ZEI-6-MM8715,Common,Soccer Player,Monkey Arden,Brown,Public
5813,ZEI-6-MM4027,Common,Soccer Player,Rabbit Logan,White,Public
5814,ZEI-6-MM8427,Common,Soccer Player,Owl Aubrey,Black,Public
5815,ZEI-6-MM3979,Common,Soccer Player,Dog Noel,White,Public
5816,ZEI-6-MM3561,Common,Soccer Player,Rabbit Jesse,White,Public
5817,ZEI-6-MM4348,Common,Soccer Player,Cat Ellis,White,Public
5818,ZEI-6-MM8172,Common,Soccer Player,Mouse Mackenzie,White,Public
5819,ZEI-6-MM8658,Common,Soccer Player,Mouse Kerry,Black,Public
5820,ZEI-6-MM7232,Common,Soccer Player,Cat Jamie,White,Public
5821,ZEI-6-MM3783,Common,Soccer Player,Cat Skyler,White,Public
5822,ZEI-6-MM3433,Common,Soccer Player,Rabbit Finley,Black,Public
5823,ZEI-6-MM4584,Common,Soccer Player,Cat Adrian,White,Public
5824,ZEI-6-MM6064,Common,Soccer Player,Monkey Charlie,Brown,Public
5825,ZEI-6-MM7518,Common,Tennis Player,Monkey Ripley,Black,Public
5826,ZEI-6-MM3907,Common,Tennis Player,Dog Bailey,White,Public
5827,ZEI-6-MM1977,Common,Tennis Player,Cat Rowan,Black,Public
5828,ZEI-6-MM4303,Common,Tennis Player,Dog Addison,Black,Public
5829,ZEI-6-MM9447,Common,Tennis Player,Cat Lane,Black,Public
5830,ZEI-6-MM6378,Common,Tennis Player,Cat Casey,White,Public
5831,ZEI-6-MM6246,Common,Tennis Player,Cat Adrian,White,Public
5832,ZEI-6-MM8411,Common,Tennis Player,Dog Kai,Black,Public
5833,ZEI-6-MM5289,Common,Tennis Player,Mouse Avery,White,Public
5834,ZEI-6-MM4530,Common,Tennis Player,Cat Blair,Black,Public
5835,ZEI-6-MM3994,Common,Tennis Player,Rabbit Ashton,White,Public
5836,ZEI-6-MM4508,Common,Tennis Player,Cat Harper,Black,Public
5837,ZEI-6-MM1807,Common,Tennis Player,Monkey Arden,Brown,Public
5838,ZEI-6-MM3700,Common,Tennis Player,Rabbit Finley,Black,Public
5839,ZEI-6-MM3942,Common,Tennis Player,Dog Bailey,White,Public
5840,ZEI-6-MM5693,Common,Tennis Player,Cat Harper,Black,Public
5841,ZEI-6-MM2164,Common,Tennis Player,Cat Lane,Black,Public
5842,ZEI-6-MM4351,Common,Tennis Player,Rabbit Tracy,White,Public
5843,ZEI-6-MM6154,Common,Tennis Player,Monkey Blake,Black,Public
5844,ZEI-6-MM3378,Common,Tennis Player,Monkey Dakota,Black,Public
5845,ZEI-6-MM8188,Common,Tennis Player,Bear Dana,White,Public
5846,ZEI-6-MM6979,Common,Tennis Player,Rabbit Kyle,Black,Public
5847,ZEI-6-MM7043,Common,Tennis Player,Cat Dylan,Black,Public
5848,ZEI-6-MM9505,Common,Tennis Player,Owl Aubrey,Black,Public
5849,ZEI-6-MM8460,Common,Tennis Player,Dog Cameron,Black,Public
5850,ZEI-6-MM3726,Common,Tennis Player,Cat Skyler,White,Public
5851,ZEI-6-MM6985,Common,Tennis Player,Cat Blair,Black,Public
5852,ZEI-6-MM7608,Common,Tennis Player,Dog Morgan,White,Public
5853,ZEI-6-MM6818,Common,Tennis Player,Dog Kai,Black,Public
5854,ZEI-6-MM6113,Common,Tennis Player,Cat Jamie,White,Public
5855,ZEI-6-MM2086,Common,Tennis Player,Mouse Rory,Black,Public
5856,ZEI-6-MM6059,Common,Tennis Player,Dog Emerson,Black,Public
5857,ZEI-6-MM7858,Common,Tennis Player,Dog Drew,White,Public
5858,ZEI-6-MM7560,Common,Gangster,Monkey Parker,White,Public
5859,ZEI-6-MM9756,Common,Gangster,Monkey Dakota,Black,Public
5860,ZEI-6-MM2299,Common,Gangster,Cat Lane,Black,Public
5861,ZEI-6-MM7170,Common,Gangster,Monkey Frankie,White,Public
5862,ZEI-6-MM5892,Common,Gangster,Mouse Rory,Black,Public
5863,ZEI-6-MM4713,Common,Gangster,Rabbit Jesse,White,Public
5864,ZEI-6-MM7437,Common,Gangster,Owl Aubrey,Black,Public
5865,ZEI-6-MM8782,Common,Gangster,Rabbit Peyton,Black,Public
5866,ZEI-6-MM5100,Common,Gangster,Dog Emerson,Black,Public
5867,ZEI-6-MM6051,Common,Gangster,Dog Kai,Black,Public
5868,ZEI-6-MM8710,Common,Gangster,Dog Bailey,White,Public
5869,ZEI-6-MM4598,Common,Gangster,Cat Casey,White,Public
5870,ZEI-6-MM4662,Common,Gangster,Monkey Ripley,Black,Public
5871,ZEI-6-MM2160,Common,Gangster,Owl Taylor,Black,Public
5872,ZEI-6-MM3617,Common,Gangster,Monkey Blake,Black,Public
5873,ZEI-6-MM9388,Common,Gangster,Rabbit Logan,White,Public
5874,ZEI-6-MM3489,Common,Gangster,Rabbit Tracy,White,Public
5875,ZEI-6-MM5775,Common,Gangster,Cat Dylan,Black,Public
5876,ZEI-6-MM7486,Common,Thief,Cat Marley,White,Public
5877,ZEI-6-MM7983,Common,Thief,Rabbit Jesse,White,Public
5878,ZEI-6-MM8093,Common,Thief,Cat Jamie,White,Public
5879,ZEI-6-MM5422,Common,Thief,Rabbit Logan,White,Public
5880,ZEI-6-MM2690,Common,Thief,Monkey Parker,White,Public
5881,ZEI-6-MM4699,Common,Thief,Mouse Mackenzie,White,Public
5882,ZEI-6-MM2328,Common,Thief,Cat Dylan,Black,Public
5883,ZEI-6-MM6633,Common,Thief,Rabbit Finley,Black,Public
5884,ZEI-6-MM8949,Common,Thief,Monkey Hayden,Black,Public
5885,ZEI-6-MM8404,Common,Thief,Monkey Charlie,Brown,Public
5886,ZEI-6-MM9116,Common,Thief,Mouse Rory,Black,Public
5887,ZEI-6-MM6389,Common,Thief,Dog Morgan,White,Public
5888,ZEI-6-MM7212,Common,Thief,Owl Devin,White,Public
5889,ZEI-6-MM3395,Common,Thief,Dog Kai,Black,Public
5890,ZEI-6-MM6491,Common,Thief,Dog Cameron,Black,Public
5891,ZEI-6-MM9689,Common,Thief,Rabbit Peyton,Black,Public
5892,ZEI-6-MM7083,Common,Citizen,Rabbit Kyle,Black,Public
5893,ZEI-6-MM5922,Common,Citizen,Owl Taylor Brown,Brown,Public
5894,ZEI-6-MM9949,Common,Citizen,Cat Harper,Black,Public
5895,ZEI-6-MM8459,Common,Citizen,Cat Blair,Black,Public
5896,ZEI-6-MM2111,Common,Citizen,Cat Casey,White,Public
5897,ZEI-6-MM3808,Common,Citizen,Mouse Spencer,White,Public
5898,ZEI-6-MM5963,Common,Citizen,Cat Lane,Black,Public
5899,ZEI-6-MM3435,Common,Citizen,Cat Rowan,Black,Public
5900,ZEI-6-MM1690,Common,Citizen,Cat Marley,White,Public
5901,ZEI-6-MM8505,Common,Citizen,Dog Bailey,White,Public
5902,ZEI-6-MM7456,Common,Citizen,Monkey Dakota,Black,Public
5903,ZEI-6-MM7147,Common,Citizen,Mouse Kerry,Black,Public
5904,ZEI-6-MM6091,Common,Citizen,Cat Ellis,White,Public
5905,ZEI-6-MM1663,Common,Citizen,Cat Dylan,Black,Public
5906,ZEI-6-MM4315,Common,Citizen,Monkey Blake,Black,Public
5907,ZEI-6-MM5129,Common,Citizen,Dog Kai,Black,Public
5908,ZEI-6-MM7763,Common,Citizen,Rabbit Jesse,White,Public
5909,ZEI-6-MM6326,Common,Citizen,Dog Cameron,Black,Public
5910,ZEI-6-MM3778,Common,Citizen,Cat Blair,Black,Public
5911,ZEI-6-MM6746,Common,Citizen,Rabbit Kyle,Black,Public
5912,ZEI-6-MM7816,Common,Citizen,Rabbit Ashton,White,Public
5913,ZEI-6-MM2094,Common,Citizen,Cat Adrian,White,Public
5914,ZEI-6-MM9784,Common,Citizen,Cat Casey,White,Public
5915,ZEI-6-MM2296,Common,Citizen,Rabbit Finley,Black,Public
5916,ZEI-6-MM5017,Common,Citizen,Rabbit Jesse,White,Public
5917,ZEI-6-MM6563,Common,Citizen,Cat Rowan,Black,Public
5918,ZEI-6-MM3657,Common,Citizen,Rabbit Tracy,White,Public
5919,ZEI-6-MM9636,Common,Citizen,Dog Emerson,Black,Public
5920,ZEI-6-MM9489,Common,Citizen,Owl Aubrey,Black,Public
5921,ZEI-6-MM2537,Common,Citizen,Monkey Blake,Black,Public
5922,ZEI-6-MM4778,Common,Riot Police,Mouse Rory,Black,Public
5923,ZEI-6-MM8913,Common,Riot Police,Cat Ellis,White,Public
5924,ZEI-6-MM3725,Common,Riot Police,Rabbit Jesse,White,Public
5925,ZEI-6-MM2928,Common,Riot Police,Monkey Ripley,Black,Public
5926,ZEI-6-MM4776,Common,Riot Police,Dog Kai,Black,Public
5927,ZEI-6-MM7342,Common,Riot Police,Dog Hunter,White,Public
5928,ZEI-6-MM1273,Common,Riot Police,Mouse Kerry,Black,Public
5929,ZEI-6-MM5244,Common,Riot Police,Mouse Mackenzie,White,Public
5930,ZEI-6-MM5411,Common,Riot Police,Dog Addison,Black,Public
5931,ZEI-6-MM3370,Common,Riot Police,Monkey Blake,Black,Public
5932,ZEI-6-MM2383,Common,Riot Police,Dog Bailey,White,Public
5933,ZEI-6-MM4080,Common,Riot Police,Monkey Parker,White,Public
5934,ZEI-6-MM1943,Common,Riot Police,Cat Marley,White,Public
5935,ZEI-6-MM2500,Common,Riot Police,Bear Riley,Black,Public
5936,ZEI-6-MM8810,Common,Riot Police,Cat Jamie,White,Public
5937,ZEI-6-MM3888,Common,Student,Dog Noel,White,Public
5938,ZEI-6-MM9532,Common,Student,Cat Adrian,White,Public
5939,ZEI-6-MM5945,Common,Student,Dog Morgan,White,Public
5940,ZEI-6-MM5891,Common,Student,Mouse Kerry,Black,Public
5941,ZEI-6-MM5261,Common,Student,Monkey Ripley,Black,Public
5942,ZEI-6-MM2823,Common,Student,Rabbit Jesse,White,Public
5943,ZEI-6-MM3515,Common,Student,Cat Harper,Black,Public
5944,ZEI-6-MM9199,Common,Student,Dog Emerson,Black,Public
5945,ZEI-6-MM5449,Common,Student,Owl Aubrey,Black,Public
5946,ZEI-6-MM1037,Common,Student,Cat Ellis,White,Public
5947,ZEI-6-MM6109,Common,Student,Monkey Arden,Brown,Public
5948,ZEI-6-MM3625,Common,Student,Rabbit Logan,White,Public
5949,ZEI-6-MM2937,Common,Student,Owl Devin,White,Public
5950,ZEI-6-MM9167,Common,Student,Monkey Blake,Black,Public
5951,ZEI-6-MM9793,Common,Student,Monkey Dakota,Black,Public
5952,ZEI-6-MM1681,Common,Student,Cat Casey,White,Public
5953,ZEI-6-MM1300,Common,Student,Mouse Avery,White,Public
5954,ZEI-6-MM6350,Common,Student,Mouse Kerry,Black,Public
5955,ZEI-6-MM6689,Common,Student,Cat Harper,Black,Public
5956,ZEI-6-MM2367,Common,Student,Rabbit Logan,White,Public
5957,ZEI-6-MM8258,Common,Student,Cat Skyler,White,Public
5958,ZEI-6-MM4314,Common,Student,Monkey Parker,White,Public
5959,ZEI-6-MM2327,Common,Student,Dog Cameron,Black,Public
5960,ZEI-6-MM6316,Common,Student,Dog Drew,White,Public
5961,ZEI-6-MM2212,Common,Student,Dog Noel,White,Public
5962,ZEI-6-MM1589,Common,Student,Monkey Charlie,Brown,Public
5963,ZEI-6-MM4792,Common,Student,Monkey Arden,Brown,Public
5964,ZEI-6-MM4164,Common,Student,Monkey Hayden,Black,Public
5965,ZEI-6-MM7472,Common,Student,Rabbit Kyle,Black,Public
5966,ZEI-6-MM7577,Common,Student,Dog Morgan,Black,Public
5967,ZEI-6-MM6262,Common,Student,Rabbit Finley,Black,Public
5968,ZEI-6-MM2718,Common,Student,Cat Jamie,White,Public
5969,ZEI-6-MM5131,Common,Student,Dog Emerson,Black,Public
5970,ZEI-6-MM8719,Common,Student,Bear Dana,White,Public
5971,ZEI-6-MM6248,Common,Citizen,Dog Cameron,Black,Public
5972,ZEI-6-MM7833,Common,Citizen,Bear Dana,White,Public
5973,ZEI-6-MM7841,Common,Citizen,Owl Taylor Brown,Brown,Public
5974,ZEI-6-MM5768,Common,Citizen,Mouse Mackenzie,White,Public
5975,ZEI-6-MM9441,Common,Citizen,Dog Addison,Black,Public
5976,ZEI-6-MM3462,Common,Citizen,Dog Hunter,White,Public
5977,ZEI-6-MM3788,Common,Citizen,Mouse Rory,Black,Public
5978,ZEI-6-MM5036,Common,Citizen,Cat Marley,White,Public
5979,ZEI-6-MM1008,Common,Citizen,Cat Casey,White,Public
5980,ZEI-6-MM7925,Common,Citizen,Monkey Parker,White,Public
5981,ZEI-6-MM4365,Common,Citizen,Rabbit Tracy,White,Public
5982,ZEI-6-MM1356,Common,Citizen,Rabbit Ashton,White,Public
5983,ZEI-6-MM8970,Common,Citizen,Rabbit Logan,White,Public
5984,ZEI-6-MM8674,Common,Citizen,Mouse Avery,White,Public
5985,ZEI-6-MM6736,Common,Citizen,Bear Riley,Black,Public
5986,ZEI-6-MM8538,Common,Citizen,Dog Morgan,Black,Public
5987,ZEI-6-MM2145,Common,Citizen,Dog Pat,Black,Public
5988,ZEI-6-MM9511,Common,Citizen,Mouse Kerry,Black,Public
5989,ZEI-6-MM9358,Common,Citizen,Dog Kai,Black,Public
5990,ZEI-6-MM8169,Common,Citizen,Owl Taylor,Black,Public
5991,ZEI-6-MM2419,Common,Citizen,Dog Morgan,Black,Public
5992,ZEI-6-MM6706,Common,Citizen,Cat Ellis,White,Public
5993,ZEI-6-MM4082,Common,Citizen,Dog Cameron,Black,Public
5994,ZEI-6-MM9750,Common,Citizen,Cat Dylan,Black,Public
5995,ZEI-6-MM4106,Common,Citizen,Monkey Arden,Brown,Public
5996,ZEI-6-MM8616,Common,Citizen,Dog Noel,White,Public
5997,ZEI-6-MM7381,Common,Citizen,Rabbit Jesse,White,Public
5998,ZEI-6-MM2351,Common,Citizen,Dog Drew,White,Public
5999,ZEI-6-MM7366,Common,Citizen,Rabbit Finley,Black,Public
6000,ZEI-6-MM6261,Common,Citizen,Cat Harper,Black,Public
6001,ZEI-6-MM3157,Common,Citizen,Owl Devin,White,Public
6002,ZEI-6-MM3360,Common,Citizen,Monkey Charlie,Brown,Public
6003,ZEI-6-MM6279,Common,Ganster,Cat Lane,Black,Public
6004,ZEI-6-MM1015,Common,Ganster,Monkey Blake,Black,Public
6005,ZEI-6-MM6018,Common,Ganster,Monkey Charlie,Brown,Public
6006,ZEI-6-MM5970,Common,Ganster,Monkey Ripley,Black,Public
6007,ZEI-6-MM2408,Common,Ganster,Cat Ellis,White,Public
6008,ZEI-6-MM9341,Common,Ganster,Cat Rowan,Black,Public
6009,ZEI-6-MM8915,Common,Ganster,Cat Dylan,Black,Public
6010,ZEI-6-MM1281,Common,Ganster,Rabbit Jesse,White,Public
6011,ZEI-6-MM3028,Common,Ganster,Monkey Hayden,Black,Public
6012,ZEI-6-MM2416,Common,Ganster,Bear Riley,Black,Public
6013,ZEI-6-MM2527,Common,Ganster,Monkey Arden,Brown,Public
6014,ZEI-6-MM1854,Common,Ganster,Dog Bailey,White,Public
6015,ZEI-6-MM3618,Common,Ganster,Bear Dana,White,Public
6016,ZEI-6-MM7883,Common,Ganster,Cat Adrian,White,Public
6017,ZEI-6-MM7797,Common,Ganster,Rabbit Tracy,White,Public
6018,ZEI-6-MM3110,Common,Ganster,Rabbit Ashton,White,Public
6019,ZEI-6-MM6585,Common,Ganster,Cat Skyler,White,Public
6020,ZEI-6-MM1268,Common,Ganster,Dog Cameron,Black,Public